source,key/id,uk,ru,en,pl,note
dict,+ Додати винагороду,+ Додати винагороду,+ Добавить награду,+ Add reward,+ Dodaj nagrodę,
dict,+ Додати ціль,+ Додати ціль,+ Добавить цель,+ Add goal,+ Dodaj cel,
dict,+ Нова ціль,+ Нова ціль,+ Новая цель,+ New goal,+ Nowy cel,
dict,+ Створити челендж,+ Створити челендж,+ Создать челлендж,+ Create a challenge,+ Utwórz wyzwanie,
dict,1 очко досвіду = 1 хвилина практики,1 очко досвіду = 1 хвилина практики,1 очко опыта = 1 минута практики,1 XP point = 1 minute of practice,1 punkt doświadczenia = 1 minuta praktyki,
dict,1 практика холоду,1 практика холоду,1 практика холода,1 cold practice,1 praktyka zimna,
dict,1 сесія спокою,1 сесія спокою,1 сессия спокойствия,1 calm session,1 sesja spokoju,
dict,1 хв практики = 1 очко. Ось як воно ділиться між навичками.,1 хв практики = 1 очко. Ось як воно ділиться між навичками.,1 мин практики = 1 очко. Вот как оно делится между навыками.,1 min of practice = 1 point. Here's how it's split across skills.,1 min praktyki = 1 punkt. Oto jak dzieli się między umiejętności.,
dict,1 хв у холоді,1 хв у холоді,1 мин в холоде,1 min in cold,1 min w zimnie,
dict,1 — Смак,1 — Смак,1 — Вкус,1 — Taste,1 — Smak,
dict,10 год сумарно,10 год сумарно,10 ч суммарно,10 h total,10 h łącznie,
dict,10 годин читання,10 годин читання,10 часов чтения,10 hours of reading,10 godzin czytania,
dict,10 книг,10 книг,10 книг,10 books,10 książek,ru=uk?
dict,10–12 рівень,10–12 рівень,10–12 уровень,Levels 10–12,Poziom 10–12,
dict,10–15 хвилин на день — достатньо для початку,10–15 хвилин на день — достатньо для початку,10–15 минут в день — достаточно для начала,10–15 minutes a day is enough to start,10–15 minut dziennie wystarczy na początek,
dict,10–20 хвилин для перезавантаження,10–20 хвилин для перезавантаження,10–20 минут для перезагрузки,10–20 minutes to reset,10–20 minut na reset,
dict,13–15 рівень,13–15 рівень,13–15 уровень,Levels 13–15,Poziom 13–15,
dict,15 хв,15 хв,15 мин,15 min,15 min,pl=en?
dict,1–3 рівень,1–3 рівень,1–3 уровень,Levels 1–3,Poziom 1–3,
dict,2 — Запах,2 — Запах,2 — Запах,2 — Smell,2 — Zapach,ru=uk?
dict,3 книги,3 книги,3 книги,3 books,3 książki,ru=uk?
dict,3 хв поспіль,3 хв поспіль,3 мин подряд,3 min in a row,3 min z rzędu,
dict,3 — Відчуваю,3 — Відчуваю,3 — Чувствую,3 — Feel,3 — Czuję,
dict,30 днів,30 днів,30 дней,30 days,30 dni,
dict,30 хв,30 хв,30 мин,30 min,30 min,pl=en?
dict,300 хв вправ,300 хв вправ,300 мин упражнений,300 min of exercise,300 min ćwiczeń,
dict,4 — Чую,4 — Чую,4 — Слышу,4 — Hear,4 — Słyszę,
dict,"40 Гц повʼязують із памʼяттю, концентрацією та ясністю мислення — це найкраще досліджений діапазон серед бінаурал-ритмів. Слухають для глибокої розумової роботи.","40 Гц повʼязують із памʼяттю, концентрацією та ясністю мислення — це найкраще досліджений діапазон серед бінаурал-ритмів. Слухають для глибокої розумової роботи.","40 Гц связывают с памятью, концентрацией и ясностью мышления — это наиболее изученный диапазон среди бинаурал-ритмов. Слушают для глубокой умственной работы.","40 Hz is linked to memory, concentration and clarity of thought — the best-studied range among binaural beats. People listen for deep mental work.","40 Hz wiąże się z pamięcią, koncentracją i jasnością myślenia — to najlepiej zbadany zakres wśród rytmów binauralnych. Słucha się do głębokiej pracy umysłowej.",
dict,4–6 рівень,4–6 рівень,4–6 уровень,Levels 4–6,Poziom 4–6,
dict,5 год сумарно,5 год сумарно,5 ч суммарно,5 h total,5 h łącznie,
dict,5 хв,5 хв,5 мин,5 min,5 min,pl=en?
dict,5 — Бачу,5 — Бачу,5 — Вижу,5 — See,5 — Widzę,
dict,"5–10 хвилин надворі вранці дають набагато більше люксів, ніж кімнатне освітлення, навіть у хмарну погоду.","5–10 хвилин надворі вранці дають набагато більше люксів, ніж кімнатне освітлення, навіть у хмарну погоду.","5–10 минут на улице утром дают намного больше люксов, чем комнатное освещение, даже в пасмурную погоду.","5–10 minutes outdoors in the morning gives far more lux than indoor lighting, even on a cloudy day.","5–10 minut na zewnątrz rano daje znacznie więcej luksów niż oświetlenie w pomieszczeniu, nawet w pochmurny dzień.",
dict,5–10 хвилин надворі — вже багато,5–10 хвилин надворі — вже багато,5–10 минут на улице — уже много,5–10 minutes outdoors is plenty,5–10 minut na zewnątrz to już dużo,
dict,60 хвилин,60 хвилин,60 минут,60 minutes,60 minut,
dict,600 хв,600 хв,600 мин,600 min,600 min,pl=en?
dict,600 хв холоду,600 хв холоду,600 мин холода,600 min of cold,600 min zimna,
dict,7 днів,7 днів,7 дней,7 days,7 dni,
dict,7 днів холоду,7 днів холоду,7 дней холода,7 days of cold,7 dni zimna,
dict,7–9 рівень,7–9 рівень,7–9 уровень,Levels 7–9,Poziom 7–9,
dict,8 годин (фон),8 годин (фон),8 часов (фон),8 hours (background),8 godzin (tło),
dict,90 днів,90 днів,90 дней,90 days,90 dni,
dict,"HRV індивідуальна, тож порівнюй із собою, а не з іншими. Найбільше на неї впливають сон, дихання, рух і відновлення.","HRV індивідуальна, тож порівнюй із собою, а не з іншими. Найбільше на неї впливають сон, дихання, рух і відновлення.","HRV индивидуальна, поэтому сравнивай с собой, а не с другими. Больше всего на неё влияют сон, дыхание, движение и восстановление.","HRV is individual, so compare with yourself, not others. Sleep, breathing, movement and recovery affect it most.","HRV jest indywidualne, więc porównuj z sobą, a nie z innymi. Najbardziej wpływają na nie sen, oddech, ruch i regeneracja.",
dict,HRV — вікно у нервову систему,HRV — вікно у нервову систему,HRV — окно в нервную систему,HRV is a window into the nervous system,HRV to okno na układ nerwowy,
dict,"HRV — це варіація інтервалів між ударами серця. Вища HRV зазвичай означає, що тіло легко перемикається між мобілізацією й відновленням.","HRV — це варіація інтервалів між ударами серця. Вища HRV зазвичай означає, що тіло легко перемикається між мобілізацією й відновленням.","HRV — это вариация интервалов между ударами сердца. Более высокая HRV обычно означает, что тело легко переключается между мобилизацией и восстановлением.",HRV is the variation in intervals between heartbeats. Higher HRV usually means the body switches easily between mobilization and recovery.,"HRV to zmienność odstępów między uderzeniami serca. Wyższe HRV zwykle oznacza, że ciało łatwo przełącza się między mobilizacją a regeneracją.",
dict,"NSDR (non-sleep deep rest) — це спокійне лежання з керуванням увагою й диханням. Воно знижує збудження й допомагає відновитися, навіть без справжнього сну.","NSDR (non-sleep deep rest) — це спокійне лежання з керуванням увагою й диханням. Воно знижує збудження й допомагає відновитися, навіть без справжнього сну.","NSDR (non-sleep deep rest) — это спокойное лежание с управлением вниманием и дыханием. Оно снижает возбуждение и помогает восстановиться, даже без настоящего сна.","NSDR (non-sleep deep rest) is calm lying down with guided attention and breathing. It lowers arousal and helps you recover, even without real sleep.","NSDR (non-sleep deep rest) to spokojne leżenie z prowadzeniem uwagi i oddechu. Obniża pobudzenie i pomaga się zregenerować, nawet bez prawdziwego snu.",
dict,NSDR / йога-нідра для відновлення вдень,NSDR / йога-нідра для відновлення вдень,NSDR / йога-нидра для восстановления днём,NSDR / yoga nidra for daytime recovery,NSDR / joga nidra do regeneracji w ciągu dnia,
dict,"Resonance перетворює реальні практики — дихання, холод, рух, медитацію, читання — на досвід і рівні. Прокачуєш не аватар, а себе. Сталість важливіша за інтенсивність.","Resonance перетворює реальні практики — дихання, холод, рух, медитацію, читання — на досвід і рівні. Прокачуєш не аватар, а себе. Сталість важливіша за інтенсивність.","Resonance превращает реальные практики — дыхание, холод, движение, медитацию, чтение — в опыт и уровни. Прокачиваешь не аватар, а себя. Постоянство важнее интенсивности.","Resonance turns real practices — breathing, cold, movement, meditation, reading — into experience and levels. You level up yourself, not an avatar. Consistency beats intensity.","Resonance zamienia realne praktyki — oddech, zimno, ruch, medytację, czytanie — w doświadczenie i poziomy. Rozwijasz nie awatar, lecz siebie. Systematyczność ważniejsza niż intensywność.",
dict,Resonance — звіт,Resonance — звіт,Resonance — отчёт,Resonance — report,Resonance — raport,
dict,"Resonance — це персональний компаньйон для тілесних і ментальних практик. Ідея проста: ти — свій персонаж, і прокачуєш не аватар, а себе.","Resonance — це персональний компаньйон для тілесних і ментальних практик. Ідея проста: ти — свій персонаж, і прокачуєш не аватар, а себе.","Resonance — это персональный компаньон для телесных и ментальных практик. Идея проста: ты — свой персонаж, и прокачиваешь не аватар, а себя.","Resonance is a personal companion for physical and mental practices. The idea is simple: you are your character, and you level up yourself, not an avatar.","Resonance to osobisty towarzysz praktyk cielesnych i mentalnych. Idea jest prosta: to ty jesteś swoją postacią i rozwijasz nie awatar, lecz siebie.",
dict,"Russo et al., 2017 — Breathe (огляд)","Russo et al., 2017 — Breathe (огляд)","Russo et al., 2017 — Breathe (обзор)","Russo et al., 2017 — Breathe (review)","Russo et al., 2017 — Breathe (przegląd)",
dict,Solfeggio / 432 Гц — без доказів,Solfeggio / 432 Гц — без доказів,Solfeggio / 432 Гц — без доказательств,Solfeggio / 432 Hz — no evidence,Solfeggio / 432 Hz — bez dowodów,
dict,"Solfeggio-тон, повʼязаний із відновленням.","Solfeggio-тон, повʼязаний із відновленням.","Solfeggio-тон, связанный с восстановлением.",A Solfeggio tone associated with recovery.,Ton Solfeggio związany z regeneracją.,
dict,"Solfeggio-тони (174–963 Гц) — традиція, а не доведена наука: прямого фізіологічного ефекту немає. Але приємна музика й усвідомлене слухання реально розслабляють.","Solfeggio-тони (174–963 Гц) — традиція, а не доведена наука: прямого фізіологічного ефекту немає. Але приємна музика й усвідомлене слухання реально розслабляють.","Solfeggio-тоны (174–963 Гц) — традиция, а не доказанная наука: прямого физиологического эффекта нет. Но приятная музыка и осознанное слушание реально расслабляют.","Solfeggio tones (174–963 Hz) are tradition, not proven science: there's no direct physiological effect. But pleasant music and mindful listening really do relax you.","Tony Solfeggio (174–963 Hz) to tradycja, a nie udowodniona nauka: nie ma bezpośredniego efektu fizjologicznego. Ale przyjemna muzyka i świadome słuchanie naprawdę rozluźniają.",
dict,"«Solfeggio»-частоти та 432 Гц — це сучасний міф без наукового підґрунтя. Цінність прослуховування — у самому ритуалі спокою й уважності, а не в магії конкретних чисел.","«Solfeggio»-частоти та 432 Гц — це сучасний міф без наукового підґрунтя. Цінність прослуховування — у самому ритуалі спокою й уважності, а не в магії конкретних чисел.","«Solfeggio»-частоты и 432 Гц — это современный миф без научного основания. Ценность прослушивания — в самом ритуале спокойствия и внимательности, а не в магии конкретных чисел.","«Solfeggio» frequencies and 432 Hz are a modern myth with no scientific basis. The value of listening is in the ritual of calm and attention, not in the magic of specific numbers.","Częstotliwości „Solfeggio” i 432 Hz to współczesny mit bez naukowych podstaw. Wartość słuchania tkwi w samym rytuale spokoju i uważności, a nie w magii konkretnych liczb.",
dict,«Детокс-частота» — нібито очищує організм і дає ясність. Наукових даних немає.,«Детокс-частота» — нібито очищує організм і дає ясність. Наукових даних немає.,«Детокс-частота» — якобы очищает организм и даёт ясность. Научных данных нет.,The «detox frequency» — supposedly cleanses the body and brings clarity. No scientific data.,„Częstotliwość detoksu” — rzekomo oczyszcza organizm i daje jasność. Brak danych naukowych.,
dict,«Ремонт ДНК» — маркетинговий міф без підтвердженого механізму. Як медитативна музика — приємний і робочий.,«Ремонт ДНК» — маркетинговий міф без підтвердженого механізму. Як медитативна музика — приємний і робочий.,«Ремонт ДНК» — маркетинговый миф без подтверждённого механизма. Как медитативная музыка — приятный и рабочий.,«DNA repair» is a marketing myth with no confirmed mechanism. As meditative music — pleasant and it works.,„Naprawa DNA” to marketingowy mit bez potwierdzonego mechanizmu. Jako muzyka medytacyjna — przyjemny i działa.,
dict,"«Фізіологічне зітхання» — це короткий другий довдих на піку вдиху, а потім повільний видих. Воно розправляє спалі альвеоли й ефективно виводить CO₂, швидко знижуючи збудження.","«Фізіологічне зітхання» — це короткий другий довдих на піку вдиху, а потім повільний видих. Воно розправляє спалі альвеоли й ефективно виводить CO₂, швидко знижуючи збудження.","«Физиологический вздох» — это короткий второй довдох на пике вдоха, а затем медленный выдох. Он расправляет спавшиеся альвеолы и эффективно выводит CO₂, быстро снижая возбуждение.","The «physiological sigh» is a short second inhale at the top of the breath, then a slow exhale. It re-inflates collapsed alveoli and clears CO₂ efficiently, quickly lowering arousal.","„Westchnienie fizjologiczne” to krótki drugi dobór powietrza na szczycie wdechu, a potem powolny wydech. Rozpręża zapadnięte pęcherzyki i skutecznie usuwa CO₂, szybko obniżając pobudzenie.",
dict,«Частота звільнення» — нібито допомагає відпустити страх і провину. Доказів ефективності немає.,«Частота звільнення» — нібито допомагає відпустити страх і провину. Доказів ефективності немає.,«Частота освобождения» — якобы помогает отпустить страх и вину. Доказательств эффективности нет.,The «frequency of release» — supposedly helps let go of fear and guilt. No evidence of effect.,„Częstotliwość uwolnienia” — rzekomo pomaga puścić strach i poczucie winy. Brak dowodów skuteczności.,
dict,«Частота звільнення».,«Частота звільнення».,«Частота освобождения».,The «frequency of release».,„Częstotliwość uwolnienia”.,
dict,«Частота змін» — нібито прибирає негативну енергію. Без наукової бази.,«Частота змін» — нібито прибирає негативну енергію. Без наукової бази.,«Частота перемен» — якобы убирает негативную энергию. Без научной базы.,The «frequency of change» — supposedly removes negative energy. No scientific basis.,„Częstotliwość zmian” — rzekomo usuwa negatywną energię. Bez podstaw naukowych.,
dict,«Частота змін».,«Частота змін».,«Частота перемен».,The «frequency of change».,„Częstotliwość zmian”.,
dict,«Частота очищення».,«Частота очищення».,«Частота очищения».,The «cleansing frequency».,„Częstotliwość oczyszczenia”.,
dict,або,або,или,or,lub,
dict,Або вкажи вручну:,Або вкажи вручну:,Или укажи вручную:,Or enter manually:,Lub podaj ręcznie:,
dict,Або вручну:,Або вручну:,Или вручную:,Or manually:,Lub ręcznie:,
dict,Або конкретна вправа,Або конкретна вправа,Или конкретное упражнение,Or a specific exercise,Lub konkretne ćwiczenie,
dict,Автор,Автор,Автор,Author,Autor,ru=uk?
dict,адміністратор,адміністратор,администратор,admin,administrator,
dict,Акаунт,Акаунт,Аккаунт,Account,Konto,
dict,Акаунт створено. Тепер увійди.,Акаунт створено. Тепер увійди.,Аккаунт создан. Теперь войди.,Account created. Now sign in.,Konto utworzone. Teraz się zaloguj.,
dict,Активне аналітичне мислення й бадьорість під час роботи чи навчання.,Активне аналітичне мислення й бадьорість під час роботи чи навчання.,Активное аналитическое мышление и бодрость во время работы или учёбы.,Active analytical thinking and alertness during work or study.,Aktywne myślenie analityczne i czujność podczas pracy lub nauki.,
dict,Активний помічник — поради на головній,Активний помічник — поради на головній,Активный помощник — советы на главной,Active assistant — tips on the home screen,Aktywny asystent — porady na ekranie głównym,term:помічник/наставник?
dict,активних днів,активних днів,активных дней,active days,aktywnych dni,
dict,активних тижнів,активних тижнів,активных недель,active weeks,aktywnych tygodni,
dict,Активні,Активні,Активные,Active,Aktywne,
dict,Активні цілі,Активні цілі,Активные цели,Active goals,Aktywne cele,
dict,Актуальний,Актуальний,Активный,Active,Aktywne,
dict,Алкоголь,Алкоголь,Алкоголь,Alcohol,Alkohol,ru=uk?
dict,Альтернатива денному сну,Альтернатива денному сну,Альтернатива дневному сну,An alternative to a nap,Alternatywa dla drzemki,
dict,Альтернативний музичний строй (замість стандартних 440 Гц).,Альтернативний музичний строй (замість стандартних 440 Гц).,Альтернативный музыкальный строй (вместо стандартных 440 Гц).,An alternative musical tuning (instead of the standard 440 Hz).,Alternatywny strój muzyczny (zamiast standardowych 440 Hz).,
dict,Альтернативний музичний строй замість 440 Гц. У сліпих тестах різниці у впливі не виявляють.,Альтернативний музичний строй замість 440 Гц. У сліпих тестах різниці у впливі не виявляють.,Альтернативный музыкальный строй вместо 440 Гц. В слепых тестах разницы во влиянии не выявляют.,An alternative musical tuning instead of 440 Hz. Blind tests find no difference in effect.,Alternatywny strój muzyczny zamiast 440 Hz. W testach ślepych nie wykrywa się różnicy w oddziaływaniu.,
dict,"Альфа зʼявляється, коли ти розслаблений і водночас зосереджений. Знижує тривогу, покращує настрій, навчання й творчість. Добре для перерв у роботі та легкої медитації.","Альфа зʼявляється, коли ти розслаблений і водночас зосереджений. Знижує тривогу, покращує настрій, навчання й творчість. Добре для перерв у роботі та легкої медитації.","Альфа появляется, когда ты расслаблен и одновременно сосредоточен. Снижает тревогу, улучшает настроение, обучение и творчество. Хорошо для перерывов в работе и лёгкой медитации.","Alpha appears when you're relaxed and focused at the same time. It lowers anxiety and improves mood, learning and creativity. Good for work breaks and light meditation.","Alfa pojawia się, gdy jesteś zrelaksowany i jednocześnie skupiony. Obniża lęk, poprawia nastrój, naukę i kreatywność. Dobra na przerwy w pracy i lekką medytację.",
dict,Аналіз,Аналіз,Анализ,Analysis,Analiza,
dict,Аналіз тижня ›,Аналіз тижня ›,Анализ недели ›,Weekly review ›,Analiza tygodnia ›,
dict,Аналітика,Аналітика,Аналитика,Analytics,Analityka,
dict,Антистрес,Антистрес,Антистресс,Anti-stress,Antystres,
dict,Антистрес і релаксація,Антистрес і релаксація,Антистресс и релаксация,Anti-stress & relaxation,Antystres i relaksacja,
dict,Асистент (ШІ),Асистент (ШІ),Ассистент (ИИ),Assistant (AI),Asystent (AI),
dict,"Асоціюється з поверненням до внутрішнього чуття, спокоєм і духовним порядком. Слухають для зосередження всередину.","Асоціюється з поверненням до внутрішнього чуття, спокоєм і духовним порядком. Слухають для зосередження всередину.","Ассоциируется с возвращением к внутреннему чутью, спокойствием и духовным порядком. Слушают для сосредоточения внутрь.","Associated with returning to your inner sense, calm and spiritual order. People listen to focus inward.","Kojarzona z powrotem do wewnętrznego czucia, spokojem i porządkiem duchowym. Słucha się dla skupienia do wewnątrz.",
dict,Атомні звички,Атомні звички,Атомные привычки,Atomic Habits,Atomowe nawyki,
dict,Аутогенне тренування,Аутогенне тренування,Аутогенная тренировка,Autogenic training,Trening autogenny,
dict,Багато хто описує музику в 432 Гц як «теплішу» й мʼякшу для слуху. Приємний фон для розслаблення й роботи.,Багато хто описує музику в 432 Гц як «теплішу» й мʼякшу для слуху. Приємний фон для розслаблення й роботи.,Многие описывают музыку в 432 Гц как «более тёплую» и мягче для слуха. Приятный фон для расслабления и работы.,Many describe music at 432 Hz as «warmer» and softer on the ear. A pleasant background for relaxing and working.,Wielu opisuje muzykę w 432 Hz jako „cieplejszą” i łagodniejszą dla ucha. Przyjemne tło do relaksu i pracy.,
dict,"Бажання вдихнути виникає тоді, коли в крові зростає рівень CO₂, а не коли закінчується кисень. Хеморецептори реагують саме на вуглекислий газ. Тому тренована «толерантність до CO₂» дає відчуття спокою й контролю навіть тоді, коли тіло сигналізує дихати.","Бажання вдихнути виникає тоді, коли в крові зростає рівень CO₂, а не коли закінчується кисень. Хеморецептори реагують саме на вуглекислий газ. Тому тренована «толерантність до CO₂» дає відчуття спокою й контролю навіть тоді, коли тіло сигналізує дихати.","Желание вдохнуть возникает, когда в крови растёт уровень CO₂, а не когда заканчивается кислород. Хеморецепторы реагируют именно на углекислый газ. Поэтому тренированная «толерантность к CO₂» даёт спокойствие и контроль даже тогда, когда тело сигналит дышать.","The urge to breathe appears as blood CO₂ rises, not when oxygen runs out. Chemoreceptors react to carbon dioxide. So a trained CO₂ tolerance brings calm and control even when the body signals you to breathe.","Chęć nabrania powietrza pojawia się, gdy rośnie poziom CO₂ we krwi, a nie gdy kończy się tlen. Chemoreceptory reagują właśnie na dwutlenek węgla. Dlatego wytrenowana „tolerancja na CO₂” daje poczucie spokoju i kontroli nawet wtedy, gdy ciało sygnalizuje, by oddychać.",
dict,Баланс,Баланс,Баланс,Balance,Saldo,ru=uk?
dict,"Баланс, рівний пульс (HRV)","Баланс, рівний пульс (HRV)","Баланс, ровный пульс (HRV)","Balance, steady pulse (HRV)","Równowaga, równy puls (HRV)",
dict,Балансує нервову систему,Балансує нервову систему,Балансирует нервную систему,Balances the nervous system,Równoważy układ nerwowy,
dict,Бали за корисний час,Бали за корисний час,Баллы за полезное время,Points for useful time,Punkty za pożyteczny czas,
dict,"Бали: 1 хвилина практики = 1 бал, плюс бали за завдання. Витрачай їх на винагороди, які сам собі придумаєш.","Бали: 1 хвилина практики = 1 бал, плюс бали за завдання. Витрачай їх на винагороди, які сам собі придумаєш.","Баллы: 1 минута практики = 1 балл, плюс баллы за задания. Трать их на награды, которые сам себе придумаешь.","Points: 1 minute of practice = 1 point, plus points for goals. Spend them on rewards you set for yourself.","Punkty: 1 minuta praktyki = 1 punkt, plus punkty za zadania. Wydawaj je na nagrody, które sam sobie wymyślisz.",
dict,Балів,Балів,Баллов,Points,Punkty,
dict,Без,Без,Без,None,Bez,ru=uk?
dict,Без доказів,Без доказів,Без доказательств,No evidence,Bez dowodów,
dict,Без звички,Без звички,Без привычки,Quit a habit,Bez nawyku,
dict,без зривів,без зривів,без срывов,without slips,bez wpadek,
dict,"Без магії й обіцянок — проста система, що тримає тебе в русі щодня й показує, як ти крок за кроком стаєш стійкішим до того, що тебе оточує.","Без магії й обіцянок — проста система, що тримає тебе в русі щодня й показує, як ти крок за кроком стаєш стійкішим до того, що тебе оточує.","Без магии и обещаний — простая система, которая держит тебя в движении каждый день и показывает, как ты шаг за шагом становишься устойчивее к тому, что тебя окружает.","No magic, no promises — just a simple system that keeps you moving every day and shows how, step by step, you grow more resilient to what surrounds you.","Bez magii i obietnic — prosty system, który utrzymuje cię w ruchu każdego dnia i pokazuje, jak krok po kroku stajesz się odporniejszy na to, co cię otacza.",
dict,Без назви,Без назви,Без названия,Untitled,Bez nazwy,
dict,Без наукової бази.,Без наукової бази.,Без научной базы.,No scientific basis.,Bez podstaw naukowych.,
dict,Без опису.,Без опису.,Без описания.,No description.,Bez opisu.,
dict,Без підтверджених механізмів.,Без підтверджених механізмів.,Без подтверждённых механизмов.,No confirmed mechanisms.,Bez potwierdzonych mechanizmów.,
dict,Без імені,Без імені,Без имени,No name,Bez imienia,
dict,Березень,Березень,Март,March,Marzec,
dict,"Бета домінує під час роботи, аналізу й розвʼязання задач. Допомагає зібратися та тримати фокус, коли треба бути продуктивним і бадьорим.","Бета домінує під час роботи, аналізу й розвʼязання задач. Допомагає зібратися та тримати фокус, коли треба бути продуктивним і бадьорим.","Бета доминирует во время работы, анализа и решения задач. Помогает собраться и держать фокус, когда нужно быть продуктивным и бодрым.","Beta dominates during work, analysis and problem-solving. It helps you gather yourself and hold focus when you need to be productive and alert.","Beta dominuje podczas pracy, analizy i rozwiązywania zadań. Pomaga się zebrać i utrzymać skupienie, gdy trzeba być produktywnym i czujnym.",
dict,"Блукаючий нерв (вагус) — головний канал парасимпатичної системи. Його активність повʼязана зі спокоєм, травленням і відновленням.","Блукаючий нерв (вагус) — головний канал парасимпатичної системи. Його активність повʼязана зі спокоєм, травленням і відновленням.","Блуждающий нерв (вагус) — главный канал парасимпатической системы. Его активность связана со спокойствием, пищеварением и восстановлением.","The vagus nerve is the main channel of the parasympathetic system. Its activity is linked to calm, digestion and recovery.","Nerw błędny (wagus) to główny kanał układu przywspółczulnego. Jego aktywność wiąże się ze spokojem, trawieniem i regeneracją.",
dict,Блукаючий нерв і відновлення,Блукаючий нерв і відновлення,Блуждающий нерв и восстановление,The vagus nerve and recovery,Nerw błędny i regeneracja,
dict,Бокові мʼязи кора,Бокові мʼязи кора,Боковые мышцы кора,Side core muscles,Boczne mięśnie core,
dict,"Бокові мʼязи кора, баланс","Бокові мʼязи кора, баланс","Боковые мышцы кора, баланс","Side core muscles, balance","Boczne mięśnie core, równowaga",
dict,будь-яка затримка,будь-яка затримка,любая задержка,any hold,dowolne wstrzymanie,
dict,будь-яке утримання,будь-яке утримання,любое удержание,any hold,dowolne wytrzymanie,
dict,"Бура тканина гріє тіло, спалюючи енергію","Бура тканина гріє тіло, спалюючи енергію","Бурая ткань греет тело, сжигая энергию",Brown fat warms the body by burning energy,"Brunatna tkanka grzeje ciało, spalając energię",
dict,Бібліотека,Бібліотека,Библиотека,Library,Biblioteka,
dict,Бібліофіл,Бібліофіл,Библиофил,Bibliophile,Bibliofil,
dict,"Біг, скакалка, HIIT — на час","Біг, скакалка, HIIT — на час","Бег, скакалка, HIIT — на время","Running, rope, HIIT — timed","Bieg, skakanka, HIIT — na czas",
dict,Більше енергії та ясності,Більше енергії та ясності,Больше энергии и ясности,More energy and clarity,Więcej energii i jasności,
dict,"Бінаурал, Solfeggio, своя музика","Бінаурал, Solfeggio, своя музика","Бинаурал, Solfeggio, своя музыка","Binaural, Solfeggio, your own music","Binaural, Solfeggio, własna muzyka",
dict,"Бінаурал-ритм — слухай у навушниках, інакше ефекту не буде.","Бінаурал-ритм — слухай у навушниках, інакше ефекту не буде.","Бинаурал-ритм — слушай в наушниках, иначе эффекта не будет.","A binaural beat — listen with headphones, otherwise there's no effect.","Rytm binauralny — słuchaj w słuchawkach, inaczej nie będzie efektu.",
dict,"Бінаурал-ритми мають попередню наукову підтримку, ефект індивідуальний. Потрібні навушники.","Бінаурал-ритми мають попередню наукову підтримку, ефект індивідуальний. Потрібні навушники.","Бинаурал-ритмы имеют предварительную научную поддержку, эффект индивидуальный. Нужны наушники.",Binaural beats have preliminary scientific support; the effect is individual. Headphones required.,"Rytmy binauralne mają wstępne wsparcie naukowe, efekt jest indywidualny. Wymagane słuchawki.",
dict,"Бінаурал-ритми: у вуха йдуть трохи різні частоти, мозок чує «биття» їхньої різниці. Це єдина категорія тут із попередньою науковою базою. Слухай лише в навушниках.","Бінаурал-ритми: у вуха йдуть трохи різні частоти, мозок чує «биття» їхньої різниці. Це єдина категорія тут із попередньою науковою базою. Слухай лише в навушниках.","Бинаурал-ритмы: в уши идут немного разные частоты, мозг слышит «биение» их разницы. Это единственная категория здесь с предварительной научной базой. Слушай только в наушниках.","Binaural beats: slightly different frequencies go into each ear, and the brain hears the «beat» of their difference. This is the only category here with a preliminary scientific basis. Listen with headphones only.","Rytmy binauralne: do uszu trafiają nieco różne częstotliwości, a mózg słyszy „bicie” ich różnicy. To jedyna kategoria tutaj ze wstępną bazą naukową. Słuchaj tylko w słuchawkach.",
dict,Бінаурали мають лише попередню базу; «Solfeggio» і 432 Гц — традиція без доказів.,Бінаурали мають лише попередню базу; «Solfeggio» і 432 Гц — традиція без доказів.,Бинауралы имеют лишь предварительную базу; «Solfeggio» и 432 Гц — традиция без доказательств.,Binaural beats have only a preliminary basis; «Solfeggio» and 432 Hz are tradition without evidence.,Dźwięki binauralne mają jedynie wstępne podstawy; „Solfeggio” i 432 Hz to tradycja bez dowodów.,
dict,"Бінаурали — попередні, неоднозначні дані","Бінаурали — попередні, неоднозначні дані","Бинауралы — предварительные, неоднозначные данные","Binaural beats — preliminary, mixed data","Binauralne — wstępne, niejednoznaczne dane",
dict,Бінауральні,Бінауральні,Бинауральные,Binaural,Binauralne,
dict,"Бінауральні ритми (трохи різні частоти в кожне вухо) досліджують для розслаблення й уваги, але докази поки слабкі й суперечливі.","Бінауральні ритми (трохи різні частоти в кожне вухо) досліджують для розслаблення й уваги, але докази поки слабкі й суперечливі.","Бинауральные ритмы (немного разные частоты в каждое ухо) исследуют для расслабления и внимания, но доказательства пока слабые и противоречивые.","Binaural beats (slightly different frequencies in each ear) are studied for relaxation and attention, but the evidence is still weak and mixed.","Rytmy binauralne (nieco różne częstotliwości do każdego ucha) bada się pod kątem relaksu i uwagi, ale dowody są na razie słabe i niejednoznaczne.",
dict,Бічна планка,Бічна планка,Боковая планка,Side plank,Deska boczna,
dict,В. Хоф · breath,В. Хоф · breath,В. Хоф · дихання,W. Hof · breath,W. Hof · breath,pl=en?
dict,"Вага, кг","Вага, кг","Вес, кг","Weight, kg","Waga, kg",
dict,Вагус вмикає спокій і відновлення,Вагус вмикає спокій і відновлення,Вагус включает спокойствие и восстановление,The vagus switches on calm and recovery,Wagus włącza spokój i regenerację,
dict,Вагус керує режимом «відпочинок і відновлення».,Вагус керує режимом «відпочинок і відновлення».,Вагус управляет режимом «отдых и восстановление».,The vagus runs the «rest and recover» mode.,Nerw błędny zarządza trybem „odpoczynek i regeneracja”.,
dict,Важкість ніг,Важкість ніг,Тяжесть ног,Heavy legs,Ciężkość nóg,
dict,Важкість рук,Важкість рук,Тяжесть рук,Heavy arms,Ciężkość rąk,
dict,Варіабельність серцевого ритму показує гнучкість між напругою і спокоєм.,Варіабельність серцевого ритму показує гнучкість між напругою і спокоєм.,Вариабельность сердечного ритма показывает гибкость между напряжением и спокойствием.,Heart rate variability shows your flexibility between tension and calm.,Zmienność rytmu serca pokazuje elastyczność między napięciem a spokojem.,
dict,Введи назву,Введи назву,Введи название,Enter a name,Wpisz nazwę,
dict,Введи новий пароль для свого акаунта.,Введи новий пароль для свого акаунта.,Введи новый пароль для своего аккаунта.,Enter a new password for your account.,Wpisz nowe hasło do swojego konta.,
dict,"Введи пошту вгорі, щоб надіслати посилання.","Введи пошту вгорі, щоб надіслати посилання.","Введи почту вверху, чтобы отправить ссылку.",Enter your email above to send the link.,"Wpisz e-mail powyżej, aby wysłać link.",
dict,Введи пошту й пароль.,Введи пошту й пароль.,Введи почту и пароль.,Enter your email and password.,Wpisz e-mail i hasło.,
dict,Вдих,Вдих,Вдох,Inhale,Wdech,
dict,Вдих 4 · Затримка 4 · Видих 4 · Затримка 4,Вдих 4 · Затримка 4 · Видих 4 · Затримка 4,Вдох 4 · Задержка 4 · Выдох 4 · Задержка 4,Inhale 4 · Hold 4 · Exhale 4 · Hold 4,Wdech 4 · Wstrzymanie 4 · Wydech 4 · Wstrzymanie 4,
dict,Вдих 4 · Затримка 7 · Видих 8,Вдих 4 · Затримка 7 · Видих 8,Вдох 4 · Задержка 7 · Выдох 8,Inhale 4 · Hold 7 · Exhale 8,Wdech 4 · Wstrzymanie 7 · Wydech 8,
dict,Вдих 5.5 · Видих 5.5,Вдих 5.5 · Видих 5.5,Вдох 5.5 · Выдох 5.5,Inhale 5.5 · Exhale 5.5,"Wdech 5,5 · Wydech 5,5",
dict,"Вдих на 4, затримка на 7, повільний видих на 8. Довгий видих активує парасимпатичну нервову систему — тіло переходить у режим спокою. Найкраще працює перед сном.","Вдих на 4, затримка на 7, повільний видих на 8. Довгий видих активує парасимпатичну нервову систему — тіло переходить у режим спокою. Найкраще працює перед сном.","Вдох на 4, задержка на 7, медленный выдох на 8. Длинный выдох активирует парасимпатическую нервную систему — тело переходит в режим покоя. Лучше всего работает перед сном.","Inhale for 4, hold for 7, slow exhale for 8. The long exhale activates the parasympathetic nervous system — the body shifts into rest mode. Works best before sleep.","Wdech na 4, wstrzymanie na 7, powolny wydech na 8. Długi wydech aktywuje przywspółczulny układ nerwowy — ciało przechodzi w tryb spoczynku. Najlepiej działa przed snem.",
dict,Вдих → ще короткий довдих → довгий видих,Вдих → ще короткий довдих → довгий видих,Вдох → ещё короткий довдох → долгий выдох,Inhale → short top-up inhale → long exhale,Wdech → krótki dobór → długi wydech,
dict,Вересень,Вересень,Сентябрь,September,Wrzesień,
dict,версія ,версія ,версия ,version ,wersja ,
dict,Весь період,Весь період,Весь период,All time,Cały okres,
dict,Вечір,Вечір,Вечер,Evening,Wieczór,
dict,Вже запрошено,Вже запрошено,Уже приглашён,Already invited,Już zaproszono,
dict,Вже є акаунт? Увійти,Вже є акаунт? Увійти,Уже есть аккаунт? Войти,Already have an account? Sign in,Masz już konto? Zaloguj się,
dict,Видалено,Видалено,Удалено,Deleted,Usunięto,
dict,Видалити,Видалити,Удалить,Delete,Usuń,
dict,Видалити винагороду?,Видалити винагороду?,Удалить награду?,Delete reward?,Usunąć nagrodę?,
dict,Видалити спільноту,Видалити спільноту,Удалить сообщество,Delete community,Usuń społeczność,
dict,Видалити цей запис?,Видалити цей запис?,Удалить эту запись?,Delete this record?,Usunąć ten wpis?,
dict,Видалити цю спільноту? Це незворотно.,Видалити цю спільноту? Це незворотно.,Удалить это сообщество? Это необратимо.,Delete this community? This can't be undone.,Usunąć tę społeczność? Tego nie można cofnąć.,
dict,Видалити цю ціль?,Видалити цю ціль?,Удалить эту цель?,Delete this goal?,Usunąć ten cel?,
dict,Видалити ціль,Видалити ціль,Удалить цель,Delete goal,Usuń cel,
dict,видих,видих,выдох,exhale,wydech,
dict,Видих,Видих,Выдох,Exhale,Wydech,
dict,"Видих активує гальмівну гілку нервової системи, і пульс трохи сповільнюється.","Видих активує гальмівну гілку нервової системи, і пульс трохи сповільнюється.","Выдох активирует тормозную ветвь нервной системы, и пульс немного замедляется.","The exhale activates the calming branch of the nervous system, and the pulse slows slightly.","Wydech aktywuje hamującą gałąź układu nerwowego, a puls nieco zwalnia.",
dict,Видих → активація парасимпатики,Видих → активація парасимпатики,Выдох → активация парасимпатики,Exhale → parasympathetic activation,Wydech → aktywacja przywspółczulna,
dict,Видихни й розслабся,Видихни й розслабся,Выдохни и расслабься,Breathe out and relax,Wydychaj i rozluźnij się,
dict,Вийти,Вийти,Выйти,Sign out,Wyloguj,
dict,Вийти зі спільноти?,Вийти зі спільноти?,Выйти из сообщества?,Leave the community?,Opuścić społeczność?,
dict,Виконано,Виконано,Выполнено,Done,Wykonano,
dict,Виконано ✓,Виконано ✓,Выполнено ✓,Done ✓,Ukończono ✓,
dict,Виконуй звички — отримуй бали — обмінюй на винагороди.,Виконуй звички — отримуй бали — обмінюй на винагороди.,Выполняй привычки — получай баллы — обменивай на награды.,Do habits — earn points — trade them for rewards.,Wykonuj nawyki — zdobywaj punkty — wymieniaj na nagrody.,
dict,Виконуй цілі й тримай серію.,Виконуй цілі й тримай серію.,Выполняй цели и держи серию.,Complete goals and keep your streak.,Realizuj cele i utrzymuj serię.,
dict,Винагороди,Винагороди,Награды,Rewards,Nagrody,
dict,Випито,Випито,Выпито,Drank,Wypito,
dict,Вис на перекладині,Вис на перекладині,Вис на перекладине,Bar hang,Zwis na drążku,
dict,Витривалість,Витривалість,Выносливость,Endurance,Wytrzymałość,
dict,Витривалість квадрицепсів,Витривалість квадрицепсів,Выносливость квадрицепсов,Quad endurance,Wytrzymałość czworogłowych,
dict,Вихідний без вправ,Вихідний без вправ,Выходной без упражнений,"Rest day, no exercises",Dzień bez ćwiczeń,
dict,Вихідні теж рахуються,Вихідні теж рахуються,Выходные тоже считаются,Weekends count too,Weekendy też się liczą,
dict,Вища HRV — краща адаптивність,Вища HRV — краща адаптивність,Более высокая HRV — лучшая адаптивность,Higher HRV — better adaptability,Wyższe HRV — lepsza adaptacyjność,
dict,Вищий вагусний тонус — краща стресостійкість,Вищий вагусний тонус — краща стресостійкість,Более высокий вагусный тонус — лучшая стрессоустойчивость,Higher vagal tone — better stress resilience,Wyższe napięcie wagusa — lepsza odporność na stres,
dict,власник,власник,владелец,owner,właściciel,
dict,"Влаштуйся зручно, розслабся","Влаштуйся зручно, розслабся","Устройся удобно, расслабься",Settle in and relax,Usiądź wygodnie i rozluźnij się,
dict,Внеси дані за сьогодні.,Внеси дані за сьогодні.,Внеси данные за сегодня.,Add today's data.,Wpisz dane na dziś.,
dict,Вода,Вода,Вода,Water,Woda,ru=uk?
dict,Вода (по днях),Вода (по днях),Вода (по дням),Water (by day),Woda (dziennie),
dict,води,води,воды,water,wody,
dict,Воля,Воля,Воля,Willpower,Wola,ru=uk?
dict,Воїн тіла,Воїн тіла,Воин тела,Body Warrior,Wojownik ciała,
dict,Вплив на вагу — скромний,Вплив на вагу — скромний,Влияние на вес — скромное,The effect on weight is modest,Wpływ na wagę jest skromny,
dict,Вправа,Вправа,Упражнение,Exercise,Ćwiczenie,
dict,Вправи,Вправи,Упражнения,Exercises,Ćwiczenia,
dict,Все тіло,Все тіло,Всё тело,Whole body,Całe ciało,
dict,Всього: ,Всього: ,Всего: ,Total: ,Razem: ,
dict,Вт,Вт,Вт,Tu,Wt,
dict,Вчить помічати затиски в тілі,Вчить помічати затиски в тілі,Учит замечать зажимы в теле,Teaches you to notice tension in the body,Uczy zauważać napięcia w ciele,
dict,Від,Від,От,From,Od,
dict,"Віджимання, присідання — на час","Віджимання, присідання — на час","Отжимания, приседания — на время","Push-ups, squats — timed","Pompki, przysiady — na czas",
dict,Відкрити,Відкрити,Открыть,Open,Otwórz,
dict,Відкрити Вім Хоф,Відкрити Вім Хоф,Открыть Вим Хоф,Open Wim Hof,Otwórz Wim Hof,
dict,Відкрити холод,Відкрити холод,Открыть холод,Open cold,Otwórz zimno,
dict,Відкрити ›,Відкрити ›,Открыть ›,Open ›,Otwórz ›,
dict,Відновити,Відновити,Восстановить,Reopen,Przywróć,
dict,"Відновлення, с","Відновлення, с","Восстановление, с","Recovery, s","Regeneracja, s",
dict,Відстежуй утримання від шкідливих звичок — кожен чистий день додається до серії.,Відстежуй утримання від шкідливих звичок — кожен чистий день додається до серії.,Отслеживай воздержание от вредных привычек — каждый чистый день добавляется к серии.,Track your abstinence from bad habits — each clean day adds to your streak.,Śledź powstrzymywanie się od złych nawyków — każdy czysty dzień dodaje się do serii.,
dict,Відхилити,Відхилити,Отклонить,Decline,Odrzuć,
dict,"Відчуй тіло цілком, як єдине ціле. Побудь у спокої.","Відчуй тіло цілком, як єдине ціле. Побудь у спокої.","Почувствуй тело целиком, как единое целое. Побудь в покое.",Feel your body as a whole. Rest in stillness.,Poczuj ciało jako całość. Pozostań w spokoju.,
dict,Відчуття тепла і важкості,Відчуття тепла і важкості,Ощущение тепла и тяжести,Warmth and heaviness,Uczucie ciepła i ciężkości,
dict,Візуальні підказки,Візуальні підказки,Визуальные подсказки,Visual cues,Podpowiedzi wizualne,
dict,Вім Хоф,Вім Хоф,Вим Хоф,Wim Hof,Wim Hof,pl=en?
dict,"Вім Хоф, 4-7-8, квадратне…","Вім Хоф, 4-7-8, квадратне…","Вим Хоф, 4-7-8, квадратное…","Wim Hof, 4-7-8, box…","Wim Hof, 4-7-8, kwadratowy…",
dict,Віха серії,Віха серії,Веха серии,Streak milestone,Kamień milowy serii,
dict,Гарний початок! Кілька днів поспіль — і звичка закріпиться.,Гарний початок! Кілька днів поспіль — і звичка закріпиться.,Хорошее начало! Несколько дней подряд — и привычка закрепится.,Good start! A few days in a row and the habit sticks.,Dobry początek! Kilka dni z rzędu i nawyk się utrwali.,
dict,Гарно перед сном,Гарно перед сном,Хорошо перед сном,Great before sleep,Dobre przed snem,
dict,Гартований,Гартований,Закалённый,Hardened,Zahartowany,
dict,Гартує імунітет,Гартує імунітет,Закаляет иммунитет,Strengthens immunity,Hartuje odporność,
dict,Гасить гостру тривогу,Гасить гостру тривогу,Гасит острую тревогу,Eases acute anxiety,Łagodzi ostry lęk,
dict,Глибоке відновлення й стійкість,Глибоке відновлення й стійкість,Глубокое восстановление и стойкость,Deep recovery and resilience,Głęboka regeneracja i odporność,
dict,Глибоке розслаблення,Глибоке розслаблення,Глубокое расслабление,Deep relaxation,Głębokie rozluźnienie,
dict,Глибокий вдих і тримай,Глибокий вдих і тримай,Глубокий вдох и держи,Deep breath in and hold,Głęboki wdech i trzymaj,
dict,Глибокий відпочинок без засинання,Глибокий відпочинок без засинання,Глубокий отдых без засыпания,Deep rest without falling asleep,Głęboki odpoczynek bez zasypiania,
dict,"Глибокий дельта-сон — це коли тіло найактивніше відновлюється: росте мʼязова тканина, працює імунітет, консолідується памʼять. Слухають перед сном, щоб швидше засинати й спати глибше.","Глибокий дельта-сон — це коли тіло найактивніше відновлюється: росте мʼязова тканина, працює імунітет, консолідується памʼять. Слухають перед сном, щоб швидше засинати й спати глибше.","Глубокий дельта-сон — это когда тело активнее всего восстанавливается: растёт мышечная ткань, работает иммунитет, консолидируется память. Слушают перед сном, чтобы быстрее засыпать и спать глубже.","Deep delta sleep is when the body recovers most: muscle tissue grows, the immune system works, memory consolidates. People listen before sleep to fall asleep faster and sleep deeper.","Głęboki sen delta to moment, gdy ciało regeneruje się najintensywniej: rośnie tkanka mięśniowa, działa odporność, konsoliduje się pamięć. Słucha się przed snem, by szybciej zasypiać i spać głębiej.",
dict,Глибокий спокій,Глибокий спокій,Глубокое спокойствие,Deep calm,Głęboki spokój,
dict,Глибоко вдихни й зведи лопатки разом.,Глибоко вдихни й зведи лопатки разом.,Глубоко вдохни и сведи лопатки вместе.,Breathe in deeply and squeeze your shoulder blades together.,Weź głęboki wdech i ściągnij łopatki razem.,
dict,"Глибокі дихання, потім затримка на видиху. Подвійний тап або кнопка завершують затримку.","Глибокі дихання, потім затримка на видиху. Подвійний тап або кнопка завершують затримку.","Глубокие дыхания, затем задержка на выдохе. Двойной тап или кнопка завершают задержку.","Deep breaths, then hold on the exhale. Double-tap or the button ends the hold.","Głębokie oddechy, potem wstrzymanie na wydechu. Podwójne dotknięcie lub przycisk kończy wstrzymanie.",
dict,Глибше за гортання стрічки,Глибше за гортання стрічки,"Глубже, чем листание ленты",Deeper than scrolling a feed,Głębiej niż przewijanie feedu,
dict,Гнучкість спини,Гнучкість спини,Гибкость спины,Back flexibility,Elastyczność pleców,
dict,Гнучкість спини й грудей,Гнучкість спини й грудей,Гибкость спины и груди,Back and chest flexibility,Elastyczność pleców i klatki,
dict,год практики,год практики,ч практики,h of practice,h praktyki,
dict,Головна,Головна,Главная,Home,Główna,
dict,Гомілки,Гомілки,Голени,Calves,Łydki,
dict,готово,готово,готово,ready,gotowe,ru=uk?
dict,Готово,Готово,Готово,Done,Gotowe,ru=uk?
dict,Грудень,Грудень,Декабрь,December,Grudzień,
dict,груди,груди,грудь,your chest,klatkę piersiową,
dict,Груди та спина,Груди та спина,Грудь и спина,Chest and back,Klatka i plecy,
dict,Гучних медичних обіцянок уникай,Гучних медичних обіцянок уникай,Громких медицинских обещаний избегай,Avoid loud medical claims,Unikaj głośnych obietnic medycznych,
dict,Гід,Гід,Гид,Guide,Przewodnik,
dict,"Дай помічнику ім'я і обери, як він тебе підтримуватиме.","Дай помічнику ім'я і обери, як він тебе підтримуватиме.","Дай помощнику имя и выбери, как он будет тебя поддерживать.",Give your assistant a name and choose how it supports you.,"Nadaj asystentowi imię i wybierz, jak ma cię wspierać.",term:помічник/наставник?
dict,Далі,Далі,Далее,Next,Dalej,
dict,Далі: завершення,Далі: завершення,Далее: завершение,Next: finish,Dalej: zakończenie,
dict,Дата,Дата,Дата,Date,Data,ru=uk?
dict,Дата вже минула,Дата вже минула,Дата уже прошла,Date already passed,Data już minęła,
dict,Дата народження,Дата народження,Дата рождения,Date of birth,Data urodzenia,
dict,Два вдихи підряд і довгий видих — найшвидший спосіб збити гострий стрес.,Два вдихи підряд і довгий видих — найшвидший спосіб збити гострий стрес.,Два вдоха подряд и долгий выдох — самый быстрый способ сбить острый стресс.,Two inhales in a row and a long exhale — the fastest way to defuse acute stress.,Dwa wdechy z rzędu i długi wydech — najszybszy sposób na zbicie ostrego stresu.,
dict,Дедлайн (необов’язково),Дедлайн (необов’язково),Дедлайн (необязательно),Deadline (optional),Termin (opcjonalnie),
dict,Декомпресія хребта,Декомпресія хребта,Декомпрессия позвоночника,Spine decompression,Dekompresja kręgosłupa,
dict,Демо режим,Демо режим,Демо-режим,Demo mode,Tryb demo,
dict,Денна ціль,Денна ціль,Дневная цель,Daily goal,Cel dzienny,
dict,день поспіль,день поспіль,день подряд,day in a row,dzień z rzędu,
dict,Дерево навичок,Дерево навичок,Дерево навыков,Skill tree,Drzewo umiejętności,
dict,Детально ›,Детально ›,Подробно ›,Details ›,Szczegóły ›,
dict,детально ›,детально ›,подробно ›,details ›,szczegóły ›,
dict,Детально →,Детально →,Подробно →,Details →,Szczegóły →,
dict,Детальніше ›,Детальніше ›,Подробнее ›,Read more ›,Więcej ›,
dict,Джеймс Клір,Джеймс Клір,Джеймс Клир,James Clear,James Clear,pl=en?
dict,Джеймс Нестор,Джеймс Нестор,Джеймс Нестор,James Nestor,James Nestor,ru=uk?;pl=en?
dict,Джерела,Джерела,Источники,Sources,Źródła,
dict,"Динаміка твоїх практик і оцінок за обраний період. Перемикай метрику й діапазон, щоб побачити прогрес.","Динаміка твоїх практик і оцінок за обраний період. Перемикай метрику й діапазон, щоб побачити прогрес.","Динамика твоих практик и оценок за выбранный период. Переключай метрику и диапазон, чтобы увидеть прогресс.",The dynamics of your practices and ratings over the chosen period. Switch metric and range to see your progress.,"Dynamika twoich praktyk i ocen w wybranym okresie. Przełączaj metrykę i zakres, aby zobaczyć postęp.",
dict,"Дискомфорт у затримці — це реакція на вуглекислий газ, а не брак кисню.","Дискомфорт у затримці — це реакція на вуглекислий газ, а не брак кисню.","Дискомфорт в задержке — это реакция на углекислый газ, а не нехватка кислорода.","The urge in a hold is a response to carbon dioxide, not a lack of oxygen.","Dyskomfort podczas wstrzymania to reakcja na dwutlenek węgla, a nie brak tlenu.",
dict,Дисциплінований,Дисциплінований,Дисциплинированный,Disciplined,Zdyscyplinowany,
dict,Дих. сила,Дих. сила,Дых. сила,Breath,Oddech,
dict,Дихай,Дихай,Дыши,Breathe,Oddychaj,
dict,Дихай глибоко,Дихай глибоко,Дыши глубоко,Breathe deeply,Oddychaj głęboko,
dict,Дихай лише сидячи або лежачи,Дихай лише сидячи або лежачи,Дыши только сидя или лёжа,Only practice sitting or lying down,Ćwicz tylko siedząc lub leżąc,
dict,Дихай повільно,Дихай повільно,Дыши медленно,Breathe slowly,Oddychaj powoli,
dict,Дихай рівно й починай з кінцівок. Уникай різких затримок дихання в крижаній воді — спрацьовує рефлекс пірнальника.,Дихай рівно й починай з кінцівок. Уникай різких затримок дихання в крижаній воді — спрацьовує рефлекс пірнальника.,Дыши ровно и начинай с конечностей. Избегай резких задержек дыхания в ледяной воде — срабатывает рефлекс ныряльщика.,Breathe steadily and start with the limbs. Avoid sharp breath-holds in icy water — the diving reflex kicks in.,Oddychaj równo i zaczynaj od kończyn. Unikaj gwałtownych wstrzymań oddechu w lodowatej wodzie — uruchamia się odruch nurkowania.,
dict,"Дихай спокійно й рівно. Виходь, якщо німіють кінцівки.","Дихай спокійно й рівно. Виходь, якщо німіють кінцівки.","Дыши спокойно и ровно. Выходи, если немеют конечности.",Breathe calmly and evenly. Get out if your limbs go numb.,"Oddychaj spokojnie i równo. Wyjdź, jeśli drętwieją kończyny.",
dict,Дихальна практика,Дихальна практика,Дыхательная практика,Breathing practice,Praktyka oddechowa,
dict,Дихальна сила,Дихальна сила,Дыхательная сила,Breath power,Siła oddechu,
dict,Дихальні практики,Дихальні практики,Дыхательные практики,Breathing practices,Praktyki oddechowe,
dict,Дихання,Дихання,Дыхание,Breathing,Oddech,
dict,Дихання 4-7-8,Дихання 4-7-8,Дыхание 4-7-8,4-7-8 breathing,Oddech 4-7-8,
dict,Дихання 4-7-8 (вдих 4 · затримка 7 · видих 8) — найкраще для сну й тривоги: довгий видих вмикає режим спокою. Зроби 4–6 циклів у ліжку.,Дихання 4-7-8 (вдих 4 · затримка 7 · видих 8) — найкраще для сну й тривоги: довгий видих вмикає режим спокою. Зроби 4–6 циклів у ліжку.,Дыхание 4-7-8 (вдох 4 · задержка 7 · выдох 8) — лучше всего для сна и тревоги: длинный выдох включает режим покоя. Сделай 4–6 циклов в кровати.,4-7-8 breathing (inhale 4 · hold 7 · exhale 8) — best for sleep and anxiety: the long exhale switches on rest mode. Do 4–6 cycles in bed.,Oddech 4-7-8 (wdech 4 · wstrzymanie 7 · wydech 8) — najlepszy na sen i lęk: długi wydech włącza tryb spoczynku. Zrób 4–6 cykli w łóżku.,
dict,Дихання спокійне й рівне.,Дихання спокійне й рівне.,Дыхание спокойное и ровное.,Breathing is calm and even.,Oddech jest spokojny i równy.,
dict,Дихання: 60 сесій,Дихання: 60 сесій,Дыхание: 60 сессий,Breathing: 60 sessions,Oddech: 60 sesji,
dict,Дихань у раунді,Дихань у раунді,Дыханий в раунде,Breaths per round,Oddechów w rundzie,
dict,Для енергії: метод Віма Хофа вранці + холодний душ. Підіймає дофамін і бадьорість надовго.,Для енергії: метод Віма Хофа вранці + холодний душ. Підіймає дофамін і бадьорість надовго.,Для энергии: метод Вима Хофа утром + холодный душ. Поднимает дофамин и бодрость надолго.,For energy: the Wim Hof Method in the morning + a cold shower. Raises dopamine and alertness for a long time.,Na energię: metoda Wima Hofa rano + zimny prysznic. Podnosi dopaminę i energię na długo.,
dict,Для медитації,Для медитації,Для медитации,For meditation,Do medytacji,
dict,Для роботи/навчання. Не варто слухати перед сном.,Для роботи/навчання. Не варто слухати перед сном.,Для работы/учёбы. Не стоит слушать перед сном.,For work/study. Not to be listened to before sleep.,Do pracy/nauki. Nie warto słuchać przed snem.,
dict,Для сну,Для сну,Для сна,For sleep,Do snu,
dict,Для сну: дихання 4-7-8 у ліжку + дельта/тета-хвилі або 174 Гц фоном. Уникай яскравого світла та бета-хвиль перед сном.,Для сну: дихання 4-7-8 у ліжку + дельта/тета-хвилі або 174 Гц фоном. Уникай яскравого світла та бета-хвиль перед сном.,Для сна: дыхание 4-7-8 в кровати + дельта/тета-волны или 174 Гц фоном. Избегай яркого света и бета-волн перед сном.,For sleep: 4-7-8 breathing in bed + delta/theta waves or 174 Hz in the background. Avoid bright light and beta waves before sleep.,Na sen: oddech 4-7-8 w łóżku + fale delta/theta lub 174 Hz w tle. Unikaj jasnego światła i fal beta przed snem.,
dict,Для фокусу: бета- або гамма-хвилі (40 Гц) у навушниках + квадратне дихання перед стартом. Холодний душ зранку теж добре заряджає.,Для фокусу: бета- або гамма-хвилі (40 Гц) у навушниках + квадратне дихання перед стартом. Холодний душ зранку теж добре заряджає.,Для фокуса: бета- или гамма-волны (40 Гц) в наушниках + квадратное дыхание перед стартом. Холодный душ утром тоже хорошо заряжает.,For focus: beta or gamma waves (40 Hz) in headphones + box breathing before you start. A cold shower in the morning charges you up too.,Na skupienie: fale beta lub gamma (40 Hz) w słuchawkach + oddech kwadratowy przed startem. Zimny prysznic rano też dobrze ładuje.,
dict,дн,дн,дн,d,dni,
dict,Днів вживання,Днів вживання,Дней употребления,Days used,Dni użycia,
dict,днів поспіль,днів поспіль,дней подряд,days in a row,dni z rzędu,
dict,днів практики поспіль,днів практики поспіль,дней практики подряд,days of practice in a row,dni praktyki z rzędu,
dict,До,До,До,To,Do,
dict,До вправ,До вправ,К упражнениям,To exercises,Do ćwiczeń,
dict,до всього XP,до всього XP,ко всему XP,to all XP,do całego XP,
dict,До практик,До практик,К практикам,To practices,Do praktyk,
dict,Добровільний контрольований стрес вчить залишатися спокійним у дискомфорті.,Добровільний контрольований стрес вчить залишатися спокійним у дискомфорті.,Добровольный контролируемый стресс учит оставаться спокойным в дискомфорте.,"Voluntary, controlled stress teaches you to stay calm in discomfort.","Dobrowolny, kontrolowany stres uczy zachowania spokoju w dyskomforcie.",
dict,Довгий видих і холод на обличчя його активують,Довгий видих і холод на обличчя його активують,Долгий выдох и холод на лицо его активируют,A long exhale and cold on the face activate it,Długi wydech i zimno na twarz go aktywują,
dict,Додавай книги й хвилини читання — вони прокачують навичку «Знання» у твоєму розвитку.,Додавай книги й хвилини читання — вони прокачують навичку «Знання» у твоєму розвитку.,Добавляй книги и минуты чтения — они прокачивают навык «Знания» в твоём развитии.,Add books and reading minutes — they build the “Knowledge” skill in your growth.,Dodawaj książki i minuty czytania — rozwijają umiejętność „Wiedza” w twoim rozwoju.,
dict,"Додай винагороду — те, чим себе порадуєш.","Додай винагороду — те, чим себе порадуєш.","Добавь награду — то, чем себя порадуешь.",Add a reward — something to treat yourself with.,"Dodaj nagrodę — coś, czym się ucieszysz.",
dict,Додай звички у розділі «Звички».,Додай звички у розділі «Звички».,Добавь привычки в разделе «Привычки».,Add habits in the “Habits” section.,Dodaj nawyki w sekcji „Nawyki”.,
dict,Додай звичку для відстеження,Додай звичку для відстеження,Добавь привычку для отслеживания,Add a habit to track,Dodaj nawyk do śledzenia,
dict,Додай свої дані →,Додай свої дані →,Добавь свои данные →,Add your details →,Dodaj swoje dane →,
dict,Додано,Додано,Добавлено,Added,Dodano,
dict,Додати,Додати,Добавить,Add,Dodaj,
dict,Додати книгу,Додати книгу,Добавить книгу,Add a book,Dodaj książkę,
dict,Додати у меню,Додати у меню,Добавить в меню,Add to menu,Dodaj do menu,
dict,Додати час,Додати час,Добавить время,Add time,Dodaj czas,
dict,Додати ›,Додати ›,Добавить ›,Add ›,Dodaj ›,
dict,Додому,Додому,Домой,Home,Do domu,
dict,Доказова база,Доказова база,Доказательная база,Evidence base,Baza dowodowa,
dict,"Доказова база радше про субʼєктивне самопочуття, ніж про конкретні «детокс»-ефекти. Завершуй холодом, якщо хочеш бадьорості, теплом — якщо розслаблення.","Доказова база радше про субʼєктивне самопочуття, ніж про конкретні «детокс»-ефекти. Завершуй холодом, якщо хочеш бадьорості, теплом — якщо розслаблення.","Доказательная база скорее о субъективном самочувствии, чем о конкретных «детокс»-эффектах. Заканчивай холодом, если хочешь бодрости, теплом — если расслабления.","The evidence is more about subjective well-being than specific «detox» effects. Finish with cold for alertness, with warmth for relaxation.","Dowody dotyczą raczej subiektywnego samopoczucia niż konkretnych efektów „detoksu”. Kończ zimnem dla energii, ciepłem dla relaksu.",
dict,Долучитися до спільноти,Долучитися до спільноти,Присоединиться к сообществу,Join a community,Dołącz do społeczności,
dict,Допомагає заснути,Допомагає заснути,Помогает заснуть,Helps you fall asleep,Pomaga zasnąć,
dict,Допомагає легше заснути,Допомагає легше заснути,Помогает легче заснуть,Helps you fall asleep more easily,Pomaga łatwiej zasnąć,
dict,Допомагає швидше засинати,Допомагає швидше засинати,Помогает быстрее засыпать,Helps you fall asleep faster,Pomaga szybciej zasypiać,
dict,Досвід,Досвід,Опыт,Experience,Doświadczenie,
dict,Дослідження є,Дослідження є,Есть исследования,Has research,Są badania,
dict,Дослідження: yoga nidra (PubMed),Дослідження: yoga nidra (PubMed),Исследование: yoga nidra (PubMed),Study: yoga nidra (PubMed),Badanie: joga nidra (PubMed),
dict,Дослідження: вагус і HRV (PubMed),Дослідження: вагус і HRV (PubMed),Исследование: вагус и HRV (PubMed),Study: the vagus nerve and HRV (PubMed),Badanie: nerw błędny i HRV (PubMed),
dict,Дослідження: дофамін і мотивація (PubMed),Дослідження: дофамін і мотивація (PubMed),Исследование: дофамин и мотивация (PubMed),Study: dopamine and motivation (PubMed),Badanie: dopamina i motywacja (PubMed),
dict,Дослідження: контрастна терапія й відновлення (PubMed),Дослідження: контрастна терапія й відновлення (PubMed),Исследование: контрастная терапия и восстановление (PubMed),Study: contrast therapy and recovery (PubMed),Badanie: terapia kontrastowa i regeneracja (PubMed),
dict,Дослідження: метрики й норми HRV (PubMed),Дослідження: метрики й норми HRV (PubMed),Исследование: метрики и нормы HRV (PubMed),Study: HRV metrics and norms (PubMed),Badanie: metryki i normy HRV (PubMed),
dict,Дослідження: огляд бінаурал-ритмів (PubMed),Дослідження: огляд бінаурал-ритмів (PubMed),Исследование: обзор бинаурал-ритмов (PubMed),Study: a review of binaural beats (PubMed),Badanie: przegląd rytmów binauralnych (PubMed),
dict,Дослідження: повільне дихання й парасимпатика (PubMed),Дослідження: повільне дихання й парасимпатика (PubMed),Исследование: медленное дыхание и парасимпатика (PubMed),Study: slow breathing and the parasympathetic system (PubMed),Badanie: powolny oddech i układ przywspółczulny (PubMed),
dict,Дослідження: природа й відновлення уваги (PubMed),Дослідження: природа й відновлення уваги (PubMed),Исследование: природа и восстановление внимания (PubMed),Study: nature and attention restoration (PubMed),Badanie: natura i regeneracja uwagi (PubMed),
dict,Дослідження: ранкове світло й циркадний ритм (PubMed),Дослідження: ранкове світло й циркадний ритм (PubMed),Исследование: утренний свет и циркадный ритм (PubMed),Study: morning light and circadian rhythm (PubMed),Badanie: poranne światło i rytm dobowy (PubMed),
dict,Дослідження: регулярність сну й здоровʼя (PubMed),Дослідження: регулярність сну й здоровʼя (PubMed),Исследование: регулярность сна и здоровье (PubMed),Study: sleep regularity and health (PubMed),Badanie: regularność snu i zdrowie (PubMed),
dict,Дослідження: температура середовища й сон (PubMed),Дослідження: температура середовища й сон (PubMed),Исследование: температура среды и сон (PubMed),Study: ambient temperature and sleep (PubMed),Badanie: temperatura otoczenia i sen (PubMed),
dict,Дослідження: тренування затримки та CO₂ (PubMed),Дослідження: тренування затримки та CO₂ (PubMed),Исследование: тренировка задержки и CO₂ (PubMed),Study: breath-hold training and CO₂ (PubMed),Badanie: trening wstrzymania oddechu i CO₂ (PubMed),
dict,Дослідження: холод і катехоламіни (PubMed),Дослідження: холод і катехоламіни (PubMed),Исследование: холод и катехоламины (PubMed),Study: cold and catecholamines (PubMed),Badanie: zimno i katecholaminy (PubMed),
dict,Дослідження: циклічне зітхання й настрій (PubMed),Дослідження: циклічне зітхання й настрій (PubMed),Исследование: циклический вздох и настроение (PubMed),Study: cyclic sighing and mood (PubMed),Badanie: cykliczne westchnienie i nastrój (PubMed),
dict,Дослідження: читання й когнітивні функції (PubMed),Дослідження: читання й когнітивні функції (PubMed),Исследование: чтение и когнитивные функции (PubMed),Study: reading and cognitive function (PubMed),Badanie: czytanie i funkcje poznawcze (PubMed),
dict,"Дослідження: ізометрія й тиск, метааналіз (PubMed)","Дослідження: ізометрія й тиск, метааналіз (PubMed)","Исследование: изометрия и давление, метаанализ (PubMed)","Study: isometrics and blood pressure, meta-analysis (PubMed)","Badanie: izometria i ciśnienie, metaanaliza (PubMed)",
dict,Досягнуті,Досягнуті,Достигнутые,Achieved,Osiągnięte,
dict,Досягти рівня,Досягти рівня,Достичь уровня,Reach a level,Osiągnąć poziom,
dict,Дофамін = мотивація й прагнення,Дофамін = мотивація й прагнення,Дофамин = мотивация и стремление,Dopamine = motivation and wanting,Dopamina = motywacja i pragnienie,
dict,"Дофамін більше повʼязаний з прагненням і мотивацією, ніж із самим задоволенням. Він зростає в очікуванні винагороди й штовхає до дії.","Дофамін більше повʼязаний з прагненням і мотивацією, ніж із самим задоволенням. Він зростає в очікуванні винагороди й штовхає до дії.","Дофамин больше связан со стремлением и мотивацией, чем с самим удовольствием. Он растёт в ожидании награды и толкает к действию.",Dopamine is tied more to wanting and motivation than to pleasure itself. It rises in anticipation of reward and pushes you to act.,Dopamina wiąże się bardziej z pragnieniem i motywacją niż z samą przyjemnością. Rośnie w oczekiwaniu na nagrodę i popycha do działania.,
dict,Дофамін рухає тебе до мети; постійні легкі «піки» притуплюють драйв.,Дофамін рухає тебе до мети; постійні легкі «піки» притуплюють драйв.,Дофамин движет тебя к цели; постоянные лёгкие «пики» притупляют драйв.,Dopamine drives you toward goals; constant easy «spikes» blunt that drive.,Dopamina pcha cię ku celom; ciągłe łatwe „skoki” przytępiają ten napęd.,
dict,"Дофамін — про мотивацію, а не лише задоволення","Дофамін — про мотивацію, а не лише задоволення","Дофамин — о мотивации, а не только об удовольствии","Dopamine is about motivation, not just pleasure","Dopamina to motywacja, a nie tylko przyjemność",
dict,Друг-мотиватор,Друг-мотиватор,Друг-мотиватор,Motivating friend,Przyjaciel-motywator,ru=uk?
dict,Духовність,Духовність,Духовность,Spirituality,Duchowość,
dict,Душ і крижані ванни,Душ і крижані ванни,Душ и ледяные ванны,Showers and ice baths,Prysznice i lodowe kąpiele,
dict,Діаграма оцінок,Діаграма оцінок,Диаграмма оценок,Ratings chart,Wykres ocen,
dict,Діаграма сесій,Діаграма сесій,Диаграмма сессий,Sessions chart,Wykres sesji,
dict,Експорт у PDF,Експорт у PDF,Экспорт в PDF,Export to PDF,Eksport do PDF,
dict,Емоції,Емоції,Эмоции,Emotions,Emocje,
dict,Емпіричних доказів немає.,Емпіричних доказів немає.,Эмпирических доказательств нет.,No empirical evidence.,Brak dowodów empirycznych.,
dict,"Енергія, стійкість до холоду, фокус","Енергія, стійкість до холоду, фокус","Энергия, стойкость к холоду, фокус","Energy, cold tolerance, focus","Energia, odporność na zimno, skupienie",
dict,Ефект,Ефект,Эффект,Effect,Efekt,
dict,Ефект накопичувальний: навіть 10–15 хвилин на день складаються в помітний результат за місяці.,Ефект накопичувальний: навіть 10–15 хвилин на день складаються в помітний результат за місяці.,Эффект накопительный: даже 10–15 минут в день складываются в заметный результат за месяцы.,The effect compounds: even 10–15 minutes a day adds up to a noticeable result over months.,Efekt się kumuluje: nawet 10–15 minut dziennie składa się na zauważalny rezultat po miesiącach.,
dict,живіт,живіт,живот,your belly,brzuch,
dict,Живіт,Живіт,Живот,Belly,Brzuch,
dict,Живіт випромінює приємне тепло.,Живіт випромінює приємне тепло.,Живот излучает приятное тепло.,Your belly radiates pleasant warmth.,Brzuch promieniuje przyjemnym ciepłem.,
dict,Жовтень,Жовтень,Октябрь,October,Październik,
dict,Жодної затримки не зафіксовано.,Жодної затримки не зафіксовано.,Ни одной задержки не зафиксировано.,No holds recorded.,Nie zarejestrowano żadnego wstrzymania.,
dict,Жіноча,Жіноча,Женский,Female,Kobieta,
dict,З чого почати,З чого почати,С чего начать,Getting started,Od czego zacząć,
dict,З чого почати?,З чого почати?,С чего начать?,Where do I start?,Od czego zacząć?,
dict,"За традицією допомагає відпустити негатив і запустити позитивні зміни, очистити підсвідомі блоки. Використовують як підтримку при новому старті.","За традицією допомагає відпустити негатив і запустити позитивні зміни, очистити підсвідомі блоки. Використовують як підтримку при новому старті.","По традиции помогает отпустить негатив и запустить позитивные перемены, очистить подсознательные блоки. Используют как поддержку при новом старте.","By tradition it helps release the negative and start positive change, clearing subconscious blocks. Used as support for a fresh start.","Wedle tradycji pomaga puścić negatyw i uruchomić pozytywne zmiany, oczyścić podświadome blokady. Używana jako wsparcie przy nowym starcie.",
dict,"За традицією — детокс, ясність думок, самовираження й розвʼязання проблем. Використовують для прояснення розуму.","За традицією — детокс, ясність думок, самовираження й розвʼязання проблем. Використовують для прояснення розуму.","По традиции — детокс, ясность мыслей, самовыражение и решение проблем. Используют для прояснения ума.","By tradition — detox, clarity of thought, self-expression and problem-solving. Used to clear the mind.","Wedle tradycji — detoks, jasność myśli, ekspresja i rozwiązywanie problemów. Używana do rozjaśnienia umysłu.",
dict,За традицією — підтримує регенерацію тканин та відчуття цілісності тіла. Використовують як фон для відпочинку й відновлення.,За традицією — підтримує регенерацію тканин та відчуття цілісності тіла. Використовують як фон для відпочинку й відновлення.,По традиции — поддерживает регенерацию тканей и чувство целостности тела. Используют как фон для отдыха и восстановления.,By tradition — supports tissue regeneration and a sense of bodily wholeness. Used as a background for rest and recovery.,Wedle tradycji — wspiera regenerację tkanek i poczucie integralności ciała. Używany jako tło do odpoczynku i regeneracji.,
dict,Забув пароль?,Забув пароль?,Забыл пароль?,Forgot password?,Nie pamiętasz hasła?,
dict,Завантаження…,Завантаження…,Загрузка…,Loading…,Ładowanie…,
dict,Завантажити фото,Завантажити фото,Загрузить фото,Upload photo,Wgraj zdjęcie,
dict,Завдання й винагороди,Завдання й винагороди,Задания и награды,Goals and rewards,Zadania i nagrody,
dict,Завершений,Завершений,Завершён,Finished,Zakończone,
dict,Завершення,Завершення,Завершение,Finish,Zakończenie,
dict,Завершення холодом бадьорить,Завершення холодом бадьорить,Завершение холодом бодрит,Finishing cold is energizing,Zakończenie zimnem dodaje energii,
dict,завершено,завершено,завершено,finished,zakończono,ru=uk?
dict,Завершено ,Завершено ,Завершено ,Completed ,Ukończono ,ru=uk?
dict,Завершені,Завершені,Завершённые,Finished,Zakończone,
dict,"Заверши звичайний душ прохолодною, далі холодною водою. Дихай повільно й рівно, не затримуй дих від шоку. Дає бадьорість і дофамін надовго, гартує судини й імунітет.","Заверши звичайний душ прохолодною, далі холодною водою. Дихай повільно й рівно, не затримуй дих від шоку. Дає бадьорість і дофамін надовго, гартує судини й імунітет.","Заверши обычный душ прохладной, затем холодной водой. Дыши медленно и ровно, не задерживай дыхание от шока. Даёт бодрость и дофамин надолго, закаляет сосуды и иммунитет.","Finish an ordinary shower with cool, then cold water. Breathe slowly and evenly, don't hold your breath from the shock. Gives lasting alertness and dopamine, conditions vessels and immunity.","Zakończ zwykły prysznic chłodną, a potem zimną wodą. Oddychaj powoli i równo, nie wstrzymuj oddechu z szoku. Daje energię i dopaminę na długo, hartuje naczynia i odporność.",
dict,Завершити,Завершити,Завершить,Finish,Zakończ,
dict,Завершити затримку,Завершити затримку,Завершить задержку,End the hold,Zakończ wstrzymanie,
dict,Загальна інформація про тебе. Зберігається у твоєму акаунті.,Загальна інформація про тебе. Зберігається у твоєму акаунті.,Общая информация о тебе. Хранится в твоём аккаунте.,General info about you. Stored in your account.,Ogólne informacje o tobie. Przechowywane na twoim koncie.,
dict,Загартований,Загартований,Закалённый,Hardened,Zahartowany,
dict,Загартув.,Загартув.,Закалка,Cond.,Hart.,
dict,Загартування,Загартування,Закалка,Conditioning,Hartowanie,
dict,Заземлення,Заземлення,Заземление,Grounding,Uziemienie,
dict,Заземлення 5-4-3-2-1,Заземлення 5-4-3-2-1,Заземление 5-4-3-2-1,Grounding 5-4-3-2-1,Uziemienie 5-4-3-2-1,
dict,Закрити,Закрити,Закрыть,Close,Zamknij,
dict,Закрити цю ціль? Вона перейде в закриті.,Закрити цю ціль? Вона перейде в закриті.,Закрыть эту цель? Она перейдёт в закрытые.,Close this goal? It will move to closed.,Zamknąć ten cel? Przejdzie do zamkniętych.,
dict,Закрити ціль,Закрити ціль,Закрыть цель,Close goal,Zamknij cel,
dict,Закритих цілей немає.,Закритих цілей немає.,Закрытых целей нет.,No closed goals yet.,Brak zamkniętych celów.,
dict,Закриті цілі,Закриті цілі,Закрытые цели,Closed goals,Zamknięte cele,
dict,Залишилось ,Залишилось ,Осталось ,Remaining ,Pozostało ,
dict,Залізний,Залізний,Железный,Iron,Żelazny,
dict,Замало,Замало,Недостаточно,Not enough,Za mało,
dict,Замало для запису,Замало для запису,Слишком мало для записи,Too short to log,"Za mało, by zapisać",
dict,"Занурення в холод сильно підіймає рівень норадреналіну та дофаміну, і цей підйом тримається годинами. Саме тому після холоду зʼявляється чіткість і піднесення.","Занурення в холод сильно підіймає рівень норадреналіну та дофаміну, і цей підйом тримається годинами. Саме тому після холоду зʼявляється чіткість і піднесення.","Погружение в холод сильно поднимает уровень норадреналина и дофамина, и этот подъём держится часами. Именно поэтому после холода появляется ясность и подъём.","Cold immersion strongly raises noradrenaline and dopamine, and the rise lasts for hours. That's why clarity and a lift follow the cold.","Zanurzenie w zimnie mocno podnosi poziom noradrenaliny i dopaminy, a ten wzrost utrzymuje się godzinami. Dlatego po zimnie pojawia się jasność i uniesienie.",
dict,"Занурення у крижану воду — потужне відновлення після навантажень і тренування стійкості. Контролюй дихання, виходь, якщо німіють кінцівки або сильно трусить.","Занурення у крижану воду — потужне відновлення після навантажень і тренування стійкості. Контролюй дихання, виходь, якщо німіють кінцівки або сильно трусить.","Погружение в ледяную воду — мощное восстановление после нагрузок и тренировка стойкости. Контролируй дыхание, выходи, если немеют конечности или сильно трясёт.","Immersion in ice water is powerful recovery after loads and a resilience workout. Control your breathing, get out if your limbs go numb or you shiver hard.","Zanurzenie w lodowatej wodzie to potężna regeneracja po wysiłku i trening odporności. Kontroluj oddech, wyjdź, jeśli drętwieją kończyny lub mocno się trzęsiesz.",
dict,Запитати помічника,Запитати помічника,Спросить помощника,Ask the assistant,Zapytaj asystenta,term:помічник/наставник?
dict,Запитати ›,Запитати ›,Спросить ›,Ask ›,Zapytaj ›,
dict,Заплющ очі та зморщ усе обличчя.,Заплющ очі та зморщ усе обличчя.,Закрой глаза и сморщи всё лицо.,Close your eyes and scrunch up your whole face.,Zamknij oczy i zmarszcz całą twarz.,
dict,Запросити,Запросити,Пригласить,Invite,Zaproś,
dict,Запросити друга ›,Запросити друга ›,Пригласить друга ›,Invite a friend ›,Zaproś znajomego ›,
dict,Запросити людину,Запросити людину,Пригласить человека,Invite a person,Zaproś osobę,
dict,Запрошення,Запрошення,Приглашения,Invitations,Zaproszenia,
dict,Запрошення надіслано,Запрошення надіслано,Приглашение отправлено,Invitation sent,Zaproszenie wysłane,
dict,Запрошення у спільноту,Запрошення у спільноту,Приглашение в сообщество,Community invitation,Zaproszenie do społeczności,
dict,Заряд бадьорості й дофаміну,Заряд бадьорості й дофаміну,Заряд бодрости и дофамина,A boost of alertness and dopamine,Zastrzyk energii i dopaminy,
dict,Засинання супроводжується падінням внутрішньої температури тіла. Прохолодна спальня (близько 18–19 °C) підтримує цей процес і покращує глибину сну.,Засинання супроводжується падінням внутрішньої температури тіла. Прохолодна спальня (близько 18–19 °C) підтримує цей процес і покращує глибину сну.,Засыпание сопровождается падением внутренней температуры тела. Прохладная спальня (около 18–19 °C) поддерживает этот процесс и улучшает глубину сна.,Falling asleep comes with a drop in core body temperature. A cool bedroom (about 18–19 °C) supports this and improves sleep depth.,Zasypianiu towarzyszy spadek temperatury wewnętrznej ciała. Chłodna sypialnia (około 18–19 °C) wspiera ten proces i poprawia głębokość snu.,
dict,Засинання та зняття тривоги,Засинання та зняття тривоги,Засыпание и снятие тревоги,Falling asleep and easing anxiety,Zasypianie i redukcja lęku,
dict,Заспокоює розум і тіло,Заспокоює розум і тіло,Успокаивает ум и тело,Calms mind and body,Uspokaja umysł i ciało,
dict,Затримай,Затримай,Задержи,Hold,Wstrzymaj,
dict,Затримай на видиху,Затримай на видиху,Задержи на выдохе,Hold on the exhale,Wstrzymaj na wydechu,
dict,затримка ,затримка ,задержка ,hold ,wstrzymanie ,
dict,Затримка 2 хв,Затримка 2 хв,Задержка 2 мин,2 min hold,Wstrzymanie 2 min,
dict,Затримка 3 хв,Затримка 3 хв,Задержка 3 мин,3 min hold,Wstrzymanie 3 min,
dict,Затримка 4 хв,Затримка 4 хв,Задержка 4 мин,4 min hold,Wstrzymanie 4 min,
dict,Затримка 5 хв,Затримка 5 хв,Задержка 5 мин,5 min hold,Wstrzymanie 5 min,
dict,Затримка 60 с,Затримка 60 с,Задержка 60 с,60 s hold,Wstrzymanie 60 s,
dict,Затримка дихання тренує толерантність до CO₂,Затримка дихання тренує толерантність до CO₂,Задержка дыхания тренирует толерантность к CO₂,Breath-holding trains CO₂ tolerance,Wstrzymywanie oddechu trenuje tolerancję na CO₂,
dict,Затримки,Затримки,Задержки,Holds,Wstrzymania,
dict,Затримки тренують реакцію мозку на дискомфорт,Затримки тренують реакцію мозку на дискомфорт,Задержки тренируют реакцию мозга на дискомфорт,Holds train the brain's response to discomfort,Wstrzymania trenują reakcję mózgu na dyskomfort,
dict,Заявлена регенерація тканин і підтримка імунітету. Традиційна інтерпретація без клінічних даних.,Заявлена регенерація тканин і підтримка імунітету. Традиційна інтерпретація без клінічних даних.,Заявлена регенерация тканей и поддержка иммунитета. Традиционная интерпретация без клинических данных.,Claimed tissue regeneration and immune support. A traditional interpretation with no clinical data.,Deklarowana regeneracja tkanek i wsparcie odporności. Tradycyjna interpretacja bez danych klinicznych.,
dict,Заявлений зв'язок з інтуїцією й «духовним порядком». Основа суто езотерична.,Заявлений зв'язок з інтуїцією й «духовним порядком». Основа суто езотерична.,Заявлена связь с интуицией и «духовным порядком». Основа сугубо эзотерическая.,A claimed link to intuition and «spiritual order». A purely esoteric basis.,Deklarowany związek z intuicją i „porządkiem duchowym”. Podstawa czysto ezoteryczna.,
dict,Заявлений зв'язок зі стосунками й комунікацією («серцева чакра»). Без емпіричної перевірки.,Заявлений зв'язок зі стосунками й комунікацією («серцева чакра»). Без емпіричної перевірки.,Заявлена связь с отношениями и коммуникацией («сердечная чакра»). Без эмпирической проверки.,A claimed link to relationships and communication (the «heart chakra»). No empirical testing.,Deklarowany związek z relacjami i komunikacją („czakra serca”). Bez weryfikacji empirycznej.,
dict,Зберегти,Зберегти,Сохранить,Save,Zapisz,
dict,Зберегти новий пароль,Зберегти новий пароль,Сохранить новый пароль,Save new password,Zapisz nowe hasło,
dict,Зберегти оцінку,Зберегти оцінку,Сохранить оценку,Save rating,Zapisz ocenę,
dict,Зберегти пароль,Зберегти пароль,Сохранить пароль,Save password,Zapisz hasło,
dict,Збереження…,Збереження…,Сохранение…,Saving…,Zapisywanie…,
dict,Збережено,Збережено,Сохранено,Saved,Zapisano,
dict,Збережено в календар,Збережено в календар,Сохранено в календарь,Saved to calendar,Zapisano w kalendarzu,
dict,Збережено ✓,Збережено ✓,Сохранено ✓,Saved ✓,Zapisano ✓,
dict,Звання,Звання,Звание,Rank,Ranga,
dict,Звання відкриваються за рівнями — кожні 3 рівні новий ранг.,Звання відкриваються за рівнями — кожні 3 рівні новий ранг.,Звания открываются по уровням — каждые 3 уровня новый ранг.,Titles unlock by level — a new rank every 3 levels.,Tytuły odblokowują się według poziomów — nowa ranga co 3 poziomy.,
dict,Зверни увагу на 1 смак у роті або згадай улюблений.,Зверни увагу на 1 смак у роті або згадай улюблений.,Обрати внимание на 1 вкус во рту или вспомни любимый.,"Notice 1 taste in your mouth, or recall a favourite one.",Zwróć uwagę na 1 smak w ustach lub przypomnij sobie ulubiony.,
dict,Звичка,Звичка,Привычка,Habit,Nawyk,
dict,Звички,Звички,Привычки,Habits,Nawyki,
dict,Звички (зриви),Звички (зриви),Привычки (срывы),Habits (slips),Nawyki (wpadki),
dict,Звички (обери одну чи кілька),Звички (обери одну чи кілька),Привычки (выбери одну или несколько),Habits (pick one or more),Nawyki (wybierz jeden lub kilka),
dict,Звички сьогодні,Звички сьогодні,Привычки сегодня,Habits today,Nawyki dziś,
dict,Звички: ,Звички: ,Привычки: ,Habits: ,Nawyki: ,
dict,Звук дихання,Звук дихання,Звук дыхания,Breath sound,Dźwięk oddechu,
dict,Звуки природи,Звуки природи,Звуки природы,Nature sounds,Dźwięki natury,
dict,Звукові підказки (вдих/видих),Звукові підказки (вдих/видих),Звуковые подсказки (вдох/выдох),Sound cues (inhale/exhale),Podpowiedzi dźwiękowe (wdech/wydech),
dict,"Звідки береться твій рівень, звання й очки навичок.","Звідки береться твій рівень, звання й очки навичок.","Откуда берётся твой уровень, звание и очки навыков.","Where your level, rank and skill points come from.","Skąd biorą się twój poziom, ranga i punkty umiejętności.",
dict,"Звідси відкриваються практики: дихання, холод, вправи, частоти, антистрес. У демо їх можна роздивитись, а проходити — вже зі своїм акаунтом.","Звідси відкриваються практики: дихання, холод, вправи, частоти, антистрес. У демо їх можна роздивитись, а проходити — вже зі своїм акаунтом.","Отсюда открываются практики: дыхание, холод, упражнения, частоты, антистресс. В демо их можно рассмотреть, а проходить — уже со своим аккаунтом.","Practices open from here: breathing, cold, exercises, frequencies, anti-stress. In the demo you can look around; to actually do them, use your own account.","Stąd otwierają się praktyki: oddech, zimno, ćwiczenia, częstotliwości, antystres. W demie możesz się rozejrzeć, a wykonywać je — już z własnym kontem.",
dict,Здоровʼя плечей,Здоровʼя плечей,Здоровье плеч,Shoulder health,Zdrowie barków,
dict,Зміна пароля,Зміна пароля,Смена пароля,Change password,Zmiana hasła,
dict,Змінити оцінку дня,Змінити оцінку дня,Изменить оценку дня,Edit day rating,Zmień ocenę dnia,
dict,змінити ›,змінити ›,изменить ›,edit ›,zmień ›,
dict,"Знайди 3 відчуття дотику: одяг на шкірі, опора під тобою, температура повітря.","Знайди 3 відчуття дотику: одяг на шкірі, опора під тобою, температура повітря.","Найди 3 ощущения прикосновения: одежда на коже, опора под тобой, температура воздуха.","Find 3 touch sensations: clothes on your skin, the support beneath you, the air temperature.","Znajdź 3 odczucia dotyku: ubranie na skórze, oparcie pod tobą, temperatura powietrza.",
dict,Знання,Знання,Знание,Knowledge,Wiedza,
dict,Знижує запалення,Знижує запалення,Снижает воспаление,Reduces inflammation,Obniża stan zapalny,
dict,Знижує стрес і тривогу,Знижує стрес і тривогу,Снижает стресс и тревогу,Reduces stress and anxiety,Obniża stres i lęk,
dict,Знижує тривожність,Знижує тривожність,Снижает тревожность,Reduces anxiety,Obniża lękliwość,
dict,Знімає м'язову напругу й тривогу,Знімає м'язову напругу й тривогу,Снимает мышечное напряжение и тревогу,Releases muscle tension and anxiety,Redukuje napięcie mięśni i lęk,
dict,Зосереджений,Зосереджений,Сосредоточенный,Focused,Skupiony,
dict,Зрив,Зрив,Срыв,Slip,Wpadka,
dict,Зрив сьогодні ✓,Зрив сьогодні ✓,Срыв сегодня ✓,Slip today ✓,Wpadka dziś ✓,
dict,Зрив ✓,Зрив ✓,Срыв ✓,Slip ✓,Wpadka ✓,
dict,Зривів,Зривів,Срывов,Slips,Wpadek,
dict,Зроби кілька практик — і тут з'явиться твоя динаміка.,Зроби кілька практик — і тут з'явиться твоя динаміка.,Сделай несколько практик — и тут появится твоя динамика.,Do a few practices — and your trend will appear here.,Wykonaj kilka praktyk — a pojawi się tu twój trend.,
dict,"Зроби першу практику — і твої навички почнуть рости, а рівень підійматися.","Зроби першу практику — і твої навички почнуть рости, а рівень підійматися.","Пройди первую практику — и твои навыки начнут расти, а уровень подниматься.",Do your first practice — your skills will start growing and your level will rise.,"Wykonaj pierwszą praktykę — twoje umiejętności zaczną rosnąć, a poziom się podniesie.",
dict,Зручний інструмент для денного перезавантаження або коли вночі недоспав. 10–20 хвилин зазвичай достатньо.,Зручний інструмент для денного перезавантаження або коли вночі недоспав. 10–20 хвилин зазвичай достатньо.,Удобный инструмент для дневной перезагрузки или когда ночью недоспал. 10–20 минут обычно достаточно.,A handy tool for a midday reset or after a short night. 10–20 minutes is usually enough.,Wygodne narzędzie na dzienny reset albo gdy nie dospałeś w nocy. 10–20 minut zwykle wystarcza.,pl-gender
dict,Зручно перед стресовою ситуацією,Зручно перед стресовою ситуацією,Удобно перед стрессовой ситуацией,Handy before a stressful moment,Przydatne przed stresującą sytuacją,
dict,"Зріст, см","Зріст, см","Рост, см","Height, cm","Wzrost, cm",
dict,Зупинити,Зупинити,Остановить,Stop,Zatrzymaj,
dict,Зцілювальна музика,Зцілювальна музика,Исцеляющая музыка,Healing music,Muzyka uzdrawiająca,
dict,Зігни руки в ліктях і напруж передпліччя.,Зігни руки в ліктях і напруж передпліччя.,Согни руки в локтях и напряги предплечья.,Bend your elbows and tense your forearms.,Zegnij ręce w łokciach i napnij przedramiona.,
dict,"Йому приписують гармонізацію, зменшення стресу й навіть «відновлення ДНК». Найчастіше використовують для медитації, вдячності та спокою.","Йому приписують гармонізацію, зменшення стресу й навіть «відновлення ДНК». Найчастіше використовують для медитації, вдячності та спокою.","Ему приписывают гармонизацию, снижение стресса и даже «восстановление ДНК». Чаще всего используют для медитации, благодарности и спокойствия.","It's credited with harmonization, stress reduction and even «DNA repair». Most often used for meditation, gratitude and calm.","Przypisuje się mu harmonizację, redukcję stresu, a nawet „naprawę DNA”. Najczęściej używany do medytacji, wdzięczności i spokoju.",
dict,"Йому приписують зв'язок із інтуїцією та відчуттям єдності, активацію «шишковидної залози». Для глибокої медитації й тиші розуму.","Йому приписують зв'язок із інтуїцією та відчуттям єдності, активацію «шишковидної залози». Для глибокої медитації й тиші розуму.","Ему приписывают связь с интуицией и чувством единства, активацию «шишковидной железы». Для глубокой медитации и тишины ума.","It's credited with a link to intuition and a sense of unity, and with activating the «pineal gland». For deep meditation and quiet of mind.",Przypisuje się mu związek z intuicją i poczuciem jedności oraz aktywację „szyszynki”. Do głębokiej medytacji i ciszy umysłu.,
dict,Календар,Календар,Календарь,Calendar,Kalendarz,
dict,Календар і аналіз,Календар і аналіз,Календарь и анализ,Calendar and analysis,Kalendarz i analiza,
dict,Календар — активність,Календар — активність,Календарь — активность,Calendar — activity,Kalendarz — aktywność,
dict,Кардіо,Кардіо,Кардио,Cardio,Cardio,pl=en?
dict,Кардіо тренування,Кардіо тренування,Кардио тренировки,Cardio training,Trening cardio,
dict,Категорія,Категорія,Категория,Category,Kategoria,
dict,Категорія навички,Категорія навички,Категория навыка,Skill category,Kategoria umiejętności,
dict,Квадратне,Квадратне,Квадратное,Box,Kwadratowy,
dict,Квадратне дихання,Квадратне дихання,Квадратное дыхание,Box breathing,Oddech kwadratowy,
dict,"Квадратне дихання 4-4-4-4 (вдих-затримка-видих-затримка). Швидко заспокоює й повертає контроль. Ідеально перед співбесідою, складною розмовою чи коли нервуєш.","Квадратне дихання 4-4-4-4 (вдих-затримка-видих-затримка). Швидко заспокоює й повертає контроль. Ідеально перед співбесідою, складною розмовою чи коли нервуєш.","Квадратное дыхание 4-4-4-4 (вдох-задержка-выдох-задержка). Быстро успокаивает и возвращает контроль. Идеально перед собеседованием, сложным разговором или когда нервничаешь.","Box breathing 4-4-4-4 (inhale-hold-exhale-hold). Quickly calms you and restores control. Perfect before an interview, a hard conversation, or when you're nervous.","Oddech kwadratowy 4-4-4-4 (wdech-wstrzymanie-wydech-wstrzymanie). Szybko uspokaja i przywraca kontrolę. Idealny przed rozmową kwalifikacyjną, trudną rozmową lub gdy się denerwujesz.",
dict,Квітень,Квітень,Апрель,April,Kwiecień,
dict,Керована увага по тілу,Керована увага по тілу,Управляемое внимание по телу,Guided body attention,Prowadzona uwaga po ciele,
dict,Керована увага по тілу зверху вниз.,Керована увага по тілу зверху вниз.,Управляемое внимание по телу сверху вниз.,"Guided attention through the body, top to bottom.",Prowadzona uwaga przez ciało od góry do dołu.,
dict,"Кероване розслаблення лежачи поповнює ресурс, навіть якщо ти не заснув.","Кероване розслаблення лежачи поповнює ресурс, навіть якщо ти не заснув.","Управляемое расслабление лёжа пополняет ресурс, даже если ты не заснул.","Guided relaxation lying down restores you, even without falling asleep.","Prowadzony relaks na leżąco odbudowuje zasoby, nawet jeśli nie zaśniesz.",
dict,Керований дискомфорт тренує самовладання,Керований дискомфорт тренує самовладання,Управляемый дискомфорт тренирует самообладание,Controlled discomfort trains self-control,Kontrolowany dyskomfort trenuje panowanie nad sobą,
dict,Кисті рук,Кисті рук,Кисти рук,Hands,Dłonie,
dict,Клас,Клас,Класс,Class,Klasa,
dict,Клас: ,Клас: ,Класс: ,Class: ,Klasa: ,
dict,Клас: Споглядач розуму,Клас: Споглядач розуму,Класс: Созерцатель разума,Class: Mind Contemplator,Klasa: Obserwator umysłu,
dict,Класи,Класи,Классы,Classes,Klasy,
dict,"Ключ — поступовість і регулярність, а не екстремальність. Кілька хвилин достатньо.","Ключ — поступовість і регулярність, а не екстремальність. Кілька хвилин достатньо.","Ключ — постепенность и регулярность, а не экстремальность. Нескольких минут достаточно.","The key is gradual regularity, not extremes. A few minutes is enough.","Klucz to stopniowość i regularność, a nie ekstremalność. Kilka minut wystarczy.",
dict,Ключове,Ключове,Главное,Key points,Najważniejsze,
dict,"Клінічних доказів немає — це практика наміру, а не медицина.","Клінічних доказів немає — це практика наміру, а не медицина.","Клинических доказательств нет — это практика намерения, а не медицина.","There's no clinical evidence — it's a practice of intention, not medicine.","Brak dowodów klinicznych — to praktyka intencji, a nie medycyna.",
dict,книг,книг,книг,books,książek,ru=uk?
dict,Книга,Книга,Книга,Book,Książka,ru=uk?
dict,Книги,Книги,Книги,Books,Książki,ru=uk?
dict,Когерентне дихання,Когерентне дихання,Когерентное дыхание,Coherent breathing,Oddech koherentny,
dict,Когерентне дихання ~5.5 за хвилину,Когерентне дихання ~5.5 за хвилину,Когерентное дыхание ~5.5 в минуту,Coherent breathing ~5.5 per minute,"Oddech koherentny ~5,5 na minutę",
dict,Когерентне дихання ~5.5 с вдих і видих максимізує HRV — показник стресостійкості. Гарна щоденна 5-хвилинна база.,Когерентне дихання ~5.5 с вдих і видих максимізує HRV — показник стресостійкості. Гарна щоденна 5-хвилинна база.,Когерентное дыхание ~5.5 с вдох и выдох максимизирует HRV — показатель стрессоустойчивости. Хорошая ежедневная 5-минутная база.,Coherent breathing ~5.5 s in and out maximizes HRV — a marker of stress resilience. A good daily 5-minute base.,"Oddech koherentny ~5,5 s wdech i wydech maksymalizuje HRV — wskaźnik odporności na stres. Dobra codzienna 5-minutowa baza.",
dict,Кожен день із практикою позначено — так наочно видно твою серію й ритм занять.,Кожен день із практикою позначено — так наочно видно твою серію й ритм занять.,Каждый день с практикой отмечен — так наглядно видно твою серию и ритм занятий.,Every day with a practice is marked — so you can clearly see your streak and rhythm.,Każdy dzień z praktyką jest oznaczony — tak wyraźnie widać twoją serię i rytm.,
dict,Кожна практика лишає слід.,Кожна практика лишає слід.,Каждая практика оставляет след.,Every practice leaves a mark.,Każda praktyka zostawia ślad.,
dict,Кожна практика розподіляє зароблені очки між навичками за фіксованим вектором — тому одна дія може качати кілька навичок водночас.,Кожна практика розподіляє зароблені очки між навичками за фіксованим вектором — тому одна дія може качати кілька навичок водночас.,Каждая практика распределяет заработанные очки между навыками по фиксированному вектору — поэтому одно действие может качать несколько навыков сразу.,Every practice distributes the points you earn across skills by a fixed vector — so one action can train several skills at once.,Każda praktyka rozdziela zdobyte punkty między umiejętności według stałego wektora — więc jedna czynność może rozwijać kilka umiejętności naraz.,
dict,"Кожна реальна практика — дихання Віма Хофа, холод, статичні вправи, медитація, частоти, читання — перетворюється на досвід (XP) гілок розвитку, рівні й ранги. Окрема механіка «Воля» винагороджує сталість.","Кожна реальна практика — дихання Віма Хофа, холод, статичні вправи, медитація, частоти, читання — перетворюється на досвід (XP) гілок розвитку, рівні й ранги. Окрема механіка «Воля» винагороджує сталість.","Каждая реальная практика — дыхание Вима Хофа, холод, статические упражнения, медитация, частоты, чтение — превращается в опыт (XP) веток развития, уровни и ранги. Отдельная механика «Воля» вознаграждает постоянство.","Every real practice — Wim Hof breathing, cold, static exercises, meditation, frequencies, reading — turns into experience (XP) for growth branches, levels and ranks. A separate «Will» mechanic rewards consistency.","Każda realna praktyka — oddech Wima Hofa, zimno, ćwiczenia statyczne, medytacja, częstotliwości, czytanie — zamienia się w doświadczenie (XP) gałęzi rozwoju, poziomy i rangi. Osobny mechanizm „Wola” nagradza systematyczność.",
dict,Кожні 3 рівні відкривається нове звання — твій титул за витримку:,Кожні 3 рівні відкривається нове звання — твій титул за витримку:,Каждые 3 уровня открывается новое звание — твой титул за выдержку:,Every 3 levels you unlock a new rank — your title for perseverance:,Co 3 poziomy odblokowujesz nową rangę — twój tytuł za wytrwałość:,
dict,Коли закінчується,Коли закінчується,Когда заканчивается,When it ends,Kiedy się kończy,
dict,Коло навичок: кожна практика дає очки досвіду й піднімає відповідну гілку. Твій рівень залежить від найдовшої серії практики поспіль.,Коло навичок: кожна практика дає очки досвіду й піднімає відповідну гілку. Твій рівень залежить від найдовшої серії практики поспіль.,Круг навыков: каждая практика даёт очки опыта и поднимает соответствующую ветку. Твой уровень зависит от самой длинной серии практики подряд.,Skill wheel: each practice gives experience points and raises the matching branch. Your level depends on your longest streak of practice in a row.,Koło umiejętności: każda praktyka daje punkty doświadczenia i podnosi odpowiednią gałąź. Twój poziom zależy od najdłuższej serii praktyki z rzędu.,
dict,Коло скілів,Коло скілів,Круг навыков,Skill wheel,Koło umiejętności,
dict,коліна й гомілки,коліна й гомілки,колени и голени,your knees and calves,kolana i łydki,
dict,Коментар…,Коментар…,Комментарий…,Comment…,Komentarz…,
dict,Контраст: тепло й холод по черзі,Контраст: тепло й холод по черзі,Контраст: тепло и холод по очереди,Contrast: alternating heat and cold,Kontrast: ciepło i zimno na przemian,
dict,Контрастний душ,Контрастний душ,Контрастный душ,Contrast shower,Prysznic kontrastowy,
dict,Контрастні процедури (сауна/гаряча вода → холод) активно перемикають судини й нервову систему. Багато людей відзначають бадьорість і кращий настрій.,Контрастні процедури (сауна/гаряча вода → холод) активно перемикають судини й нервову систему. Багато людей відзначають бадьорість і кращий настрій.,Контрастные процедуры (сауна/горячая вода → холод) активно переключают сосуды и нервную систему. Многие отмечают бодрость и лучшее настроение.,Contrast routines (sauna/hot water → cold) actively switch the blood vessels and nervous system. Many people report alertness and a better mood.,Zabiegi kontrastowe (sauna/gorąca woda → zimno) aktywnie przełączają naczynia i układ nerwowy. Wiele osób odczuwa energię i lepszy nastrój.,
dict,"Кор, стабільність, витривалість","Кор, стабільність, витривалість","Кор, стабильность, выносливость","Core, stability, endurance","Core, stabilność, wytrzymałość",
dict,Користь — у спокійному усвідомленому слуханні,Користь — у спокійному усвідомленому слуханні,Польза — в спокойном осознанном слушании,"The benefit is calm, mindful listening","Korzyść tkwi w spokojnym, świadomym słuchaniu",
dict,"Коротко, чесно й з джерелами. Обери тему.","Коротко, чесно й з джерелами. Обери тему.","Коротко, честно и с источниками. Выбери тему.","Brief, honest and sourced. Pick a topic.","Krótko, uczciwie i ze źródłami. Wybierz temat.",
dict,Коротко: що вплинуло на цей день?,Коротко: що вплинуло на цей день?,Кратко: что повлияло на этот день?,Briefly: what shaped this day?,Krótko: co wpłynęło na ten dzień?,
dict,"Короткі перерви, погляд удалечінь і природа відновлюють концентрацію.","Короткі перерви, погляд удалечінь і природа відновлюють концентрацію.","Короткие перерывы, взгляд вдаль и природа восстанавливают концентрацию.","Short breaks, looking into the distance and nature restore focus.","Krótkie przerwy, patrzenie w dal i natura przywracają koncentrację.",
dict,Крижана ванна,Крижана ванна,Ледяная ванна,Ice bath,Lodowa kąpiel,
dict,"Кілька кроків, щоб застосунок ожив і почав рахувати твій прогрес.","Кілька кроків, щоб застосунок ожив і почав рахувати твій прогрес.","Несколько шагов, чтобы приложение ожило и начало считать твой прогресс.",A few steps to bring the app to life and start tracking your progress.,"Kilka kroków, aby aplikacja ożyła i zaczęła liczyć twój postęp.",
dict,л,л,л,L,l,
dict,л/день,л/день,л/день,L/day,l/dzień,ru=uk?
dict,Ласкаво просимо,Ласкаво просимо,Добро пожаловать,Welcome,Witaj,
dict,Легенда,Легенда,Легенда,Legend,Legenda,ru=uk?
dict,Легкі дофамінові піки притуплюють драйв,Легкі дофамінові піки притуплюють драйв,Лёгкие дофаминовые пики притупляют драйв,Easy dopamine spikes blunt drive,Łatwe skoki dopaminy przytępiają napęd,
dict,Липень,Липень,Июль,July,Lipiec,
dict,Лист із посиланням для скидання пароля надіслано на пошту.,Лист із посиланням для скидання пароля надіслано на пошту.,Письмо со ссылкой для сброса пароля отправлено на почту.,A password reset link has been sent to your email.,Link do resetu hasła został wysłany na e-mail.,
dict,Листопад,Листопад,Ноябрь,November,Listopad,
dict,Лови денне світло у перші години,Лови денне світло у перші години,Лови дневной свет в первые часы,Catch daylight in the first hours,Łap dzienne światło w pierwszych godzinach,
dict,Лютий,Лютий,Февраль,February,Luty,
dict,"Ляж або сядь зручно, заплющ очі. Кілька спокійних вдихів.","Ляж або сядь зручно, заплющ очі. Кілька спокійних вдихів.","Ляг или сядь удобно, закрой глаза. Несколько спокойных вдохов.","Lie or sit comfortably, close your eyes. A few calm breaths.","Połóż się lub usiądź wygodnie, zamknij oczy. Kilka spokojnych oddechów.",
dict,"Ляж зручно, заплющ очі. Дихай спокійно.","Ляж зручно, заплющ очі. Дихай спокійно.","Ляг удобно, закрой глаза. Дыши спокойно.","Lie comfortably, close your eyes. Breathe calmly.","Połóż się wygodnie, zamknij oczy. Oddychaj spokojnie.",
dict,Літри,Літри,Литры,Liters,Litry,
dict,літрів на день,літрів на день,литров в день,liters per day,litrów dziennie,
dict,"М'яко напруж шию, легко притиснувши підборіддя до грудей.","М'яко напруж шию, легко притиснувши підборіддя до грудей.","Мягко напряги шею, слегка прижав подбородок к груди.","Gently tense your neck, lightly pressing your chin to your chest.","Delikatnie napnij kark, lekko przyciskając brodę do klatki.",
dict,Майже там,Майже там,Почти у цели,Almost there,Już blisko,
dict,макс,макс,макс,max,maks,ru=uk?
dict,Максимальний рівень,Максимальний рівень,Максимальный уровень,Max level,Maksymalny poziom,
dict,максимальний рівень,максимальний рівень,максимальный уровень,max level,maksymalny poziom,
dict,Максимум ,Максимум ,Максимум ,Max ,Maksimum ,ru=uk?
dict,максимум ✓,максимум ✓,максимум ✓,max ✓,maks ✓,ru=uk?
dict,маківку голови,маківку голови,макушку головы,the crown of your head,czubek głowy,
dict,Малі вибірки — висновки попередні,Малі вибірки — висновки попередні,Малые выборки — выводы предварительные,Small samples — conclusions are preliminary,Małe próby — wnioski wstępne,
dict,Матеріал не знайдено.,Матеріал не знайдено.,Материал не найден.,Material not found.,Nie znaleziono materiału.,
dict,Має відносно найкращу наукову підтримку серед усіх тут.,Має відносно найкращу наукову підтримку серед усіх тут.,Имеет относительно лучшую научную поддержку среди всех здесь.,Has relatively the best scientific support of everything here.,Ma względnie najlepsze wsparcie naukowe spośród wszystkich tutaj.,
dict,"Медитативне дихання (4-7-8, когерентне, квадратне), частоти, а також частина дихання Віма Хофа й холоду.","Медитативне дихання (4-7-8, когерентне, квадратне), частоти, а також частина дихання Віма Хофа й холоду.","Медитативное дыхание (4-7-8, когерентное, квадратное), частоты, а также часть дыхания Вима Хофа и холода.","Meditative breathing (4-7-8, coherent, box), frequencies, plus part of Wim Hof breathing and cold.","Oddech medytacyjny (4-7-8, koherentny, kwadratowy), częstotliwości, a także część oddechu Wima Hofa i zimna.",
dict,"Медитативний стан, глибока релаксація, REM-сон. ~6 Гц асоціюють з входженням у медитацію.","Медитативний стан, глибока релаксація, REM-сон. ~6 Гц асоціюють з входженням у медитацію.","Медитативное состояние, глубокая релаксация, REM-сон. ~6 Гц ассоциируют с вхождением в медитацию.","A meditative state, deep relaxation, REM sleep. ~6 Hz is associated with entering meditation.","Stan medytacyjny, głęboki relaks, sen REM. ~6 Hz kojarzy się z wchodzeniem w medytację.",
dict,Медитація,Медитація,Медитация,Meditation,Medytacja,
dict,МЕНТАЛЬНІСТЬ,МЕНТАЛЬНІСТЬ,МЕНТАЛЬНОСТЬ,MENTAL,UMYSŁ,
dict,Ментальність,Ментальність,Ментальность,Mental,Umysł,
dict,Ментальність · ,Ментальність · ,Ментальность · ,Mind · ,Umysł · ,
dict,Ментальність випереджає тіло,Ментальність випереджає тіло,Ментальность опережает тело,Mind ahead of body,Umysł wyprzedza ciało,
dict,Меню,Меню,Меню,Menu,Menu,ru=uk?;pl=en?
dict,Мета,Мета,Цель,Target,Cel docelowy,
dict,"Мета — не розвага, а система, що тримає тебе в практиці щодня й показує реальний поступ.","Мета — не розвага, а система, що тримає тебе в практиці щодня й показує реальний поступ.","Цель — не развлечение, а система, которая держит тебя в практике каждый день и показывает реальный прогресс.",The goal is not entertainment but a system that keeps you practicing every day and shows real progress.,"Cel to nie rozrywka, lecz system, który utrzymuje cię w praktyce każdego dnia i pokazuje realny postęp.",
dict,Метод Віма Хофа,Метод Віма Хофа,Метод Вима Хофа,Wim Hof Method,Metoda Wima Hofa,
dict,Метод Віма Хофа та інші затримки дихання. (Дихання також на 40% живить Спокій.),Метод Віма Хофа та інші затримки дихання. (Дихання також на 40% живить Спокій.),Метод Вима Хофа и другие задержки дыхания. (Дыхание также на 40% питает Спокойствие.),The Wim Hof Method and other breath holds. (Breathing also feeds 40% into Calm.),Metoda Wima Hofa i inne wstrzymania oddechu. (Oddech zasila też Spokój w 40%.),
dict,"Метод Віма Хофа: 3 раунди по ~30 інтенсивних дихань, потім затримка на видиху скільки комфортно.","Метод Віма Хофа: 3 раунди по ~30 інтенсивних дихань, потім затримка на видиху скільки комфортно.","Метод Вима Хофа: 3 раунда по ~30 интенсивных вдохов, затем задержка на выдохе сколько комфортно.","Wim Hof method: 3 rounds of ~30 intense breaths, then hold on the exhale as long as comfortable.","Metoda Wima Hofa: 3 rundy po ~30 intensywnych oddechów, potem zatrzymanie na wydechu ile wygodnie.",
dict,"Метод Віма Хофа: ~3 раунди по 30 інтенсивних дихань, далі затримка на видиху скільки комфортно. Дає енергію, стійкість до стресу й холоду. Не роби у воді чи стоячи. Початок — 30 дихань, 1–2 раунди.","Метод Віма Хофа: ~3 раунди по 30 інтенсивних дихань, далі затримка на видиху скільки комфортно. Дає енергію, стійкість до стресу й холоду. Не роби у воді чи стоячи. Початок — 30 дихань, 1–2 раунди.","Метод Вима Хофа: ~3 раунда по 30 интенсивных дыханий, затем задержка на выдохе сколько комфортно. Даёт энергию, устойчивость к стрессу и холоду. Не делай в воде или стоя. Начало — 30 дыханий, 1–2 раунда.","Wim Hof Method: ~3 rounds of 30 intense breaths, then hold on the exhale as long as comfortable. Gives energy and resilience to stress and cold. Don't do it in water or standing. Start with 30 breaths, 1–2 rounds.","Metoda Wima Hofa: ~3 rundy po 30 intensywnych oddechów, potem wstrzymanie na wydechu tak długo, jak komfortowo. Daje energię, odporność na stres i zimno. Nie rób w wodzie ani na stojąco. Początek — 30 oddechów, 1–2 rundy.",
dict,Метод Віма Хофа: що показують дослідження,Метод Віма Хофа: що показують дослідження,Метод Вима Хофа: что показывают исследования,The Wim Hof Method: what studies show,Metoda Wima Hofa: co pokazują badania,
dict,"Метод поєднує гіпервентиляцію, затримки й холод — кожен компонент діє по-своєму. Більшість користі досі пояснюється стресостійкістю та спокоєм, а не «надздібностями».","Метод поєднує гіпервентиляцію, затримки й холод — кожен компонент діє по-своєму. Більшість користі досі пояснюється стресостійкістю та спокоєм, а не «надздібностями».","Метод сочетает гипервентиляцию, задержки и холод — каждый компонент действует по-своему. Большую часть пользы пока объясняют стрессоустойчивостью и спокойствием, а не «сверхспособностями».","The method combines hyperventilation, holds and cold — each part works differently. Most of the benefit is still explained by stress resilience and calm, not «superpowers».","Metoda łączy hiperwentylację, wstrzymania i zimno — każdy element działa inaczej. Większość korzyści wciąż tłumaczy się odpornością na stres i spokojem, a nie „supermocami”.",
dict,Метрика,Метрика,Метрика,Metric,Metryka,ru=uk?
dict,мету досягнуто,мету досягнуто,цель достигнута,target reached,cel osiągnięty,
dict,Мова,Мова,Язык,Language,Język,
dict,Мова інтерфейсу,Мова інтерфейсу,Язык интерфейса,Interface language,Język interfejsu,
dict,Мова інтерфейсу та меню швидкого доступу.,Мова інтерфейсу та меню швидкого доступу.,Язык интерфейса и меню быстрого доступа.,Interface language and the quick-access menu.,Język interfejsu i menu szybkiego dostępu.,
dict,Можливий бонус для артеріального тиску,Можливий бонус для артеріального тиску,Возможный бонус для артериального давления,A possible bonus for blood pressure,Możliwy bonus dla ciśnienia tętniczego,
dict,Можна робити будь-де,Можна робити будь-де,Можно делать где угодно,Can be done anywhere,Można robić wszędzie,
dict,Мої ноги важкі.,Мої ноги важкі.,Мои ноги тяжёлые.,My legs are heavy.,Moje nogi są ciężkie.,
dict,Мої ноги теплі.,Мої ноги теплі.,Мои ноги тёплые.,My legs are warm.,Moje nogi są ciepłe.,
dict,Мої руки важкі.,Мої руки важкі.,Мои руки тяжёлые.,My arms are heavy.,Moje ręce są ciężkie.,
dict,Мої руки теплі.,Мої руки теплі.,Мои руки тёплые.,My arms are warm.,Moje ręce są ciepłe.,
dict,Мої цілі,Мої цілі,Мои цели,My goals,Moje cele,
dict,Музика,Музика,Музыка,Music,Muzyka,
dict,Музика по частотах,Музика по частотах,Музыка по частотам,Frequency music,Muzyka częstotliwości,
dict,Мій прогрес,Мій прогрес,Мой прогресс,My progress,Mój postęp,
dict,М’яко прогнись назад або вийди в місток лише в межах комфорту. Без болю в попереку. Тримай і рівно дихай.,М’яко прогнись назад або вийди в місток лише в межах комфорту. Без болю в попереку. Тримай і рівно дихай.,Мягко прогнись назад или выйди в мостик только в пределах комфорта. Без боли в пояснице. Держи и ровно дыши.,"Gently arch back or come into a bridge, only within your comfort. No lower-back pain. Hold and breathe evenly.",Delikatnie wygnij się do tyłu lub wejdź w mostek tylko w granicach komfortu. Bez bólu w lędźwiach. Trzymaj i równo oddychaj.,
dict,"На відміну від білого жиру, бура тканина виробляє тепло, спалюючи енергію. Холод її активує й може дещо збільшувати її кількість.","На відміну від білого жиру, бура тканина виробляє тепло, спалюючи енергію. Холод її активує й може дещо збільшувати її кількість.","В отличие от белого жира, бурая ткань производит тепло, сжигая энергию. Холод её активирует и может немного увеличивать её количество.","Unlike white fat, brown fat produces heat by burning energy. Cold activates it and may slightly increase how much you have.","W odróżnieniu od białego tłuszczu, brunatna tkanka wytwarza ciepło, spalając energię. Zimno ją aktywuje i może nieco zwiększać jej ilość.",
dict,На Головну,На Головну,На главную,To Home,Na Główną,
dict,"На частоті близько 0.1 Гц (приблизно 5.5 вдиху-видиху за хвилину) ритми серця й дихання входять у резонанс, і HRV помітно зростає. Це маркер гнучкості автономної нервової системи.","На частоті близько 0.1 Гц (приблизно 5.5 вдиху-видиху за хвилину) ритми серця й дихання входять у резонанс, і HRV помітно зростає. Це маркер гнучкості автономної нервової системи.","На частоте около 0.1 Гц (примерно 5.5 вдоха-выдоха в минуту) ритмы сердца и дыхания входят в резонанс, и HRV заметно растёт. Это маркер гибкости вегетативной нервной системы.","At about 0.1 Hz (roughly 5.5 breaths per minute) heart and breath rhythms resonate, and HRV rises noticeably. It's a marker of autonomic nervous-system flexibility.","Przy około 0,1 Hz (mniej więcej 5,5 oddechu na minutę) rytmy serca i oddechu wchodzą w rezonans, a HRV wyraźnie rośnie. To marker elastyczności autonomicznego układu nerwowego.",
dict,Навігація та практики,Навігація та практики,Навигация и практики,Navigation & practices,Nawigacja i praktyki,
dict,Навіщо цей застосунок,Навіщо цей застосунок,Зачем это приложение,Why this app,Po co ta aplikacja,
dict,Нагадування,Нагадування,Напоминания,Reminders,Przypomnienia,
dict,Нагадування вимкнено,Нагадування вимкнено,Напоминания выключены,Reminders off,Przypomnienia wyłączone,
dict,Нагадування на пошту,Нагадування на пошту,Напоминания на почту,Email reminders,Przypomnienia na e-mail,
dict,Нагадування увімкнено,Нагадування увімкнено,Напоминания включены,Reminders on,Przypomnienia włączone,
dict,Надсилаю…,Надсилаю…,Отправляю…,Sending…,Wysyłam…,
dict,Надіслано,Надіслано,Отправлено,Sent,Wysłano,
dict,Назад,Назад,Назад,Back,Wstecz,ru=uk?
dict,Назва,Назва,Название,Name,Nazwa,
dict,Назва звички,Назва звички,Название привычки,Habit name,Nazwa nawyku,
dict,Назва книги *,Назва книги *,Название книги *,Book title *,Tytuł książki *,
dict,Назва розмови:,Назва розмови:,Название разговора:,Chat name:,Nazwa rozmowy:,
dict,Назва спільноти,Назва спільноти,Название сообщества,Community name,Nazwa społeczności,
dict,Назва цілі,Назва цілі,Название цели,Goal name,Nazwa celu,
dict,"Назви (подумки або вголос) 5 речей, які зараз бачиш. Розглянь деталі: кольори, форми, тіні.","Назви (подумки або вголос) 5 речей, які зараз бачиш. Розглянь деталі: кольори, форми, тіні.","Назови (мысленно или вслух) 5 вещей, которые сейчас видишь. Рассмотри детали: цвета, формы, тени.","Name (silently or aloud) 5 things you can see right now. Notice details: colours, shapes, shadows.","Nazwij (w myślach lub na głos) 5 rzeczy, które teraz widzisz. Zwróć uwagę na detale: kolory, kształty, cienie.",
dict,Назви 2 запахи. Якщо зараз не чуєш — згадай 2 улюблені.,Назви 2 запахи. Якщо зараз не чуєш — згадай 2 улюблені.,Назови 2 запаха. Если сейчас не чувствуешь — вспомни 2 любимых.,"Name 2 smells. If you can’t smell any now, recall 2 favourites.",Nazwij 2 zapachy. Jeśli teraz ich nie czujesz — przypomnij sobie 2 ulubione.,
dict,"Найвищий тон Solfeggio, «частота пробудження».","Найвищий тон Solfeggio, «частота пробудження».","Самый высокий тон Solfeggio, «частота пробуждения».","The highest Solfeggio tone, the «frequency of awakening».","Najwyższy ton Solfeggio, „częstotliwość przebudzenia”.",
dict,"Найвищий тон, «частота богів»; заявляють активацію шишковидної залози. Без підтверджених механізмів.","Найвищий тон, «частота богів»; заявляють активацію шишковидної залози. Без підтверджених механізмів.","Самый высокий тон, «частота богов»; заявляют активацию шишковидной железы. Без подтверждённых механизмов.","The highest tone, the «frequency of the gods»; claimed to activate the pineal gland. No confirmed mechanisms.","Najwyższy ton, „częstotliwość bogów”; deklarują aktywację szyszynki. Bez potwierdzonych mechanizmów.",
dict,найдовша затримка (с),найдовша затримка (с),самая длинная задержка (с),longest hold (s),najdłuższe wstrzymanie (s),
dict,найдовше ,найдовше ,дольше всего ,longest ,najdłużej ,
dict,"Найкраща інвестиція — у себе. 1 хв практики = 1 очко досвіду. Тут видно, як інвестиція робить тебе кращим.","Найкраща інвестиція — у себе. 1 хв практики = 1 очко досвіду. Тут видно, як інвестиція робить тебе кращим.","Лучшая инвестиция — в себя. 1 мин практики = 1 очко опыта. Здесь видно, как инвестиция делает тебя лучше.",The best investment is in yourself. 1 min of practice = 1 XP point. Here you see how the investment makes you better.,"Najlepsza inwestycja to inwestycja w siebie. 1 min praktyki = 1 punkt doświadczenia. Tutaj widać, jak ta inwestycja czyni cię lepszym.",
dict,Найкраще досліджений діапазон: невелике дослідження показало покращення пам'яті й концентрації при 40 Гц.,Найкраще досліджений діапазон: невелике дослідження показало покращення пам'яті й концентрації при 40 Гц.,Наиболее изученный диапазон: небольшое исследование показало улучшение памяти и концентрации при 40 Гц.,The best-studied range: a small study showed improved memory and concentration at 40 Hz.,Najlepiej zbadany zakres: małe badanie wykazało poprawę pamięci i koncentracji przy 40 Hz.,
dict,Найнижчий діапазон мозкових хвиль. Малі дослідження пов'язують стимуляцію ~3 Гц з глибоким сном і фізичним відновленням.,Найнижчий діапазон мозкових хвиль. Малі дослідження пов'язують стимуляцію ~3 Гц з глибоким сном і фізичним відновленням.,Самый низкий диапазон мозговых волн. Небольшие исследования связывают стимуляцию ~3 Гц с глубоким сном и физическим восстановлением.,The lowest range of brain waves. Small studies link ~3 Hz stimulation with deep sleep and physical recovery.,Najniższy zakres fal mózgowych. Małe badania łączą stymulację ~3 Hz z głębokim snem i regeneracją fizyczną.,
dict,Найнижчий тон шкали Solfeggio.,Найнижчий тон шкали Solfeggio.,Самый низкий тон шкалы Solfeggio.,The lowest tone of the Solfeggio scale.,Najniższy ton skali Solfeggio.,
dict,"Найповільніші мозкові хвилі (0.5–4 Гц), що домінують у глибокому сні без сновидінь.","Найповільніші мозкові хвилі (0.5–4 Гц), що домінують у глибокому сні без сновидінь.","Самые медленные мозговые волны (0.5–4 Гц), доминирующие в глубоком сне без сновидений.","The slowest brain waves (0.5–4 Hz), dominant in deep dreamless sleep.","Najwolniejsze fale mózgowe (0,5–4 Hz), dominujące w głębokim śnie bez marzeń sennych.",
dict,"Найпопулярніший тон Solfeggio, «частота любові».","Найпопулярніший тон Solfeggio, «частота любові».","Самый популярный тон Solfeggio, «частота любви».","The most popular Solfeggio tone, the «love frequency».","Najpopularniejszy ton Solfeggio, „częstotliwość miłości”.",
dict,"Найпопулярніший тон, «частота любові» / «ДНК-репарація». Маркетинговий міф без підтвердженого механізму.","Найпопулярніший тон, «частота любові» / «ДНК-репарація». Маркетинговий міф без підтвердженого механізму.","Самый популярный тон, «частота любви» / «ДНК-репарация». Маркетинговый миф без подтверждённого механизма.","The most popular tone, the «love frequency» / «DNA repair». A marketing myth with no confirmed mechanism.","Najpopularniejszy ton, „częstotliwość miłości” / „naprawa DNA”. Marketingowy mit bez potwierdzonego mechanizmu.",
dict,"Найшвидші хвилі (~40 Гц), повʼязані з піковою увагою й обробкою інформації.","Найшвидші хвилі (~40 Гц), повʼязані з піковою увагою й обробкою інформації.","Самые быстрые волны (~40 Гц), связанные с пиковым вниманием и обработкой информации.","The fastest waves (~40 Hz), linked to peak attention and information processing.","Najszybsze fale (~40 Hz), związane ze szczytową uwagą i przetwarzaniem informacji.",
dict,Налаштування,Налаштування,Настройки,Settings,Ustawienia,
dict,"Напр. Резонанс, Макс, Наставниця","Напр. Резонанс, Макс, Наставниця","Напр. Резонанс, Макс, Наставница","e.g. Resonance, Max, Mentor","np. Rezonans, Max, Mentorka",
dict,напр. Тиждень холоду,напр. Тиждень холоду,напр. Неделя холода,e.g. Cold week,np. Tydzień zimna,
dict,напр. Улюблена кава,напр. Улюблена кава,напр. Любимый кофе,e.g. Favorite coffee,np. Ulubiona kawa,
dict,напр. Холодний душ зранку,напр. Холодний душ зранку,напр. Холодный душ утром,e.g. Cold shower in the morning,np. Zimny prysznic rano,
dict,Напруж м'язи преса.,Напруж м'язи преса.,Напряги мышцы пресса.,Tense your abdominal muscles.,Napnij mięśnie brzucha.,
dict,Напруж м'язи стегон.,Напруж м'язи стегон.,Напряги мышцы бёдер.,Tense your thigh muscles.,Napnij mięśnie ud.,
dict,Наразі немає активних подій.,Наразі немає активних подій.,Сейчас нет активных событий.,No active events right now.,Obecnie brak aktywnych wydarzeń.,
dict,Наразі немає актуальних подій.,Наразі немає актуальних подій.,Сейчас нет актуальных событий.,No current events.,Na razie brak aktualnych wydarzeń.,
dict,Нарощуй поступово,Нарощуй поступово,Наращивай постепенно,Build up gradually,Zwiększaj stopniowo,
dict,Наступний раунд ось-ось почнеться,Наступний раунд ось-ось почнеться,Следующий раунд вот-вот начнётся,Next round is about to start,Następna runda zaraz się zacznie,
dict,Науковий аналітик,Науковий аналітик,Научный аналитик,Science analyst,Analityk naukowy,
dict,Наукових даних немає.,Наукових даних немає.,Научных данных нет.,No scientific data.,Brak danych naukowych.,
dict,Наукових доказів специфічного впливу немає. Але спокійна музика й усвідомлене слухання самі по собі розслабляють.,Наукових доказів специфічного впливу немає. Але спокійна музика й усвідомлене слухання самі по собі розслабляють.,Научных доказательств специфического влияния нет. Но спокойная музыка и осознанное слушание сами по себе расслабляют.,There's no scientific evidence of a specific effect. But calm music and mindful listening are relaxing in themselves.,Brak naukowych dowodów specyficznego oddziaływania. Ale spokojna muzyka i świadome słuchanie same w sobie rozluźniają.,
dict,Наукових підтверджень немає; цінність — у налаштуванні уваги.,Наукових підтверджень немає; цінність — у налаштуванні уваги.,Научных подтверждений нет; ценность — в настройке внимания.,There's no scientific confirmation; the value is in tuning your attention.,Brak potwierdzeń naukowych; wartość — w nastrajaniu uwagi.,
dict,Нд,Нд,Вс,Su,Nd,
dict,Не вдалося,Не вдалося,Не удалось,Failed,Nie udało się,
dict,Не вдалося (увійди),Не вдалося (увійди),Не удалось (войди),Failed (sign in),Nie udało się (zaloguj się),
dict,"Не вдалося завантажити профіль. Можливо, треба увійти.","Не вдалося завантажити профіль. Можливо, треба увійти.","Не удалось загрузить профиль. Возможно, нужно войти.",Couldn't load your profile. You may need to sign in.,Nie udało się wczytać profilu. Być może trzeba się zalogować.,
dict,Не вдалося завантажити стан.,Не вдалося завантажити стан.,Не удалось загрузить состояние.,Couldn't load your status.,Nie udało się wczytać stanu.,
dict,Не вдалося завантажити.,Не вдалося завантажити.,Не удалось загрузить.,Couldn't load.,Nie udało się wczytać.,
dict,"Не вдалося завантажити. Можливо, треба увійти.","Не вдалося завантажити. Можливо, треба увійти.","Не удалось загрузить. Возможно, нужно войти.",Couldn't load. You may need to sign in.,Nie udało się wczytać. Być może trzeba się zalogować.,
dict,Не вдалося зберегти,Не вдалося зберегти,Не удалось сохранить,Couldn't save,Nie udało się zapisać,
dict,Не вдалося надіслати листа.,Не вдалося надіслати листа.,Не удалось отправить письмо.,Couldn’t send the email.,Nie udało się wysłać e-maila.,
dict,Не вдалося обробити фото,Не вдалося обробити фото,Не удалось обработать фото,Couldn't process the photo,Nie udało się przetworzyć zdjęcia,
dict,Не вдалося оновити пароль.,Не вдалося оновити пароль.,Не удалось обновить пароль.,Couldn’t update the password.,Nie udało się zaktualizować hasła.,
dict,"Не вдалося прочитати прогрес — можливо, треба увійти.","Не вдалося прочитати прогрес — можливо, треба увійти.","Не удалось прочитать прогресс — возможно, нужно войти.",Couldn't read your progress — you may need to sign in.,Nie udało się odczytać postępu — być może trzeba się zalogować.,
dict,Не вдалося створити,Не вдалося створити,Не удалось создать,Couldn't create,Nie udało się utworzyć,
dict,Не вживаєш з ,Не вживаєш з ,Не употребляешь с ,Clean since ,Bez tego od ,
dict,Не вийшло,Не вийшло,Не вышло,Didn't work,Nie wyszło,
dict,Не втрать серію,Не втрать серію,Не потеряй серию,Don’t lose the streak,Nie strać serii,
dict,Не затримуй дихання під час утримання,Не затримуй дихання під час утримання,Не задерживай дыхание во время удержания,Don't hold your breath during the hold,Nie wstrzymuj oddechu podczas wytrzymania,
dict,Не затримуй дихання різко в холоді,Не затримуй дихання різко в холоді,Не задерживай дыхание резко в холоде,Don't hold your breath sharply in cold,Nie wstrzymuj gwałtownie oddechu w zimnie,
dict,Не збережено,Не збережено,Не сохранено,Not saved,Nie zapisano,
dict,Не збережено (немає зʼєднання чи входу),Не збережено (немає зʼєднання чи входу),Не сохранено (нет соединения или входа),Not saved (no connection or sign-in),Nie zapisano (brak połączenia lub logowania),
dict,Не знаєш з чого почати?,Не знаєш з чого почати?,"Не знаешь, с чего начать?",Not sure where to start?,"Nie wiesz, od czego zacząć?",
dict,"Не поспішай. На кожному кроці справді знайди названу кількість речей, перш ніж іти далі.","Не поспішай. На кожному кроці справді знайди названу кількість речей, перш ніж іти далі.","Не спеши. На каждом шаге действительно найди названное количество вещей, прежде чем идти дальше.","Take your time. At each step, actually find the named number of things before moving on.","Nie spiesz się. Na każdym kroku naprawdę znajdź podaną liczbę rzeczy, zanim przejdziesz dalej.",
dict,"Не практикуй у воді, за кермом або стоячи. Можливе запаморочення.","Не практикуй у воді, за кермом або стоячи. Можливе запаморочення.","Не практикуй в воде, за рулём или стоя. Возможно головокружение.","Don't practice in water, while driving or standing. Dizziness is possible.","Nie ćwicz w wodzie, za kierownicą ani na stojąco. Możliwe zawroty głowy.",
dict,Невпинний,Невпинний,Неустанный,Relentless,Niestrudzony,
dict,Невідома практика.,Невідома практика.,Неизвестная практика.,Unknown practice.,Nieznana praktyka.,
dict,Невірна дата,Невірна дата,Неверная дата,Invalid date,Nieprawidłowa data,
dict,Невірна пошта або пароль.,Невірна пошта або пароль.,Неверная почта или пароль.,Wrong email or password.,Nieprawidłowy e-mail lub hasło.,
dict,Незворушний,Незворушний,Невозмутимый,Unshakable,Niewzruszony,
dict,Незламна Воля,Незламна Воля,Несокрушимая Воля,Unbreakable Will,Niezłomna Wola,
dict,Незламний,Незламний,Несокрушимый,Unbreakable,Niezłomny,
dict,Немає акаунту? Зареєструватися,Немає акаунту? Зареєструватися,Нет аккаунта? Зарегистрироваться,No account? Sign up,Nie masz konta? Zarejestruj się,
dict,Немає активних челенджів,Немає активних челенджів,Нет активных челленджей,No active challenges,Brak aktywnych wyzwań,
dict,Немає активності.,Немає активності.,Нет активности.,No activity.,Brak aktywności.,
dict,Немає записів,Немає записів,Нет записей,No records,Brak wpisów,
dict,Немає звичок. Додай їх у розділі «Звички».,Немає звичок. Додай їх у розділі «Звички».,Нет привычек. Добавь их в разделе «Привычки».,No habits. Add them in the “Habits” section.,Brak nawyków. Dodaj je w sekcji „Nawyki”.,
dict,Немає нових запрошень.,Немає нових запрошень.,Нет новых приглашений.,No new invitations.,Brak nowych zaproszeń.,
dict,Немає нових сповіщень.,Немає нових сповіщень.,Нет новых уведомлений.,No new notifications.,Brak nowych powiadomień.,
dict,Немає оцінки за цей день.,Немає оцінки за цей день.,Нет оценки за этот день.,No rating for this day.,Brak oceny za ten dzień.,
dict,Немає оцінок,Немає оцінок,Нет оценок,No ratings,Brak ocen,
dict,Немає челенджів,Немає челенджів,Нет челленджей,No challenges,Brak wyzwań,
dict,"Нижня панель навігації. Перетягуй за ≡, щоб задати свій порядок. До 6 пунктів.","Нижня панель навігації. Перетягуй за ≡, щоб задати свій порядок. До 6 пунктів.","Нижняя панель навигации. Перетаскивай за ≡, чтобы задать свой порядок. До 6 пунктов.",Bottom navigation bar. Drag by ≡ to set your own order. Up to 6 items.,"Dolny pasek nawigacji. Przeciągaj za ≡, aby ustawić kolejność. Do 6 elementów.",
dict,"Нижня панель навігації. Утримай пункт і перетягни, щоб змінити порядок. До 6 пунктів.","Нижня панель навігації. Утримай пункт і перетягни, щоб змінити порядок. До 6 пунктів.","Нижняя панель навигации. Удерживай пункт и перетащи, чтобы изменить порядок. До 6 пунктов.","Bottom navigation bar. Press and hold an item, then drag to reorder. Up to 6 items.","Dolny pasek nawigacji. Przytrzymaj element i przeciągnij, aby zmienić kolejność. Do 6 elementów.",
dict,"Нижче видно, скільки відсотків кожної практики йде в яку навичку.","Нижче видно, скільки відсотків кожної практики йде в яку навичку.","Ниже видно, сколько процентов каждой практики идёт в какой навык.",Below you can see what percentage of each practice goes to which skill.,"Poniżej widać, ile procent każdej praktyki idzie w którą umiejętność.",
dict,Нова винагорода,Нова винагорода,Новая награда,New reward,Nowa nagroda,
dict,Нова книга,Нова книга,Новая книга,New book,Nowa książka,
dict,Нова розмова,Нова розмова,Новый разговор,New chat,Nowa rozmowa,
dict,Нова ціль,Нова ціль,Новая цель,New goal,Nowy cel,
dict,Новачок,Новачок,Новичок,Novice,Nowicjusz,
dict,Нове завдання,Нове завдання,Новое задание,New goal,Nowe zadanie,
dict,Новий пароль,Новий пароль,Новый пароль,New password,Nowe hasło,
dict,Новий рівень!,Новий рівень!,Новый уровень!,New level!,Nowy poziom!,
dict,Новий челендж,Новий челендж,Новый челлендж,New challenge,Nowe wyzwanie,
dict,Новини,Новини,Новости,News,Aktualności,
dict,Норадреналін і дофамін ростуть надовго,Норадреналін і дофамін ростуть надовго,Норадреналин и дофамин растут надолго,Noradrenaline and dopamine rise for hours,Noradrenalina i dopamina rosną na długo,
dict,Нотатка,Нотатка,Заметка,Note,Notatka,
dict,Нотатки,Нотатки,Заметки,Notes,Notatki,
dict,Нікого не знайдено.,Нікого не знайдено.,Никого не найдено.,No one found.,Nikogo nie znaleziono.,
dict,Ніколи не практикуй у воді чи за кермом,Ніколи не практикуй у воді чи за кермом,Никогда не практикуй в воде или за рулём,Never practice in water or while driving,Nigdy nie ćwicz w wodzie ani za kierownicą,
dict,Нікотин,Нікотин,Никотин,Nicotine,Nikotyna,
dict,Нікотин і Алкоголь: 100 дн без зривів,Нікотин і Алкоголь: 100 дн без зривів,Никотин и Алкоголь: 100 дн без срывов,Nicotine & Alcohol: 100 days clean,Nikotyna i Alkohol: 100 dni bez wpadek,
dict,Нічого не знайдено.,Нічого не знайдено.,Ничего не найдено.,Nothing found.,Nic nie znaleziono.,
dict,Об'єм порції,Об'єм порції,Объём порции,Portion size,Wielkość porcji,
dict,"Обери практику — таймер поведе тебе крок за кроком. У демо їх можна роздивитись, а проходити — вже зі своїм акаунтом.","Обери практику — таймер поведе тебе крок за кроком. У демо їх можна роздивитись, а проходити — вже зі своїм акаунтом.","Выбери практику — таймер проведёт тебя шаг за шагом. В демо их можно рассмотреть, а проходить — уже со своим аккаунтом.","Pick a practice — the timer guides you step by step. In the demo you can look around; to do them, use your own account.","Wybierz praktykę — minutnik poprowadzi cię krok po kroku. W demie możesz się rozejrzeć, a wykonywać je — już z własnym kontem.",
dict,Обери техніку — кожна веде на свою сторінку з описом і таймером.,Обери техніку — кожна веде на свою сторінку з описом і таймером.,Выбери технику — каждая ведёт на свою страницу с описанием и таймером.,Pick a technique — each opens its own page with a description and timer.,Wybierz technikę — każda prowadzi na swoją stronę z opisem i timerem.,
dict,Обери формат — кожен веде на свою сторінку з описом і таймером.,Обери формат — кожен веде на свою сторінку з описом і таймером.,Выбери формат — каждый ведёт на свою страницу с описанием и таймером.,Pick a format — each opens its own page with a description and timer.,Wybierz format — każdy prowadzi na swoją stronę z opisem i timerem.,
dict,Обери хоча б один розділ,Обери хоча б один розділ,Выбери хотя бы один раздел,Pick at least one section,Wybierz co najmniej jedną sekcję,
dict,"Обери частоту — на сторінці буде опис, користь і кілька треків у YouTube Music на вибір.","Обери частоту — на сторінці буде опис, користь і кілька треків у YouTube Music на вибір.","Выбери частоту — на странице будет описание, польза и несколько треков в YouTube Music на выбор.","Pick a frequency — the page has a description, benefits and a few YouTube Music tracks to choose from.","Wybierz częstotliwość — na stronie będzie opis, korzyści i kilka utworów w YouTube Music do wyboru.",
dict,"Обери, що включити у звіт:","Обери, що включити у звіт:","Выбери, что включить в отчёт:",Choose what to include in the report:,"Wybierz, co uwzględnić w raporcie:",
dict,Оберіть хоча б одну звичку,Оберіть хоча б одну звичку,Выберите хотя бы одну привычку,Pick at least one habit,Wybierz co najmniej jeden nawyk,
dict,Обличчя,Обличчя,Лицо,Face,Twarz,
dict,обличчя й щелепу,обличчя й щелепу,лицо и челюсть,your face and jaw,twarz i szczękę,
dict,Обміняти,Обміняти,Обменять,Redeem,Wymień,
dict,Обід,Обід,Полдень,Midday,Obiad,
dict,Оглянути в демо режимі,Оглянути в демо режимі,Осмотреться в демо-режиме,Explore in demo mode,Rozejrzyj się w trybie demo,
dict,Одна практика підтримає серію.,Одна практика підтримає серію.,Одна практика поддержит серию.,One session keeps your streak.,Jedna praktyka utrzyma serię.,
dict,одна сесія ≥ 180 с,одна сесія ≥ 180 с,одна сессия ≥ 180 с,one session ≥ 180 s,jedna sesja ≥ 180 s,
dict,одна сесія ≥ 60 с,одна сесія ≥ 60 с,одна сессия ≥ 60 с,one session ≥ 60 s,jedna sesja ≥ 60 s,
dict,Однаковий час підйому щодня стабілізує циркадний ритм сильніше за ґаджети.,Однаковий час підйому щодня стабілізує циркадний ритм сильніше за ґаджети.,Одинаковое время подъёма каждый день стабилизирует циркадный ритм сильнее гаджетов.,The same wake time every day stabilizes the circadian rhythm more than any gadget.,Ta sama pora pobudki każdego dnia stabilizuje rytm dobowy silniej niż gadżety.,
dict,Окремо від рівня ти заробляєш очки навичок: 1 хвилина практики = 1 очко. Кожна практика розподіляє очки між навичками за фіксованим вектором — одна дія може качати кілька навичок водночас.,Окремо від рівня ти заробляєш очки навичок: 1 хвилина практики = 1 очко. Кожна практика розподіляє очки між навичками за фіксованим вектором — одна дія може качати кілька навичок водночас.,Отдельно от уровня ты зарабатываешь очки навыков: 1 минута практики = 1 очко. Каждая практика распределяет очки между навыками по фиксированному вектору — одно действие может прокачивать несколько навыков одновременно.,"Separate from your level, you earn skill points: 1 minute of practice = 1 point. Each practice distributes points across skills along a fixed vector — one action can train several skills at once.",Niezależnie od poziomu zdobywasz punkty umiejętności: 1 minuta praktyki = 1 punkt. Każda praktyka rozdziela punkty między umiejętności według stałego wektora — jedno działanie może rozwijać kilka umiejętności naraz.,
dict,Олександр,Олександр,Александр,Alexander,Aleksander,
dict,Оновити оцінку,Оновити оцінку,Обновить оценку,Update rating,Zaktualizuj ocenę,
dict,Опиши свій стан або проблему — помічник підкаже крок.,Опиши свій стан або проблему — помічник підкаже крок.,Опиши своё состояние или проблему — помощник подскажет шаг.,Describe how you feel or your problem — the assistant will suggest a step.,Opisz swój stan lub problem — asystent podpowie krok.,term:помічник/наставник?
dict,"Опора на одне передпліччя, тіло боком у пряму лінію. Таз не провисає. Зроби обидві сторони.","Опора на одне передпліччя, тіло боком у пряму лінію. Таз не провисає. Зроби обидві сторони.","Опора на одно предплечье, тело боком в прямую линию. Таз не провисает. Сделай обе стороны.","Support on one forearm, body sideways in a straight line. The hips don't sag. Do both sides.","Podparcie na jednym przedramieniu, ciało bokiem w prostej linii. Miednica się nie zapada. Zrób obie strony.",
dict,Орієнтир спальні — близько 18–19 °C,Орієнтир спальні — близько 18–19 °C,Ориентир спальни — около 18–19 °C,Aim for a bedroom around 18–19 °C,Cel dla sypialni — około 18–19 °C,
dict,Орієнтир — 5–6 дихань за хвилину,Орієнтир — 5–6 дихань за хвилину,Ориентир — 5–6 дыханий в минуту,Aim for 5–6 breaths per minute,Cel — 5–6 oddechów na minutę,
dict,Орієнтир: вдих 4 — видих 6,Орієнтир: вдих 4 — видих 6,Ориентир: вдох 4 — выдох 6,Aim: inhale 4 — exhale 6,Cel: wdech 4 — wydech 6,
dict,Основний трек,Основний трек,Основной трек,Main track,Główny utwór,
dict,"Особисті цілі з автоматичним прогресом — він рахується сам із твоїх практик, звичок і книг.","Особисті цілі з автоматичним прогресом — він рахується сам із твоїх практик, звичок і книг.","Личные цели с автоматическим прогрессом — он считается сам из твоих практик, привычек и книг.","Personal goals with automatic progress — tracked from your practices, habits and books.","Osobiste cele z automatycznym postępem — liczony sam z twoich praktyk, nawyków i książek.",
dict,Особисті цілі з автоматичним прогресом.,Особисті цілі з автоматичним прогресом.,Личные цели с автоматическим прогрессом.,Personal goals with automatic progress.,Osobiste cele z automatycznym postępem.,
dict,"Особисті цілі, прогрес яких рахується автоматично — з твоїх практик, звичок і книг. На головній показуються активні цілі.","Особисті цілі, прогрес яких рахується автоматично — з твоїх практик, звичок і книг. На головній показуються активні цілі.","Личные цели, прогресс которых считается автоматически — из твоих практик, привычек и книг. На главной показываются активные цели.","Personal goals whose progress is tracked automatically — from your practices, habits and books. The home screen shows active goals.","Osobiste cele, których postęp liczony jest automatycznie — z twoich praktyk, nawyków i książek. Ekran główny pokazuje aktywne cele.",
dict,Останні 14 днів,Останні 14 днів,Последние 14 дней,Last 14 days,Ostatnie 14 dni,
dict,Останні 7 днів,Останні 7 днів,Последние 7 дней,Last 7 days,Ostatnie 7 dni,
dict,Отримано 🎉,Отримано 🎉,Получено 🎉,Claimed 🎉,Odebrano 🎉,
dict,Отримані,Отримані,Полученные,Claimed,Odebrane,
dict,Отримати,Отримати,Получить,Claim,Odbierz,
dict,Отримувати нагадування,Отримувати нагадування,Получать напоминания,Receive reminders,Otrzymuj przypomnienia,
dict,оцінених днів,оцінених днів,оценённых дней,rated days,ocenionych dni,
dict,Оціни день у три періоди за 100-бальною шкалою.,Оціни день у три періоди за 100-бальною шкалою.,Оцени день в три периода по 100-балльной шкале.,Rate the day across three periods on a 100-point scale.,Oceń dzień w trzech porach w skali 100-punktowej.,
dict,Оціни кілька днів — і тут з'явиться динаміка твого самопочуття.,Оціни кілька днів — і тут з'явиться динаміка твого самопочуття.,Оцени несколько дней — и тут появится динамика твоего самочувствия.,Rate a few days — and the trend of how you feel will appear here.,Oceń kilka dni — a pojawi się tu trend twojego samopoczucia.,
dict,Оціни свій день,Оціни свій день,Оцени свой день,Rate your day,Oceń swój dzień,
dict,Оцінити день,Оцінити день,Оценить день,Rate the day,Oceń dzień,
dict,Оцінка,Оцінка,Оценка,Rating,Ocena,
dict,Оцінка дня,Оцінка дня,Оценка дня,Day rating,Ocena dnia,
dict,оцінка за день,оцінка за день,оценка за день,rating per day,ocena na dzień,
dict,Оцінка сьогодні,Оцінка сьогодні,Оценка сегодня,Today's rating,Ocena dziś,
dict,Оцінки,Оцінки,Оценки,Ratings,Oceny,
dict,Оцінки · 7 днів,Оцінки · 7 днів,Оценки · 7 дней,Ratings · 7 days,Oceny · 7 dni,
dict,Оцінки днів,Оцінки днів,Оценки дней,Day ratings,Oceny dni,
dict,оцінки за день,оцінки за день,оценки за день,ratings per day,oceny dziennie,
dict,оцінки за тиждень,оцінки за тиждень,оценки за неделю,ratings per week,oceny tygodniowo,
dict,Оцінки по днях,Оцінки по днях,Оценки по дням,Ratings by day,Oceny wg dni,
dict,Оцінки по днях з коментарем,Оцінки по днях з коментарем,Оценки по дням с комментарием,Ratings by day with comments,Oceny wg dni z komentarzem,
dict,Оцінки і коментарі,Оцінки і коментарі,Оценки и комментарии,Ratings and comments,Oceny i komentarze,
dict,Оцінку збережено,Оцінку збережено,Оценка сохранена,Rating saved,Ocena zapisana,
dict,"Оцінюй самопочуття вранці, вдень і ввечері — і бачитимеш динаміку за тиждень, а помічник враховуватиме її в порадах.","Оцінюй самопочуття вранці, вдень і ввечері — і бачитимеш динаміку за тиждень, а помічник враховуватиме її в порадах.","Оценивай самочувствие утром, днём и вечером — и увидишь динамику за неделю, а помощник будет учитывать её в советах.","Rate how you feel in the morning, midday and evening — you’ll see the weekly trend, and the assistant will factor it into its tips.","Oceniaj samopoczucie rano, w południe i wieczorem — zobaczysz tygodniowy trend, a asystent uwzględni go w poradach.",term:помічник/наставник?
dict,Очки навичок,Очки навичок,Очки навыков,Skill points,Punkty umiejętności,
dict,очок розвитку,очок розвитку,очков развития,development XP,pkt rozwoju,
dict,Пам'ять,Пам'ять,Память,Memory,Pamięć,
dict,Пароль,Пароль,Пароль,Password,Hasło,ru=uk?
dict,Пароль має бути від 6 символів.,Пароль має бути від 6 символів.,Пароль должен быть от 6 символов.,Password must be at least 6 characters.,Hasło musi mieć co najmniej 6 znaków.,
dict,Пароль має бути від 8 символів.,Пароль має бути від 8 символів.,Пароль должен быть от 8 символов.,Password must be at least 8 characters.,Hasło musi mieć co najmniej 8 znaków.,
dict,Пароль оновлено.,Пароль оновлено.,Пароль обновлён.,Password updated.,Hasło zaktualizowane.,
dict,Пауза,Пауза,Пауза,Pause,Pauza,ru=uk?
dict,Передпліччя,Передпліччя,Предплечья,Forearms,Przedramiona,
dict,"Передпліччя й носки на підлозі, тіло — пряма лінія від голови до пʼят. Не провисай у попереку, дихай рівно. Тримай, скільки можеш із гарною технікою.","Передпліччя й носки на підлозі, тіло — пряма лінія від голови до пʼят. Не провисай у попереку, дихай рівно. Тримай, скільки можеш із гарною технікою.","Предплечья и носки на полу, тело — прямая линия от головы до пят. Не провисай в пояснице, дыши ровно. Держи, сколько можешь с хорошей техникой.","Forearms and toes on the floor, body a straight line from head to heels. Don't sag at the lower back, breathe evenly. Hold as long as you can with good form.","Przedramiona i palce stóp na podłodze, ciało — prosta linia od głowy do pięt. Nie zapadaj się w lędźwiach, oddychaj równo. Trzymaj tak długo, jak możesz z dobrą techniką.",
dict,Перейменувати,Перейменувати,Переименовать,Rename,Zmień nazwę,
dict,Перейти до Розвитку,Перейти до Розвитку,Перейти к Развитию,Go to Growth,Przejdź do Rozwoju,
dict,Перейти до Цілей ›,Перейти до Цілей ›,Перейти к Целям ›,Go to Goals ›,Przejdź do Celów ›,
dict,Перша вправа,Перша вправа,Первое упражнение,First exercise,Pierwsze ćwiczenie,
dict,Перша затримка,Перша затримка,Первая задержка,First hold,Pierwsze wstrzymanie,
dict,Перша книга,Перша книга,Первая книга,First book,Pierwsza książka,
dict,Перша медитація,Перша медитація,Первая медитация,First meditation,Pierwsza medytacja,
dict,Перша практика!,Перша практика!,Первая практика!,First practice!,Pierwsza praktyka!,
dict,Перший холод,Перший холод,Первый холод,First cold,Pierwsze zimno,
dict,Період,Період,Период,Period,Okres,
dict,Період: ,Період: ,Период: ,Period: ,Okres: ,
dict,Планка,Планка,Планка,Plank,Deska,ru=uk?
dict,"Планка, прогин — утримання","Планка, прогин — утримання","Планка, прогиб — удержание","Plank, backbend — holds","Deska, wygięcie — wytrzymania",
dict,Плечі,Плечі,Плечи,Shoulders,Ramiona,
dict,Пн,Пн,Пн,Mo,Pon,
dict,По черзі напружуй (~7 с) і повністю розслабляй (~12 с) групи м'язів — від кистей до стоп. Не напружуйся до болю.,По черзі напружуй (~7 с) і повністю розслабляй (~12 с) групи м'язів — від кистей до стоп. Не напружуйся до болю.,По очереди напрягай (~7 с) и полностью расслабляй (~12 с) группы мышц — от кистей до стоп. Не напрягайся до боли.,"In turn, tense (~7 s) and fully relax (~12 s) each muscle group — from hands to feet. Don’t tense to the point of pain.",Po kolei napinaj (~7 s) i całkowicie rozluźniaj (~12 s) grupy mięśni — od dłoni do stóp. Nie napinaj do bólu.,
dict,Побудь у повному розслабленні. Все тіло відпочиває.,Побудь у повному розслабленні. Все тіло відпочиває.,Побудь в полном расслаблении. Всё тело отдыхает.,Rest in full relaxation. Your whole body is at rest.,Pozostań w pełnym rozluźnieniu. Całe ciało odpoczywa.,
dict,Побудь у спокої. Потім повільно поворуши пальцями й розплющ очі.,Побудь у спокої. Потім повільно поворуши пальцями й розплющ очі.,Побудь в покое. Затем медленно пошевели пальцами и открой глаза.,Rest in stillness. Then slowly move your fingers and open your eyes.,Pozostań w spokoju. Potem powoli porusz palcami i otwórz oczy.,
dict,Повертає у момент «тут і зараз»,Повертає у момент «тут і зараз»,Возвращает в момент «здесь и сейчас»,Brings you back to the here and now,Przywraca do chwili „tu i teraz”,
dict,"Повисни на прямих руках, плечі активні. Розслаб хребет. Тримай, скільки комфортно для хвата.","Повисни на прямих руках, плечі активні. Розслаб хребет. Тримай, скільки комфортно для хвата.","Повисни на прямых руках, плечи активные. Расслабь позвоночник. Держи, сколько комфортно для хвата.","Hang on straight arms, shoulders active. Relax the spine. Hold as long as your grip is comfortable.","Zwiśnij na prostych rękach, barki aktywne. Rozluźnij kręgosłup. Trzymaj tak długo, jak komfortowo dla chwytu.",
dict,"Повністю відпусти напругу. Відчуй, як м'яз стає важким і теплим.","Повністю відпусти напругу. Відчуй, як м'яз стає важким і теплим.","Полностью отпусти напряжение. Почувствуй, как мышца становится тяжёлой и тёплой.",Fully release the tension. Feel the muscle grow heavy and warm.,"Całkowicie uwolnij napięcie. Poczuj, jak mięsień staje się ciężki i ciepły.",
dict,Повторюй подумки короткі формули про важкість і тепло в тілі — це вмикає розслаблення нервової системи.,Повторюй подумки короткі формули про важкість і тепло в тілі — це вмикає розслаблення нервової системи.,Повторяй мысленно короткие формулы о тяжести и тепле в теле — это включает расслабление нервной системы.,Silently repeat short formulas about heaviness and warmth in the body — this switches on relaxation of the nervous system.,Powtarzaj w myślach krótkie formuły o ciężkości i cieple w ciele — to uruchamia rozluźnienie układu nerwowego.,
dict,Повільне дихання близько 5–6 циклів за хвилину підвищує варіабельність серцевого ритму.,Повільне дихання близько 5–6 циклів за хвилину підвищує варіабельність серцевого ритму.,Медленное дыхание около 5–6 циклов в минуту повышает вариабельность сердечного ритма.,Slow breathing at about 5–6 cycles per minute raises heart rate variability.,"Powolny oddech, około 5–6 cykli na minutę, podnosi zmienność rytmu serca.",
dict,Повільне рівне дихання ~5.5 секунди вдих і видих (≈5.5 циклів за хвилину). Максимізує варіабельність серцевого ритму (HRV) — показник стресостійкості й балансу нервової системи.,Повільне рівне дихання ~5.5 секунди вдих і видих (≈5.5 циклів за хвилину). Максимізує варіабельність серцевого ритму (HRV) — показник стресостійкості й балансу нервової системи.,Медленное ровное дыхание ~5.5 секунды вдох и выдох (≈5.5 циклов в минуту). Максимизирует вариабельность сердечного ритма (HRV) — показатель стрессоустойчивости и баланса нервной системы.,"Slow, even breathing ~5.5 seconds in and out (≈5.5 cycles per minute). Maximizes heart rate variability (HRV) — a marker of stress resilience and nervous-system balance.","Powolny, równy oddech ~5,5 sekundy wdech i wydech (≈5,5 cyklu na minutę). Maksymalizuje zmienność rytmu serca (HRV) — wskaźnik odporności na stres i równowagi układu nerwowego.",
dict,Повільне рівне дихання за патерном на екрані.,Повільне рівне дихання за патерном на екрані.,Медленное ровное дыхание по паттерну на экране.,"Slow, even breathing following the on-screen pattern.","Powolny, równy oddech według wzoru na ekranie.",
dict,"Повільно проведи увагою по тілу від маківки до стоп, помічаючи й відпускаючи напругу в кожній ділянці.","Повільно проведи увагою по тілу від маківки до стоп, помічаючи й відпускаючи напругу в кожній ділянці.","Медленно проведи вниманием по телу от макушки до стоп, замечая и отпуская напряжение в каждой области.","Slowly move your attention through the body from crown to feet, noticing and releasing tension in each area.","Powoli przesuwaj uwagę przez ciało od czubka głowy do stóp, zauważając i uwalniając napięcie w każdym obszarze.",
dict,Погляд удалечінь і природа відновлюють фокус,Погляд удалечінь і природа відновлюють фокус,Взгляд вдаль и природа восстанавливают фокус,Distance and nature restore focus,Patrzenie w dal i natura przywracają skupienie,
dict,Подвійний вдих-зітхання знімає напругу швидко,Подвійний вдих-зітхання знімає напругу швидко,Двойной вдох-вздох быстро снимает напряжение,The double-inhale sigh relieves tension fast,Podwójny wdech-westchnienie szybko rozładowuje napięcie,
dict,Подвійний тап по екрану — завершити,Подвійний тап по екрану — завершити,Двойной тап по экрану — завершить,Double-tap the screen to finish,Podwójne dotknięcie ekranu — zakończ,
dict,Подовжений видих заспокоює,Подовжений видих заспокоює,Удлинённый выдох успокаивает,A longer exhale calms you,Wydłużony wydech uspokaja,
dict,"Позив вдихнути дає CO₂, не нестача кисню","Позив вдихнути дає CO₂, не нестача кисню","Позыв вдохнуть даёт CO₂, не нехватка кислорода","The urge comes from CO₂, not low oxygen","Chęć wdechu wywołuje CO₂, nie brak tlenu",
dict,"Познач лише дні, коли вжив (зрив). Решта вважаються чистими.","Познач лише дні, коли вжив (зрив). Решта вважаються чистими.",Отмечай только дни срыва. Остальные считаются чистыми.,Mark only the days you slipped. Everything else counts as clean.,Zaznaczaj tylko dni z wpadką. Reszta liczy się jako czyste.,
dict,Позначити зрив,Позначити зрив,Отметить срыв,Mark a slip,Zaznacz wpadkę,
dict,показати,показати,показать,show,pokaż,
dict,Показувати мій прогрес спільноті,Показувати мій прогрес спільноті,Показывать мой прогресс сообществу,Show my progress to the community,Pokazuj mój postęp społeczności,
dict,Поки немає новин.,Поки немає новин.,Пока нет новостей.,No news yet.,Na razie brak aktualności.,
dict,Поки немає нотаток. Постав оцінку дня на головній.,Поки немає нотаток. Постав оцінку дня на головній.,Пока нет заметок. Поставь оценку дня на главной.,No notes yet. Rate your day on the home screen.,Na razie brak notatek. Oceń dzień na ekranie głównym.,
dict,Поки немає оцінок. Постав оцінку дня на головній.,Поки немає оцінок. Постав оцінку дня на головній.,Пока нет оценок. Поставь оценку дня на главной.,No ratings yet. Rate a day on the home screen.,Brak ocen. Oceń dzień na ekranie głównym.,
dict,"Поки нічого. Додай книгу, яку читаєш зараз.","Поки нічого. Додай книгу, яку читаєш зараз.","Пока ничего. Добавь книгу, которую читаешь сейчас.",Nothing yet. Add a book you're reading now.,"Na razie nic. Dodaj książkę, którą teraz czytasz.",
dict,Поки ти єдиний учасник.,Поки ти єдиний учасник.,Пока ты единственный участник.,You're the only participant so far.,Na razie jesteś jedynym uczestnikiem.,
dict,Поки що немає записів. Зроби першу практику — і я почну відстежувати твій прогрес!,Поки що немає записів. Зроби першу практику — і я почну відстежувати твій прогрес!,Пока нет записей. Сделай первую практику — и я начну отслеживать твой прогресс!,No records yet. Do your first practice — and I'll start tracking your progress!,Na razie brak zapisów. Zrób pierwszą praktykę — a zacznę śledzić twój postęp!,
dict,Поки що немає збережених розмов. Почни нову — вона збережеться автоматично.,Поки що немає збережених розмов. Почни нову — вона збережеться автоматично.,Пока нет сохранённых разговоров. Начни новый — он сохранится автоматически.,No saved chats yet. Start a new one — it saves automatically.,Na razie brak zapisanych rozmów. Zacznij nową — zapisze się automatycznie.,
dict,Покращує концентрацію,Покращує концентрацію,Улучшает концентрацию,Improves concentration,Poprawia koncentrację,
dict,Покращує кровообіг,Покращує кровообіг,Улучшает кровообращение,Improves circulation,Poprawia krążenie,
dict,Покращує усвідомлення тіла,Покращує усвідомлення тіла,Улучшает осознавание тела,Improves body awareness,Poprawia świadomość ciała,
dict,Покращує фокус і настрій,Покращує фокус і настрій,Улучшает фокус и настроение,Improves focus and mood,Poprawia skupienie i nastrój,
dict,Покращує і засинання ввечері,Покращує і засинання ввечері,Улучшает и засыпание вечером,Also improves falling asleep at night,Poprawia też zasypianie wieczorem,
dict,Помилка,Помилка,Ошибка,Error,Błąd,
dict,Помилка зʼєднання.,Помилка зʼєднання.,Ошибка соединения.,Connection error.,Błąd połączenia.,
dict,Помічник,Помічник,Помощник,Assistant,Asystent,term:помічник/наставник?
dict,Попередні дані,Попередні дані,Предварительные данные,Preliminary data,Wstępne dane,
dict,Попередні дослідження є; сприйняття індивідуальне. Краще в навушниках.,Попередні дослідження є; сприйняття індивідуальне. Краще в навушниках.,Предварительные исследования есть; восприятие индивидуальное. Лучше в наушниках.,Preliminary studies exist; perception is individual. Better with headphones.,Są wstępne badania; odbiór jest indywidualny. Lepiej w słuchawkach.,
dict,порада на сьогодні,порада на сьогодні,совет на сегодня,tip for today,porada na dziś,
dict,Порожньо,Порожньо,Пусто,Empty,Pusto,
dict,Порівнюй із власним базовим рівнем,Порівнюй із власним базовим рівнем,Сравнивай с собственным базовым уровнем,Compare with your own baseline,Porównuj z własnym poziomem bazowym,
dict,Послухати частоти,Послухати частоти,Послушать частоты,Listen to frequencies,Posłuchaj częstotliwości,
dict,Постав оцінку сьогоднішнього дня,Постав оцінку сьогоднішнього дня,Оцени сегодняшний день,Rate today,Oceń dzisiejszy dzień,
dict,Постав першу ціль,Постав першу ціль,Поставь первую цель,Set your first goal,Ustaw pierwszy cel,
dict,Постав ціль ›,Постав ціль ›,Поставь цель ›,Set a goal ›,Ustaw cel ›,
dict,Постава,Постава,Осанка,Posture,Postawa,
dict,Постійні сповіщення працюють навпаки: вони дроблять увагу й підсилюють відчуття втоми.,Постійні сповіщення працюють навпаки: вони дроблять увагу й підсилюють відчуття втоми.,Постоянные уведомления работают наоборот: они дробят внимание и усиливают ощущение усталости.,Constant notifications do the opposite: they fragment attention and amplify fatigue.,Ciągłe powiadomienia działają odwrotnie: rozdrabniają uwagę i wzmagają uczucie zmęczenia.,
dict,Потягни носки стоп на себе.,Потягни носки стоп на себе.,Потяни носки стоп на себя.,Pull your toes toward you.,Pociągnij palce stóp w swoją stronę.,
dict,Почати,Почати,Начать,Start,Zacznij,
dict,Почати практику,Почати практику,Начать практику,Start a practice,Zacznij praktykę,
dict,Почати утримання,Почати утримання,Начать удержание,Start the hold,Rozpocznij wytrzymanie,
dict,Початківець,Початківець,Начинающий,Beginner,Początkujący,
dict,початок,початок,начало,start,początek,
dict,"Починай з кінцівок, дихай спокійно","Починай з кінцівок, дихай спокійно","Начинай с конечностей, дыши спокойно","Start with the limbs, breathe calmly","Zaczynaj od kończyn, oddychaj spokojnie",
dict,"Почни з малого й сталого: 1) одна дихальна практика (для старту — Когерентне або Квадратне), 2) 20–30 с прохолодного душу в кінці звичайного, 3) відмічай усе в календарі. 5 хвилин щодня кращі за годину раз на тиждень.","Почни з малого й сталого: 1) одна дихальна практика (для старту — Когерентне або Квадратне), 2) 20–30 с прохолодного душу в кінці звичайного, 3) відмічай усе в календарі. 5 хвилин щодня кращі за годину раз на тиждень.","Начни с малого и постоянного: 1) одна дыхательная практика (для старта — Когерентное или Квадратное), 2) 20–30 с прохладного душа в конце обычного, 3) отмечай всё в календаре. 5 минут ежедневно лучше часа раз в неделю.","Start small and steady: 1) one breathing practice (Coherent or Box to begin), 2) 20–30 s of cool water at the end of your usual shower, 3) log everything in the calendar. 5 minutes daily beats an hour once a week.","Zacznij od małego i systematycznego: 1) jedna praktyka oddechowa (na start — Koherentny lub Kwadratowy), 2) 20–30 s chłodnej wody na końcu zwykłego prysznica, 3) zapisuj wszystko w kalendarzu. 5 minut dziennie jest lepsze niż godzina raz w tygodniu.",
dict,Пошта,Пошта,Почта,Email,E-mail,
dict,практик,практик,практик,practices,praktyk,ru=uk?
dict,Практика,Практика,Практика,Practice,Praktyka,ru=uk?
dict,Практика від стресу,Практика від стресу,Практика от стресса,A practice for stress,Praktyka na stres,
dict,Практика для сну,Практика для сну,Практика для сна,A practice for sleep,Praktyka na sen,
dict,"Практика проста й безпечна: рівні вдих і видих приблизно по 5–6 секунд, без напруження.","Практика проста й безпечна: рівні вдих і видих приблизно по 5–6 секунд, без напруження.","Практика проста и безопасна: ровные вдох и выдох примерно по 5–6 секунд, без напряжения.","The practice is simple and safe: even inhale and exhale of about 5–6 seconds each, without strain.","Praktyka jest prosta i bezpieczna: równy wdech i wydech po około 5–6 sekund, bez napięcia.",
dict,Практика холоду,Практика холоду,Практика холода,Cold practice,Praktyka zimna,
dict,Практики,Практики,Практики,Practices,Praktyki,ru=uk?
dict,Практики (порожньо = усі),Практики (порожньо = усі),Практики (пусто = все),Practices (empty = all),Praktyki (puste = wszystkie),
dict,Практики дихання,Практики дихання,Практики дыхания,Breathing practices,Praktyki oddechowe,
dict,Практики по днях,Практики по днях,Практики по дням,Practices by day,Praktyki wg dni,
dict,"Практики тут — дихання, холод, статичні утримання, увага — це тренування адаптації. Тіло й нервова система вчаться зберігати рівновагу там, де раніше ламалися під тиском.","Практики тут — дихання, холод, статичні утримання, увага — це тренування адаптації. Тіло й нервова система вчаться зберігати рівновагу там, де раніше ламалися під тиском.","Практики здесь — дыхание, холод, статические удержания, внимание — это тренировка адаптации. Тело и нервная система учатся сохранять равновесие там, где раньше ломались под давлением.","The practices here — breathing, cold, static holds, attention — are training in adaptation. The body and nervous system learn to keep balance where they used to break under pressure.","Praktyki tutaj — oddech, zimno, statyczne wytrzymania, uwaga — to trening adaptacji. Ciało i układ nerwowy uczą się zachowywać równowagę tam, gdzie wcześniej łamały się pod presją.",
dict,Практики холоду,Практики холоду,Практики холода,Cold practices,Praktyki zimna,
dict,Практику завершено,Практику завершено,Практика завершена,Practice complete,Praktyka zakończona,
dict,Практику зупинено,Практику зупинено,Практика остановлена,Practice stopped,Praktyka zatrzymana,
dict,"Працює за секунди, не хвилини","Працює за секунди, не хвилини","Работает за секунды, не минуты","Works in seconds, not minutes","Działa w sekundy, nie minuty",
dict,Прибрати,Прибрати,Убрать,Remove,Usuń,
dict,Приватність,Приватність,Приватность,Privacy,Prywatność,
dict,Привіт! Я твій помічник Resonance. ,Привіт! Я твій помічник Resonance. ,Привет! Я твой помощник Resonance. ,Hi! I'm your Resonance assistant. ,Cześć! Jestem twoim asystentem Resonance. ,term:помічник/наставник?
dict,Приготуйся,Приготуйся,Приготовься,Get ready,Przygotuj się,
dict,Прийняти,Прийняти,Принять,Accept,Przyjmij,
dict,Прийняти участь,Прийняти участь,Присоединиться,Join,Dołącz,
dict,Прискорює відновлення мʼязів,Прискорює відновлення мʼязів,Ускоряет восстановление мышц,Speeds up muscle recovery,Przyspiesza regenerację mięśni,
dict,Прислухайся й назви 4 звуки навколо себе.,Прислухайся й назви 4 звуки навколо себе.,Прислушайся и назови 4 звука вокруг себя.,Listen and name 4 sounds around you.,Wsłuchaj się i nazwij 4 dźwięki wokół siebie.,
dict,"Прихильники називають його «заземлювальним» — таким, що допомагає розслабитися й синхронізуватися з природним ритмом планети. Корисний для спокою та м'якої медитації.","Прихильники називають його «заземлювальним» — таким, що допомагає розслабитися й синхронізуватися з природним ритмом планети. Корисний для спокою та м'якої медитації.","Сторонники называют его «заземляющим» — таким, что помогает расслабиться и синхронизироваться с природным ритмом планеты. Полезен для спокойствия и мягкой медитации.",Advocates call it «grounding» — something that helps you relax and sync with the planet's natural rhythm. Useful for calm and gentle meditation.,"Zwolennicy nazywają go „uziemiającym” — takim, który pomaga się zrelaksować i zsynchronizować z naturalnym rytmem planety. Przydatny do spokoju i łagodnej medytacji.",
dict,приховано,приховано,скрыто,hidden,ukryte,
dict,Прогин (місток),Прогин (місток),Прогиб (мостик),Backbend (bridge),Wygięcie (mostek),
dict,Прогрес прихований,Прогрес прихований,Прогресс скрыт,Progress hidden,Postęp ukryty,
dict,прогрес прихований,прогрес прихований,прогресс скрыт,progress hidden,postęp ukryty,
dict,"Прогрес — це спокій, а не лише секунди","Прогрес — це спокій, а не лише секунди","Прогресс — это спокойствие, а не только секунды","Progress is calm, not just seconds","Postęp to spokój, a nie tylko sekundy",
dict,Прогресивна м'язова релаксація,Прогресивна м'язова релаксація,Прогрессивная мышечная релаксация,Progressive muscle relaxation,Progresywna relaksacja mięśni,
dict,Прогресивна м'язова релаксація для зняття напруги.,Прогресивна м'язова релаксація для зняття напруги.,Прогрессивная мышечная релаксация для снятия напряжения.,Progressive muscle relaxation to release tension.,Progresywna relaksacja mięśni w celu zmniejszenia napięcia.,
dict,Продовжити,Продовжити,Продолжить,Resume,Wznów,
dict,Продовжити огляд,Продовжити огляд,Продолжить осмотр,Keep exploring,Kontynuuj przeglądanie,
dict,Пройди першу практику,Пройди першу практику,Пройди первую практику,Do your first practice,Wykonaj pierwszą praktykę,
dict,"Прокачуй себе, як персонажа: дихання, холод, звички, рівні розвитку.","Прокачуй себе, як персонажа: дихання, холод, звички, рівні розвитку.","Прокачивай себя, как персонажа: дыхание, холод, привычки, уровни развития.","Level yourself up like a character: breathing, cold, habits, growth levels.","Rozwijaj siebie jak postać: oddech, zimno, nawyki, poziomy rozwoju.",
dict,"Прокачуєш не аватар, а себе. Сталість важливіша за інтенсивність.","Прокачуєш не аватар, а себе. Сталість важливіша за інтенсивність.","Прокачиваешь не аватар, а себя. Постоянство важнее интенсивности.","You level up yourself, not an avatar. Consistency beats intensity.","Rozwijasz nie awatar, lecz siebie. Systematyczność ważniejsza niż intensywność.",
dict,Прокидайся в один час щодня,Прокидайся в один час щодня,Просыпайся в одно время каждый день,Wake at the same time daily,Budź się o tej samej porze każdego dnia,
dict,Пропустити,Пропустити,Пропустить,Skip,Pomiń,
dict,Просвітлений,Просвітлений,Просветлённый,Enlightened,Oświecony,
dict,"Простий протокол: вдих на 4 рахунки, видих на 6. Кілька хвилин достатньо, щоб знизити збудження.","Простий протокол: вдих на 4 рахунки, видих на 6. Кілька хвилин достатньо, щоб знизити збудження.","Простой протокол: вдох на 4 счёта, выдох на 6. Нескольких минут достаточно, чтобы снизить возбуждение.","Simple protocol: inhale for 4, exhale for 6. A few minutes is enough to lower arousal.","Prosty protokół: wdech na 4, wydech na 6. Kilka minut wystarczy, by obniżyć pobudzenie.",
dict,"Прості важелі впливу: повільне дихання з довгим видихом, холод на обличчя, спокійний голос і навіть наспівування — все це підвищує вагусний тонус.","Прості важелі впливу: повільне дихання з довгим видихом, холод на обличчя, спокійний голос і навіть наспівування — все це підвищує вагусний тонус.","Простые рычаги: медленное дыхание с долгим выдохом, холод на лицо, спокойный голос и даже напевание — всё это повышает вагусный тонус.","Simple levers: slow breathing with a long exhale, cold on the face, a calm voice, even humming — all raise vagal tone.","Proste dźwignie: powolny oddech z długim wydechem, zimno na twarz, spokojny głos, a nawet nucenie — wszystko to podnosi napięcie nerwu błędnego.",
dict,Професія,Професія,Профессия,Occupation,Zawód,
dict,Профіль,Профіль,Профиль,Profile,Profil,
dict,Прохолодна кімната — глибший сон,Прохолодна кімната — глибший сон,Прохладная комната — более глубокий сон,A cool room means deeper sleep,Chłodny pokój — głębszy sen,
dict,Прочитав,Прочитав,Прочитал,Finished,Przeczytane,
dict,прочитай 1 книгу,прочитай 1 книгу,прочитай 1 книгу,read 1 book,przeczytaj 1 książkę,ru=uk?
dict,прочитай 3,прочитай 3,прочитай 3,read 3,przeczytaj 3,ru=uk?
dict,Прочитано книг,Прочитано книг,Прочитано книг,Books read,Przeczytano książek,ru=uk?
dict,Прочитані книги й час читання.,Прочитані книги й час читання.,Прочитанные книги и время чтения.,Books read and reading time.,Przeczytane książki i czas czytania.,
dict,Прочитати книги,Прочитати книги,Прочитать книги,Read books,Przeczytać książki,
dict,Пт,Пт,Пт,Fr,Pt,
dict,"Під час видиху активність блукаючого нерва зростає, і серцевий ритм природно сповільнюється — це називають дихальною аритмією. Якщо видих довший за вдих, заспокійливий ефект сильніший.","Під час видиху активність блукаючого нерва зростає, і серцевий ритм природно сповільнюється — це називають дихальною аритмією. Якщо видих довший за вдих, заспокійливий ефект сильніший.","Во время выдоха активность блуждающего нерва растёт, и сердечный ритм естественно замедляется — это называют дыхательной аритмией. Если выдох длиннее вдоха, успокаивающий эффект сильнее.","During the exhale vagus-nerve activity rises and the heart naturally slows — this is respiratory sinus arrhythmia. If the exhale is longer than the inhale, the calming effect is stronger.","Podczas wydechu aktywność nerwu błędnego rośnie, a rytm serca naturalnie zwalnia — nazywa się to arytmią oddechową. Jeśli wydech jest dłuższy niż wdech, efekt uspokajający jest silniejszy.",
dict,Підвищує HRV (стресостійкість),Підвищує HRV (стресостійкість),Повышает ВСР (стрессоустойчивость),Raises HRV (stress resilience),Podnosi HRV (odporność na stres),
dict,Підвищує варіабельність серцевого ритму,Підвищує варіабельність серцевого ритму,Повышает вариабельность сердечного ритма,Raises heart rate variability,Podnosi zmienność rytmu serca,
dict,Підвищує ментальну стійкість,Підвищує ментальну стійкість,Повышает ментальную стойкость,Boosts mental resilience,Podnosi odporność psychiczną,
dict,Підготовка,Підготовка,Подготовка,Preparation,Przygotowanie,
dict,Підніми плечі до вух.,Підніми плечі до вух.,Подними плечи к ушам.,Raise your shoulders to your ears.,Unieś ramiona do uszu.,
dict,"Підтверди пошту, перш ніж входити.","Підтверди пошту, перш ніж входити.","Подтверди почту, прежде чем входить.",Confirm your email before signing in.,Potwierdź e-mail przed zalogowaniem.,
dict,Підтримка імунітету,Підтримка імунітету,Поддержка иммунитета,Immune support,Wsparcie odporności,
dict,Підходить для щоденного заспокоєння,Підходить для щоденного заспокоєння,Подходит для ежедневного успокоения,Good for daily calming,Nadaje się do codziennego wyciszania,
dict,разово,разово,разово,one-time,jednorazowo,ru=uk?
dict,Разом,Разом,Вместе,Together,Razem,
dict,Разом легше тримати ритм і мотивацію.,Разом легше тримати ритм і мотивацію.,Вместе легче держать ритм и мотивацию.,Together it’s easier to keep the rhythm and motivation.,Razem łatwiej utrzymać rytm i motywację.,
dict,Разом легше тримати ритм.,Разом легше тримати ритм.,Вместе легче держать ритм.,It's easier to keep the rhythm together.,Razem łatwiej trzymać rytm.,
dict,Разом легше тримати ритм: спільні челенджі й підтримка. Долучення — зі своїм акаунтом.,Разом легше тримати ритм: спільні челенджі й підтримка. Долучення — зі своїм акаунтом.,Вместе легче держать ритм: совместные челленджи и поддержка. Присоединение — со своим аккаунтом.,Together it’s easier to keep the rhythm: shared challenges and support. Joining needs your own account.,Razem łatwiej utrzymać rytm: wspólne wyzwania i wsparcie. Dołączenie — z własnym kontem.,
dict,Ранги й звання за рівнями,Ранги й звання за рівнями,Ранги и звания по уровням,Ranks and titles by level,Rangi i tytuły według poziomów,
dict,"Ранкове світло, особливо денне надворі, задає циркадний ритм: піднімає денну бадьорість і зміщує вечірню сонливість у потрібний бік. Це одна з найсильніших і найдешевших звичок для сну.","Ранкове світло, особливо денне надворі, задає циркадний ритм: піднімає денну бадьорість і зміщує вечірню сонливість у потрібний бік. Це одна з найсильніших і найдешевших звичок для сну.","Утренний свет, особенно дневной на улице, задаёт циркадный ритм: поднимает дневную бодрость и сдвигает вечернюю сонливость в нужную сторону. Это одна из самых сильных и дешёвых привычек для сна.","Morning light, especially daylight outdoors, sets the circadian rhythm: it boosts daytime alertness and shifts evening sleepiness the right way. It's one of the strongest and cheapest habits for sleep.","Poranne światło, zwłaszcza dzienne na zewnątrz, ustawia rytm dobowy: podnosi energię za dnia i przesuwa wieczorną senność we właściwą stronę. To jeden z najsilniejszych i najtańszych nawyków dla snu.",
dict,Ранок,Ранок,Утро,Morning,Rano,
dict,Раундів,Раундів,Раундов,Rounds,Rund,
dict,"Регулярне читання підтримує концентрацію, словник і робочу память.","Регулярне читання підтримує концентрацію, словник і робочу память.","Регулярное чтение поддерживает концентрацию, словарь и рабочую память.","Regular reading supports focus, vocabulary and working memory.","Regularne czytanie wspiera koncentrację, słownictwo i pamięć roboczą.",
dict,"Регулярний холод активує буру жирову тканину, що спалює енергію заради тепла.","Регулярний холод активує буру жирову тканину, що спалює енергію заради тепла.","Регулярный холод активирует бурую жировую ткань, которая сжигает энергию ради тепла.","Regular cold activates brown fat, which burns energy to make heat.","Regularne zimno aktywuje brunatny tłuszcz, który spala energię, by wytworzyć ciepło.",
dict,"Регулярний час пробудження — навіть на вихідних — тримає внутрішній годинник у фазі. Це впливає на сон сильніше, ніж більшість «розумних» девайсів.","Регулярний час пробудження — навіть на вихідних — тримає внутрішній годинник у фазі. Це впливає на сон сильніше, ніж більшість «розумних» девайсів.","Регулярное время пробуждения — даже по выходным — держит внутренние часы в фазе. Это влияет на сон сильнее, чем большинство «умных» девайсов.",A regular wake time — even on weekends — keeps the internal clock in phase. It affects sleep more than most «smart» devices.,Regularna pora budzenia — nawet w weekendy — utrzymuje zegar wewnętrzny w fazie. Wpływa na sen bardziej niż większość „inteligentnych” urządzeń.,
dict,Регулярність > ідеальна тривалість однієї ночі,Регулярність > ідеальна тривалість однієї ночі,Регулярность > идеальная длительность одной ночи,Regularity > the perfect single night,Regularność > idealna długość jednej nocy,
dict,Регулярність важливіша за тривалість,Регулярність важливіша за тривалість,Регулярность важнее длительности,Regularity matters more than duration,Regularność ważniejsza niż czas trwania,
dict,Редагувати,Редагувати,Редактировать,Edit,Edytuj,
dict,Редагувати персонажа,Редагувати персонажа,Редактировать персонажа,Edit character,Edytuj postać,
dict,Редагувати спільноту,Редагувати спільноту,Редактировать сообщество,Edit community,Edytuj społeczność,
dict,"Резонанс електромагнітного поля Землі (≈7.83 Гц), на межі альфа/тета.","Резонанс електромагнітного поля Землі (≈7.83 Гц), на межі альфа/тета.","Резонанс электромагнитного поля Земли (≈7.83 Гц), на границе альфа/тета.","The resonance of Earth's electromagnetic field (≈7.83 Hz), on the alpha/theta border.","Rezonans pola elektromagnetycznego Ziemi (≈7,83 Hz), na granicy alfa/theta.",
dict,Резонанс електромагнітного поля Землі. Напряму нечутний; тут відтворюється як бінаурал-ритм 7.83 Гц.,Резонанс електромагнітного поля Землі. Напряму нечутний; тут відтворюється як бінаурал-ритм 7.83 Гц.,Резонанс электромагнитного поля Земли. Напрямую неслышимый; здесь воспроизводится как бинаурал-ритм 7.83 Гц.,The resonance of Earth's electromagnetic field. Inaudible directly; reproduced here as a 7.83 Hz binaural beat.,"Rezonans pola elektromagnetycznego Ziemi. Bezpośrednio niesłyszalny; tutaj odtwarzany jako rytm binauralny 7,83 Hz.",
dict,Резонанс Шумана,Резонанс Шумана,Резонанс Шумана,Schumann resonance,Rezonans Schumanna,ru=uk?
dict,"Резонанс — це бути в такті зі світом. Умови навколо задають ритм: холод, стрес, втома, невизначеність. Питання не в тому, щоб уникнути їх, а в тому, щоб навчитися відповідати на них спокійно й точно.","Резонанс — це бути в такті зі світом. Умови навколо задають ритм: холод, стрес, втома, невизначеність. Питання не в тому, щоб уникнути їх, а в тому, щоб навчитися відповідати на них спокійно й точно.","Резонанс — это быть в такте с миром. Условия вокруг задают ритм: холод, стресс, усталость, неопределённость. Вопрос не в том, чтобы избежать их, а в том, чтобы научиться отвечать на них спокойно и точно.","Resonance is being in tune with the world. The conditions around you set the rhythm: cold, stress, fatigue, uncertainty. The question isn't how to avoid them, but how to learn to meet them calmly and precisely.","Rezonans to bycie w zgodzie ze światem. Warunki wokół nadają rytm: zimno, stres, zmęczenie, niepewność. Nie chodzi o to, by ich uniknąć, lecz by nauczyć się odpowiadać na nie spokojnie i celnie.",
dict,Результат,Результат,Результат,Result,Wynik,ru=uk?
dict,Результати учасників,Результати учасників,Результаты участников,Participants' results,Wyniki uczestników,
dict,Рекорд,Рекорд,Рекорд,Record,Rekord,ru=uk?
dict,Рекорд затримки,Рекорд затримки,Рекорд задержки,Best hold,Rekord wstrzymania,
dict,Рекорд утримання,Рекорд утримання,Рекорд удержания,Best hold,Rekord wytrzymania,
dict,Релаксація,Релаксація,Релаксация,Relaxation,Relaks,
dict,Релаксація Якобсона,Релаксація Якобсона,Релаксация Джекобсона,Jacobson’s relaxation,Relaksacja Jacobsona,
dict,Релаксація і зняття тривоги,Релаксація і зняття тривоги,Релаксация и снятие тревоги,Relaxation & anxiety relief,Relaksacja i redukcja lęku,
dict,Роби видих довшим за вдих,Роби видих довшим за вдих,Делай выдох длиннее вдоха,Make the exhale longer than the inhale,Rób wydech dłuższy niż wdech,
dict,Роби короткі перерви свідомо,Роби короткі перерви свідомо,Делай короткие перерывы осознанно,Take short breaks on purpose,Rób krótkie przerwy świadomie,
dict,Розвиток,Розвиток,Развитие,Growth,Rozwój,
dict,Розвиток учасника,Розвиток учасника,Развитие участника,Member's progress,Rozwój uczestnika,
dict,Розкриття грудей,Розкриття грудей,Раскрытие груди,Chest opening,Otwarcie klatki,
dict,Розмови,Розмови,Разговоры,Chats,Rozmowy,
dict,Розум,Розум,Разум,Mind,Umysł,
dict,руки й кисті,руки й кисті,руки и кисти,your arms and hands,ręce i dłonie,
dict,рів.,рів.,ур.,lvl,poz.,
dict,рівень,рівень,уровень,level,poziom,
dict,Рівень ,Рівень ,Уровень ,Level ,Poziom ,
dict,"Рівень не падає. Він тримається на твоїй найкращій серії: якщо пропустиш день, поточна серія почнеться заново, але рівень залишиться на місці.","Рівень не падає. Він тримається на твоїй найкращій серії: якщо пропустиш день, поточна серія почнеться заново, але рівень залишиться на місці.","Уровень не падает. Он держится на твоей лучшей серии: если пропустишь день, текущая серия начнётся заново, но уровень останется на месте.","Your level doesn’t drop. It rests on your best streak: if you miss a day, the current streak restarts, but the level stays.","Poziom nie spada. Opiera się na twojej najlepszej serii: jeśli opuścisz dzień, bieżąca seria zacznie się od nowa, ale poziom pozostanie.",
dict,Рівень і досвід,Рівень і досвід,Уровень и опыт,Level and experience,Poziom i doświadczenie,
dict,"Рівномірний розвиток тіла й розуму. Гармонія, стабільність і стійкість.","Рівномірний розвиток тіла й розуму. Гармонія, стабільність і стійкість.","Равномерное развитие тела и разума. Гармония, стабильность и устойчивость.","Even development of body and mind. Harmony, stability and resilience.","Równomierny rozwój ciała i umysłu. Harmonia, stabilność i odporność.",
dict,Рівні за серією,Рівні за серією,Уровни по серии,Levels by streak,Poziomy według serii,
dict,"Рівні фази 4-4-4-4: вдих, затримка, видих, затримка. Заспокоює, повертає контроль над собою у стресі, гострить концентрацію. Використовують військові та спортсмени перед навантаженням.","Рівні фази 4-4-4-4: вдих, затримка, видих, затримка. Заспокоює, повертає контроль над собою у стресі, гострить концентрацію. Використовують військові та спортсмени перед навантаженням.","Ровные фазы 4-4-4-4: вдох, задержка, выдох, задержка. Успокаивает, возвращает контроль над собой в стрессе, обостряет концентрацию. Используют военные и спортсмены перед нагрузкой.","Equal 4-4-4-4 phases: inhale, hold, exhale, hold. Calms you, restores self-control under stress, sharpens focus. Used by the military and athletes before exertion.","Równe fazy 4-4-4-4: wdech, wstrzymanie, wydech, wstrzymanie. Uspokaja, przywraca panowanie nad sobą w stresie, wyostrza koncentrację. Używają wojskowi i sportowcy przed wysiłkiem.",
dict,Сам по собі нечутний; відтворюється як бінаурал-ритм. Доказів специфічного впливу немає.,Сам по собі нечутний; відтворюється як бінаурал-ритм. Доказів специфічного впливу немає.,Сам по себе неслышимый; воспроизводится как бинаурал-ритм. Доказательств специфического влияния нет.,Inaudible on its own; reproduced as a binaural beat. No evidence of a specific effect.,Sam w sobie niesłyszalny; odtwarzany jako rytm binauralny. Brak dowodów specyficznego oddziaływania.,
dict,Самонавіювання відчуттів важкості й тепла.,Самонавіювання відчуттів важкості й тепла.,Самовнушение ощущений тяжести и тепла.,Self-suggestion of heaviness and warmth.,Autosugestia odczuć ciężkości i ciepła.,
dict,Сб,Сб,Сб,Sa,Sob,
dict,Світло вранці — головний регулятор сну,Світло вранці — головний регулятор сну,Свет утром — главный регулятор сна,Morning light is the main sleep regulator,Poranne światło to główny regulator snu,
dict,сер. оцінка,сер. оцінка,ср. оценка,avg rating,śr. ocena,
dict,середня оцінка,середня оцінка,средняя оценка,average rating,średnia ocena,
dict,середня оцінка за тиждень,середня оцінка за тиждень,средняя оценка за неделю,average rating per week,średnia ocena na tydzień,
dict,Середня оцінка: ,Середня оцінка: ,Средняя оценка: ,Average rating: ,Średnia ocena: ,
dict,Серпень,Серпень,Август,August,Sierpień,
dict,Серце,Серце,Сердце,Heart,Serce,
dict,Серце б'ється спокійно й рівно.,Серце б'ється спокійно й рівно.,Сердце бьётся спокойно и ровно.,My heart beats calmly and steadily.,Serce bije spokojnie i równo.,
dict,Серія без,Серія без,Серия без,Streak without,Seria bez,
dict,"Серія глибоких дихань насичує кров киснем і знижує CO₂, після чого затримка на видиху тренує стійкість до стресу. Регулярна практика додає енергії, покращує настрій, зміцнює імунітет і підвищує переносимість холоду.","Серія глибоких дихань насичує кров киснем і знижує CO₂, після чого затримка на видиху тренує стійкість до стресу. Регулярна практика додає енергії, покращує настрій, зміцнює імунітет і підвищує переносимість холоду.","Серия глубоких дыханий насыщает кровь кислородом и снижает CO₂, после чего задержка на выдохе тренирует устойчивость к стрессу. Регулярная практика добавляет энергии, улучшает настроение, укрепляет иммунитет и повышает переносимость холода.","A series of deep breaths saturates the blood with oxygen and lowers CO₂, then the exhale hold trains stress resilience. Regular practice adds energy, improves mood, strengthens immunity and raises cold tolerance.","Seria głębokich oddechów nasyca krew tlenem i obniża CO₂, po czym wstrzymanie na wydechu trenuje odporność na stres. Regularna praktyka dodaje energii, poprawia nastrój, wzmacnia odporność i podnosi tolerancję na zimno.",
dict,Серія практики,Серія практики,Серия практики,Practice streak,Seria praktyki,
dict,сесій,сесій,сессий,sessions,sesji,
dict,Сесій,Сесій,Сессий,Sessions,Sesji,
dict,Сесію завершено,Сесію завершено,Сессия завершена,Session complete,Sesja zakończona,
dict,Сесію зупинено,Сесію зупинено,Сессия остановлена,Session stopped,Sesja zatrzymana,
dict,Сесія холоду,Сесія холоду,Сессия холода,Cold session,Sesja zimna,
dict,сесія ≥ 4 хв,сесія ≥ 4 хв,сессия ≥ 4 мин,session ≥ 4 min,sesja ≥ 4 min,
dict,Сесії,Сесії,Сессии,Sessions,Sesje,
dict,сесії за день,сесії за день,сессии за день,sessions per day,sesje na dzień,
dict,сесії за тиждень,сесії за тиждень,сессии за неделю,sessions per week,sesje na tydzień,
dict,Сесії практики,Сесії практики,Сессии практики,Practice sessions,Sesje praktyki,
dict,Сила звички,Сила звички,Сила привычки,The Power of Habit,Siła nawyku,
dict,Сила й стабільність без руху,Сила й стабільність без руху,Сила и стабильность без движения,Strength and stability without movement,Siła i stabilność bez ruchu,
dict,Сила кора,Сила кора,Сила кора,Core strength,Siła core,ru=uk?
dict,Сила хвата,Сила хвата,Сила хвата,Grip strength,Siła chwytu,ru=uk?
dict,Силові,Силові,Силовые,Strength,Siłowe,
dict,Силові тренування,Силові тренування,Силовые тренировки,Strength training,Trening siłowy,
dict,Сканування тіла,Сканування тіла,Сканирование тела,Body scan,Skanowanie ciała,
dict,Скасувати,Скасувати,Отмена,Cancel,Anuluj,
dict,Скинути день,Скинути день,Сбросить день,Reset day,Zresetuj dzień,
dict,Скільки % кожної практики йде в які навички,Скільки % кожної практики йде в які навички,Сколько % каждой практики идёт в какие навыки,What % of each practice goes to which skills,Ile % każdej praktyki idzie w które umiejętności,
dict,Скільки води випито сьогодні.,Скільки води випито сьогодні.,Сколько воды выпито сегодня.,How much water you drank today.,Ile wody wypito dziś.,
dict,Скільки днів,Скільки днів,Сколько дней,How many days,Ile dni,
dict,Скільки днів ти тримаєшся без шкідливих звичок. Кожна звичка рахується окремо — серія обнуляється лише при зриві.,Скільки днів ти тримаєшся без шкідливих звичок. Кожна звичка рахується окремо — серія обнуляється лише при зриві.,Сколько дней ты держишься без вредных привычек. Каждая привычка считается отдельно — серия обнуляется только при срыве.,How many days you’ve stayed free of bad habits. Each habit counts separately — the streak resets only on a relapse.,Ile dni utrzymujesz się bez złych nawyków. Każdy nawyk liczony jest osobno — seria zeruje się tylko przy wpadce.,
dict,Скільки разів,Скільки разів,Сколько раз,How many times,Ile razy,
dict,Скільки секунд?,Скільки секунд?,Сколько секунд?,How many seconds?,Ile sekund?,
dict,Скільки хвилин слухав? (1 хв = 1 бал),Скільки хвилин слухав? (1 хв = 1 бал),Сколько минут слушал? (1 мин = 1 балл),How many minutes did you listen? (1 min = 1 point),Ile minut słuchałeś? (1 min = 1 punkt),pl-gender
dict,"Слухай частоти у навушниках, розслаблено, у спокої.","Слухай частоти у навушниках, розслаблено, у спокої.","Слушай частоты в наушниках, расслабленно, в покое.","Listen to the frequencies in headphones, relaxed, at rest.","Słuchaj częstotliwości w słuchawkach, zrelaksowany, w spokoju.",
dict,Слухати в YouTube Music,Слухати в YouTube Music,Слушать в YouTube Music,Listen on YouTube Music,Słuchaj w YouTube Music,
dict,Солодке,Солодке,Сладкое,Sugar,Słodycze,
dict,Солодке: 30 дн без зривів,Солодке: 30 дн без зривів,Сладкое: 30 дн без срывов,Sugar: 30 days clean,Słodycze: 30 dni bez wpadek,
dict,Сон,Сон,Сон,Sleep,Sen,ru=uk?
dict,"Сон, дихання й рух впливають найдужче","Сон, дихання й рух впливають найдужче","Сон, дыхание и движение влияют сильнее всего","Sleep, breathing and movement matter most","Sen, oddech i ruch wpływają najmocniej",
dict,Сонячне сплетіння,Сонячне сплетіння,Солнечное сплетение,Solar plexus,Splot słoneczny,
dict,"Спина до стіни, стегна паралельно підлозі, коліна під кутом 90°. Тримай статично.","Спина до стіни, стегна паралельно підлозі, коліна під кутом 90°. Тримай статично.","Спина к стене, бёдра параллельно полу, колени под углом 90°. Держи статично.","Back against the wall, thighs parallel to the floor, knees at 90°. Hold statically.","Plecy do ściany, uda równolegle do podłogi, kolana pod kątem 90°. Trzymaj statycznie.",
dict,спину,спину,спину,your back,plecy,ru=uk?
dict,Список учасників спільноти,Список учасників спільноти,Список участников сообщества,Community member list,Lista członków społeczności,
dict,Спитай щось…,Спитай щось…,Спроси что-нибудь…,Ask something…,Zapytaj o coś…,
dict,Сповіщення,Сповіщення,Уведомления,Notifications,Powiadomienia,
dict,Сповіщення — головний крадій уваги,Сповіщення — головний крадій уваги,Уведомления — главный вор внимания,Notifications are the main attention thief,Powiadomienia to główny złodziej uwagi,
dict,Споглядач розуму,Споглядач розуму,Созерцатель разума,Mind Contemplator,Obserwator umysłu,
dict,Спокій,Спокій,Спокойствие,Calm,Spokój,
dict,Спокій і концентрація під тиском,Спокій і концентрація під тиском,Спокойствие и концентрация под давлением,Calm and focus under pressure,Spokój i koncentracja pod presją,
dict,"Спокійна зосередженість, знижений стрес, у деяких дослідженнях — більше креативності.","Спокійна зосередженість, знижений стрес, у деяких дослідженнях — більше креативності.","Спокойная сосредоточенность, сниженный стресс, в некоторых исследованиях — больше креативности.","Calm focus, reduced stress, and in some studies — more creativity.","Spokojne skupienie, obniżony stres, w niektórych badaniach — więcej kreatywności.",
dict,Спокійний наставник,Спокійний наставник,Спокойный наставник,Calm mentor,Spokojny mentor,
dict,Спостерігач,Спостерігач,Наблюдатель,Observer,Obserwator,
dict,"Спрямована увага — обмежений ресурс. Перебування на природі або хоча б погляд удалечінь дає мозку «мʼяке» відновлення, після якого легше фокусуватися.","Спрямована увага — обмежений ресурс. Перебування на природі або хоча б погляд удалечінь дає мозку «мʼяке» відновлення, після якого легше фокусуватися.","Направленное внимание — ограниченный ресурс. Пребывание на природе или хотя бы взгляд вдаль даёт мозгу «мягкое» восстановление, после которого легче фокусироваться.","Directed attention is a limited resource. Being in nature, or even just looking far away, gives the brain «soft» recovery that makes focusing easier.","Ukierunkowana uwaga to ograniczony zasób. Przebywanie na łonie natury albo choćby patrzenie w dal daje mózgowi „miękką” regenerację, po której łatwiej się skupić.",
dict,Спільнота,Спільнота,Сообщество,Community,Społeczność,
dict,Спільнота · ,Спільнота · ,Сообщество · ,Community · ,Społeczność · ,
dict,Спільноти,Спільноти,Сообщества,Communities,Społeczności,
dict,Спільноти немає.,Спільноти немає.,Сообщества нет.,No community.,Brak społeczności.,
dict,Спільноту видалено,Спільноту видалено,Сообщество удалено,Community deleted,Społeczność usunięta,
dict,Спільноту не знайдено.,Спільноту не знайдено.,Сообщество не найдено.,Community not found.,Nie znaleziono społeczności.,
dict,Спільноту створено,Спільноту створено,Сообщество создано,Community created,Społeczność utworzona,
dict,Спільні виклики й прогрес,Спільні виклики й прогрес,Общие вызовы и прогресс,Shared challenges and progress,Wspólne wyzwania i postęp,
dict,Спільні виклики. Прогрес рахується з календаря.,Спільні виклики. Прогрес рахується з календаря.,Общие вызовы. Прогресс считается из календаря.,Shared challenges. Progress is counted from your calendar.,Wspólne wyzwania. Postęp liczony z kalendarza.,
dict,Ср,Ср,Ср,We,Śr,
dict,Стабільна практика,Стабільна практика,Стабильная практика,Steady practice,Stabilna praktyka,
dict,Стабільний час — недооцінена звичка,Стабільний час — недооцінена звичка,Стабильное время — недооценённая привычка,A steady schedule is an underrated habit,Stała pora — niedoceniany nawyk,
dict,Стабільність таза,Стабільність таза,Стабильность таза,Pelvic stability,Stabilność miednicy,
dict,Стабільність хребта,Стабільність хребта,Стабильность позвоночника,Spine stability,Stabilność kręgosłupa,
dict,Стабілізує пульс і тиск,Стабілізує пульс і тиск,Стабилизирует пульс и давление,Stabilizes pulse and blood pressure,Stabilizuje puls i ciśnienie,
dict,"Сталість важливіша за ідеальну тривалість окремої ночі: одна недоспана ніч менш шкідлива, ніж постійний хаос у графіку.","Сталість важливіша за ідеальну тривалість окремої ночі: одна недоспана ніч менш шкідлива, ніж постійний хаос у графіку.","Постоянство важнее идеальной длительности отдельной ночи: одна недоспанная ночь менее вредна, чем постоянный хаос в графике.",Consistency beats the perfect length of any single night: one short night is less harmful than constant schedule chaos.,Systematyczność jest ważniejsza niż idealna długość pojedynczej nocy: jedna niedospana noc szkodzi mniej niż ciągły chaos w grafiku.,
dict,Сталість важливіша за інтенсивність.,Сталість важливіша за інтенсивність.,Постоянство важнее интенсивности.,Consistency beats intensity.,Systematyczność ważniejsza niż intensywność.,
dict,Сталість і пауза від стимулів відновлюють чутливість,Сталість і пауза від стимулів відновлюють чутливість,Постоянство и пауза от стимулов восстанавливают чувствительность,Consistency and a stimulus break restore sensitivity,Systematyczność i przerwa od bodźców przywracają wrażliwość,
dict,Статична сила ніг,Статична сила ніг,Статическая сила ног,Static leg strength,Statyczna siła nóg,
dict,Статичні,Статичні,Статичные,Static,Statyczne,
dict,Статичні вправи,Статичні вправи,Статические упражнения,Static exercises,Ćwiczenia statyczne,
dict,"Статичні вправи: планка, прогин, вис, стілець біля стіни.","Статичні вправи: планка, прогин, вис, стілець біля стіни.","Статические упражнения: планка, прогиб, вис, стул у стены.","Static exercises: plank, backbend, hang, wall sit.","Ćwiczenia statyczne: deska, wygięcie, zwis, krzesełko przy ścianie.",
dict,Статичні утримання зміцнюють мʼязи й сухожилля та вчать тримати напругу.,Статичні утримання зміцнюють мʼязи й сухожилля та вчать тримати напругу.,Статические удержания укрепляют мышцы и сухожилия и учат держать напряжение.,Static holds strengthen muscles and tendons and teach you to hold tension.,Statyczne wytrzymania wzmacniają mięśnie i ścięgna oraz uczą utrzymywać napięcie.,
dict,Стать,Стать,Пол,Gender,Płeć,
dict,Створи перший спільний виклик для команди.,Створи перший спільний виклик для команди.,Создай первый общий вызов для команды.,Create the first shared challenge for the team.,Stwórz pierwsze wspólne wyzwanie dla zespołu.,
dict,Створи свою спільноту або прийми запрошення від друга — дзвіночок угорі.,Створи свою спільноту або прийми запрошення від друга — дзвіночок угорі.,Создай своё сообщество или прими приглашение от друга — колокольчик вверху.,Create your own community or accept a friend's invitation — the bell up top.,Załóż własną społeczność albo przyjmij zaproszenie od znajomego — dzwonek u góry.,
dict,Створити,Створити,Создать,Create,Utwórz,
dict,Створити PDF,Створити PDF,Создать PDF,Create PDF,Utwórz PDF,
dict,Створити акаунт,Створити акаунт,Создать аккаунт,Create account,Utwórz konto,
dict,Створити нову спільноту,Створити нову спільноту,Создать новое сообщество,Create a new community,Utwórz nową społeczność,
dict,Створити спільноту,Створити спільноту,Создать сообщество,Create a community,Utwórz społeczność,
dict,Створити ціль,Створити ціль,Создать цель,Create goal,Utwórz cel,
dict,Створити челендж,Створити челендж,Создать челлендж,Create challenge,Utwórz wyzwanie,
dict,стегна,стегна,бёдра,your thighs,uda,
dict,Стегна,Стегна,Бёдра,Thighs,Uda,
dict,Стисни кулаки якомога міцніше.,Стисни кулаки якомога міцніше.,Сожми кулаки как можно крепче.,Clench your fists as hard as you can.,Zaciśnij pięści najmocniej jak potrafisz.,
dict,Стисни пальці ніг.,Стисни пальці ніг.,Сожми пальцы ног.,Curl your toes.,Zaciśnij palce stóp.,
dict,Стисни сідничні м'язи.,Стисни сідничні м'язи.,Сожми ягодичные мышцы.,Squeeze your glute muscles.,Zaciśnij mięśnie pośladków.,
dict,Стоп,Стоп,Стоп,Stop,Stop,ru=uk?;pl=en?
dict,стопи,стопи,стопы,your feet,stopy,
dict,Стопи,Стопи,Стопы,Feet,Stopy,
dict,Стосунки,Стосунки,Отношения,Relationships,Relacje,
dict,Стрес,Стрес,Стресс,Stress,Stres,
dict,Строй,Строй,Строй,Tuning,Strój,ru=uk?
dict,Стійкий,Стійкий,Стойкий,Steady,Wytrwały,
dict,Стійкість до стресу й холоду,Стійкість до стресу й холоду,Устойчивость к стрессу и холоду,Resilience to stress and cold,Odporność na stres i zimno,
dict,Стілець біля стіни,Стілець біля стіни,Стул у стены,Wall sit,Krzesełko przy ścianie,
dict,Суворий тренер,Суворий тренер,Строгий тренер,Strict coach,Surowy trener,
dict,Судинна гімнастика,Судинна гімнастика,Сосудистая гимнастика,Vascular training,Gimnastyka naczyń,
dict,Судинна гімнастика й тонус,Судинна гімнастика й тонус,Сосудистая гимнастика и тонус,Vascular training and tone,Gimnastyka naczyń i napięcie,
dict,сумарно 180 хв,сумарно 180 хв,суммарно 180 мин,180 min total,łącznie 180 min,
dict,сумарно 60 хв,сумарно 60 хв,суммарно 60 мин,60 min total,łącznie 60 min,
dict,сумарно 600 хв,сумарно 600 хв,суммарно 600 мин,600 min total,łącznie 600 min,
dict,Суто езотерична основа.,Суто езотерична основа.,Сугубо эзотерическая основа.,A purely esoteric basis.,Podstawa czysto ezoteryczna.,
dict,Сховати,Сховати,Скрыть,Hide,Ukryj,
dict,сховати,сховати,скрыть,hide,ukryj,
dict,Сьогодні,Сьогодні,Сегодня,Today,Dzisiaj,
dict,Сьогодні ти практикував,Сьогодні ти практикував,Сегодня ты практиковал,You practiced today,Dziś ćwiczyłeś,uk-gender;ru-gender;pl-gender
dict,Сьогодні ще не практикував — навіть 3 хвилини відновлять серію.,Сьогодні ще не практикував — навіть 3 хвилини відновлять серію.,Сегодня ещё не практиковал — даже 3 минуты восстановят серию.,You haven't practiced today — even 3 minutes will keep your streak.,Dziś jeszcze nie ćwiczyłeś — nawet 3 minuty utrzymają serię.,pl-gender
dict,Сьогодні ще нема практики,Сьогодні ще нема практики,Сегодня ещё нет практики,No practice yet today,Dziś jeszcze brak praktyki,
dict,Сьогодні ще немає активності.,Сьогодні ще немає активності.,Сегодня ещё нет активности.,No activity yet today.,Dziś jeszcze brak aktywności.,
dict,Сядь або ляж зручно. Кілька спокійних вдихів і видихів.,Сядь або ляж зручно. Кілька спокійних вдихів і видихів.,Сядь или ляг удобно. Несколько спокойных вдохов и выдохов.,Sit or lie comfortably. A few calm breaths in and out.,Usiądź lub połóż się wygodnie. Kilka spokojnych wdechów i wydechów.,
dict,Сідниці,Сідниці,Ягодицы,Glutes,Pośladki,
dict,Січень,Січень,Январь,January,Styczeń,
dict,таз і сідниці,таз і сідниці,таз и ягодицы,your pelvis and glutes,miednicę i pośladki,
dict,"Таймер рахує час утримання. Зупини, коли завершиш.","Таймер рахує час утримання. Зупини, коли завершиш.","Таймер считает время удержания. Останови, когда закончишь.",The timer counts your hold. Stop when you finish.,"Timer liczy czas wytrzymania. Zatrzymaj, gdy skończysz.",
dict,Така пошта вже зареєстрована.,Така пошта вже зареєстрована.,Такая почта уже зарегистрирована.,This email is already registered.,Ten e-mail jest już zarejestrowany.,
dict,Твоя активність у динаміці,Твоя активність у динаміці,Твоя активность в динамике,Your activity over time,Twoja aktywność w czasie,
dict,Твоя динаміка практик.,Твоя динаміка практик.,Твоя динамика практик.,Your practice trends.,Twoja dynamika praktyk.,
dict,Твоя стабільність робить тебе кращим. Так тримати!,Твоя стабільність робить тебе кращим. Так тримати!,Твоя стабильность делает тебя лучше. Так держать!,Your consistency is making you better. Keep it up!,Twoja regularność czyni cię lepszym. Tak trzymaj!,
dict,Твої цілі,Твої цілі,Твои цели,Your goals,Twoje cele,
dict,"Твій загальний рівень залежить від найдовшої серії практики — скільки днів поспіль ти займався хоча б однією практикою, без жодного пропуску. Що довша серія — то вищий рівень.","Твій загальний рівень залежить від найдовшої серії практики — скільки днів поспіль ти займався хоча б однією практикою, без жодного пропуску. Що довша серія — то вищий рівень.","Твой общий уровень зависит от самой длинной серии практики — сколько дней подряд ты занимался хотя бы одной практикой, без единого пропуска. Чем длиннее серия — тем выше уровень.","Your overall level depends on your longest practice streak — how many days in a row you did at least one practice without a single miss. The longer the streak, the higher the level.","Twój ogólny poziom zależy od najdłuższej serii praktyki — ile dni z rzędu wykonywałeś przynajmniej jedną praktykę bez ani jednej przerwy. Im dłuższa seria, tym wyższy poziom.",uk-gender;ru-gender;pl-gender
dict,Твій клас залежить від балансу між Тілом і Ментальністю — і змінюється разом із розвитком.,Твій клас залежить від балансу між Тілом і Ментальністю — і змінюється разом із розвитком.,Твой класс зависит от баланса между Телом и Ментальностью — и меняется вместе с развитием.,Your class depends on the balance between Body and Mind — and changes as you grow.,Twoja klasa zależy od równowagi między Ciałem a Umysłem — i zmienia się wraz z rozwojem.,
dict,Твій персонаж: рівні й навички,Твій персонаж: рівні й навички,Твой персонаж: уровни и навыки,Your character: levels and skills,Twoja postać: poziomy i umiejętności,
dict,"Твій персонаж: імʼя, аватар, рівень, звання й клас, що змінюються разом із розвитком.","Твій персонаж: імʼя, аватар, рівень, звання й клас, що змінюються разом із розвитком.","Твой персонаж: имя, аватар, уровень, звание и класс, которые меняются вместе с развитием.","Your character: name, avatar, level, rank and class that change as you grow.","Twoja postać: imię, awatar, poziom, ranga i klasa, które zmieniają się wraz z rozwojem.",
dict,Твій профіль,Твій профіль,Твой профиль,Your profile,Twój profil,
dict,Твій результат: ,Твій результат: ,Твой результат: ,Your result: ,Twój wynik: ,
dict,Твій стан,Твій стан,Твоё состояние,Your status,Twój stan,
dict,Твій шлях почався. Крок за кроком ти стаєш сильнішим.,Твій шлях почався. Крок за кроком ти стаєш сильнішим.,Твой путь начался. Шаг за шагом ты становишься сильнее.,"Your journey has begun. Step by step, you grow stronger.",Twoja droga się zaczęła. Krok po kroku stajesz się silniejszy.,
dict,Тема,Тема,Тема,Topic,Temat,ru=uk?
dict,"Темп дихання, с","Темп дихання, с","Темп дыхания, с","Breathing pace, s","Tempo oddechu, s",
dict,Тепла ванна за годину до сну теж працює — після неї тіло активніше віддає тепло й охолоджується.,Тепла ванна за годину до сну теж працює — після неї тіло активніше віддає тепло й охолоджується.,Тёплая ванна за час до сна тоже работает — после неё тело активнее отдаёт тепло и охлаждается.,A warm bath an hour before bed also works — afterwards the body sheds heat faster and cools.,Ciepła kąpiel na godzinę przed snem też działa — po niej ciało aktywniej oddaje ciepło i się chłodzi.,
dict,Тепла ванна перед сном допомагає через охолодження,Тепла ванна перед сном допомагає через охолодження,Тёплая ванна перед сном помогает через охлаждение,A warm pre-bed bath helps via the cool-down,Ciepła kąpiel przed snem pomaga przez ochłodzenie,
dict,Тепло ніг,Тепло ніг,Тепло ног,Warm legs,Ciepło nóg,
dict,Тепло рук,Тепло рук,Тепло рук,Warm arms,Ciepło rąk,ru=uk?
dict,Термін,Термін,Срок,Term,Termin,
dict,термін вийшов,термін вийшов,срок вышел,time's up,czas minął,
dict,"Тета-стан — це межа між сном і неспанням: розслаблення, інтуїція, творчі осяяння, зняття стресу. Допомагає легше входити в медитацію та відпускати напругу.","Тета-стан — це межа між сном і неспанням: розслаблення, інтуїція, творчі осяяння, зняття стресу. Допомагає легше входити в медитацію та відпускати напругу.","Тета-состояние — это граница между сном и бодрствованием: расслабление, интуиция, творческие озарения, снятие стресса. Помогает легче входить в медитацию и отпускать напряжение.","The theta state is the edge between sleep and waking: relaxation, intuition, creative insight, stress relief. It helps you enter meditation more easily and let go of tension.","Stan theta to granica między snem a jawą: relaks, intuicja, twórcze olśnienia, redukcja stresu. Pomaga łatwiej wchodzić w medytację i odpuszczać napięcie.",
dict,"Техніки, що знімають тривогу й напругу. Обери — кожна веде на свою сторінку з таймером.","Техніки, що знімають тривогу й напругу. Обери — кожна веде на свою сторінку з таймером.","Техники, снимающие тревогу и напряжение. Выбери — каждая ведёт на свою страницу с таймером.",Techniques that ease anxiety and tension. Pick one — each opens its own page with a timer.,"Techniki, które łagodzą lęk i napięcie. Wybierz — każda otwiera własną stronę z minutnikiem.",
dict,Ти адміністратор,Ти адміністратор,Ты администратор,You're an admin,Jesteś administratorem,
dict,Ти в челенджі,Ти в челенджі,Ты в челлендже,You joined the challenge,Dołączyłeś do wyzwania,pl-gender
dict,Ти власник,Ти власник,Ты владелец,You're the owner,Jesteś właścicielem,
dict,Ти не входиш у жодну спільноту,Ти не входиш у жодну спільноту,Ты не состоишь ни в одном сообществе,You're not in any community,Nie należysz do żadnej społeczności,
dict,Ти не входиш у спільноту,Ти не входиш у спільноту,Ты не состоишь в сообществе,You're not in a community,Nie należysz do społeczności,
dict,Ти у моменті,Ти у моменті,Ты в моменте,You’re in the moment,Jesteś w chwili,
dict,Ти у спільноті,Ти у спільноті,Ты в сообществе,You're in the community,Jesteś w społeczności,
dict,"Ти — свій персонаж. Кожна реальна практика стає досвідом (XP) гілок розвитку, рівнями й рангами; окрема «Воля» винагороджує сталість. Прокачуєш не аватар, а себе.","Ти — свій персонаж. Кожна реальна практика стає досвідом (XP) гілок розвитку, рівнями й рангами; окрема «Воля» винагороджує сталість. Прокачуєш не аватар, а себе.","Ты — свой персонаж. Каждая реальная практика становится опытом (XP) ветвей развития, уровнями и рангами; отдельная «Воля» вознаграждает постоянство. Прокачиваешь не аватар, а себя.","You are your character. Every real practice becomes experience (XP) for your growth branches, levels and ranks; a separate «Will» rewards consistency. You level up yourself, not an avatar.","Jesteś swoją postacią. Każda realna praktyka staje się doświadczeniem (XP) gałęzi rozwoju, poziomami i rangami; osobna „Wola” nagradza systematyczność. Rozwijasz nie awatar, lecz siebie.",
dict,Ти — твій персонаж,Ти — твій персонаж,Ты — твой персонаж,You are your character,Jesteś swoją postacią,
dict,"Ти — твій персонаж. Прокачуєш не аватар, а себе.","Ти — твій персонаж. Прокачуєш не аватар, а себе.","Ты — твой персонаж. Прокачиваешь не аватар, а себя.","You are your character. You level up yourself, not an avatar.","Jesteś swoją postacią. Rozwijasz nie awatar, lecz siebie.",
dict,Тип практики,Тип практики,Тип практики,Practice type,Typ praktyki,ru=uk?
dict,Тон Solfeggio. Заявлено як «природний анестетик» — нібито знімає біль і дає відчуття безпеки. Доказів немає.,Тон Solfeggio. Заявлено як «природний анестетик» — нібито знімає біль і дає відчуття безпеки. Доказів немає.,Тон Solfeggio. Заявлен как «природный анестетик» — якобы снимает боль и даёт чувство безопасности. Доказательств нет.,A Solfeggio tone. Claimed to be a «natural anesthetic» — supposedly relieves pain and gives a sense of safety. No evidence.,Ton Solfeggio. Deklarowany jako „naturalny środek znieczulający” — rzekomo uśmierza ból i daje poczucie bezpieczeństwa. Brak dowodów.,
dict,Тон підтримки,Тон підтримки,Тон поддержки,Support tone,Ton wsparcia,
dict,Тон інтуїції.,Тон інтуїції.,Тон интуиции.,A tone of intuition.,Ton intuicji.,
dict,"Тон, повʼязаний зі стосунками.","Тон, повʼязаний зі стосунками.","Тон, связанный с отношениями.",A tone associated with relationships.,Ton związany z relacjami.,
dict,Тонус і бадьорість,Тонус і бадьорість,Тонус и бодрость,Tone and alertness,Napięcie i energia,
dict,Травень,Травень,Май,May,Maj,
dict,"Традиційно асоціюється зі звільненням від страху й провини, перетворенням тривоги на спокій. Слухають під час роботи з емоціями та рефлексії.","Традиційно асоціюється зі звільненням від страху й провини, перетворенням тривоги на спокій. Слухають під час роботи з емоціями та рефлексії.","Традиционно ассоциируется с освобождением от страха и вины, превращением тревоги в спокойствие. Слушают во время работы с эмоциями и рефлексии.","Traditionally associated with releasing fear and guilt, turning anxiety into calm. People listen while working with emotions and reflecting.","Tradycyjnie kojarzona z uwalnianiem od strachu i winy, zamianą lęku w spokój. Słucha się podczas pracy z emocjami i refleksji.",
dict,"Традиційно вважається «природним знеболювачем»: нібито знімає фізичну й емоційну напругу, дає відчуття безпеки та опори. Підходить для заземлення перед сном.","Традиційно вважається «природним знеболювачем»: нібито знімає фізичну й емоційну напругу, дає відчуття безпеки та опори. Підходить для заземлення перед сном.","Традиционно считается «природным обезболивающим»: якобы снимает физическое и эмоциональное напряжение, даёт чувство безопасности и опоры. Подходит для заземления перед сном.",Traditionally considered a «natural painkiller»: supposedly relieves physical and emotional tension and gives a sense of safety and support. Good for grounding before sleep.,"Tradycyjnie uważany za „naturalny środek przeciwbólowy”: rzekomo znosi napięcie fizyczne i emocjonalne, daje poczucie bezpieczeństwa i oparcia. Nadaje się do uziemienia przed snem.",
dict,"Традиційно — про гармонію у відносинах, комунікацію, емпатію та примирення («серцева чакра»). Слухають, налаштовуючись на тепло до людей.","Традиційно — про гармонію у відносинах, комунікацію, емпатію та примирення («серцева чакра»). Слухають, налаштовуючись на тепло до людей.","Традиционно — про гармонию в отношениях, коммуникацию, эмпатию и примирение («сердечная чакра»). Слушают, настраиваясь на тепло к людям.","Traditionally — about harmony in relationships, communication, empathy and reconciliation (the «heart chakra»). People listen to tune into warmth toward others.","Tradycyjnie — o harmonii w relacjach, komunikacji, empatii i pojednaniu („czakra serca”). Słucha się, nastrajając na ciepło do ludzi.",
dict,Тренує контроль над стресом,Тренує контроль над стресом,Тренирует контроль над стрессом,Trains stress control,Trenuje kontrolę nad stresem,
dict,Тренує увагу й мову водночас,Тренує увагу й мову водночас,Тренирует внимание и язык одновременно,Trains attention and language at once,Trenuje uwagę i język naraz,
dict,Тривалість,Тривалість,Длительность,Duration,Czas trwania,
dict,Тримай,Тримай,Держи,Hold,Trzymaj,
dict,Тримайся,Тримайся,Держись,Hang in there,Trzymaj się,
dict,Турботливий,Турботливий,Заботливый,Caring,Troskliwy,
dict,Тут збиратимуться прочитані книги — твоя полиця знань.,Тут збиратимуться прочитані книги — твоя полиця знань.,Здесь будут собираться прочитанные книги — твоя полка знаний.,Finished books will collect here — your shelf of knowledge.,Tu będą zbierać się przeczytane książki — twoja półka wiedzy.,
dict,"Тут можна все роздивитися. А щоб проходити практики, ставити цілі й зберігати свій прогрес — створи безкоштовний акаунт. Це швидко.","Тут можна все роздивитися. А щоб проходити практики, ставити цілі й зберігати свій прогрес — створи безкоштовний акаунт. Це швидко.","Здесь можно всё рассмотреть. А чтобы проходить практики, ставить цели и сохранять свой прогресс — создай бесплатный аккаунт. Это быстро.","You can explore everything here. To do practices, set goals and save your progress, create a free account. It’s quick.","Tutaj możesz wszystko obejrzeć. Aby wykonywać praktyki, ustawiać cele i zapisywać postępy — załóż darmowe konto. To szybkie.",
dict,Тут поки порожньо,Тут поки порожньо,Здесь пока пусто,Nothing here yet,Tu jeszcze pusto,
dict,"Тут — твій рівень, звання й клас. Рівень росте від найдовшої серії практик поспіль. Коло скілів показує, наскільки розвинена кожна навичка. Тисни на елементи, щоб дізнатись більше.","Тут — твій рівень, звання й клас. Рівень росте від найдовшої серії практик поспіль. Коло скілів показує, наскільки розвинена кожна навичка. Тисни на елементи, щоб дізнатись більше.","Здесь — твой уровень, звание и класс. Уровень растёт от самой длинной серии практик подряд. Круг навыков показывает, насколько развит каждый навык. Нажимай на элементы, чтобы узнать больше.","Here are your level, rank and class. Your level grows from your longest streak of practice in a row. The skill wheel shows how developed each skill is. Tap the elements to learn more.","Tu są twój poziom, ranga i klasa. Poziom rośnie od najdłuższej serii praktyk z rzędu. Koło umiejętności pokazuje, jak rozwinięta jest każda umiejętność. Dotknij elementów, aby dowiedzieć się więcej.",
dict,Тіло,Тіло,Тело,Body,Ciało,
dict,ТІЛО,ТІЛО,ТЕЛО,BODY,CIAŁO,
dict,Тіло · ,Тіло · ,Тело · ,Body · ,Ciało · ,
dict,Тіло випереджає ментальність,Тіло випереджає ментальність,Тело опережает ментальность,Body ahead of mind,Ciało wyprzedza umysł,
dict,Тіло й ментальність урівноважені,Тіло й ментальність урівноважені,Тело и ментальность уравновешены,Body and mind in balance,Ciało i umysł w równowadze,
dict,"Тіло має охолонути, щоб заснути","Тіло має охолонути, щоб заснути","Тело должно охладиться, чтобы заснуть",The body must cool to fall asleep,"Ciało musi ostygnąć, by zasnąć",
dict,"У відомому дослідженні 2014 року учасники, навчені методу, змогли свідомо вплинути на запальну відповідь після введення ендотоксину. Це цікавий результат, але група була невеликою, тож узагальнювати рано.","У відомому дослідженні 2014 року учасники, навчені методу, змогли свідомо вплинути на запальну відповідь після введення ендотоксину. Це цікавий результат, але група була невеликою, тож узагальнювати рано.","В известном исследовании 2014 года участники, обученные методу, смогли сознательно повлиять на воспалительный ответ после введения эндотоксина. Это интересный результат, но группа была небольшой, поэтому обобщать рано.","In a well-known 2014 study, participants trained in the method could consciously influence their inflammatory response after an endotoxin injection. An interesting result, but the group was small, so it's early to generalize.","W znanym badaniu z 2014 roku uczestnicy przeszkoleni w metodzie potrafili świadomie wpłynąć na reakcję zapalną po podaniu endotoksyny. To ciekawy wynik, ale grupa była mała, więc na uogólnienia jest za wcześnie.",
dict,"У людей ефект на загальний метаболізм помірний та індивідуальний. Холод корисний багатьма способами, але це не інструмент для швидкого схуднення.","У людей ефект на загальний метаболізм помірний та індивідуальний. Холод корисний багатьма способами, але це не інструмент для швидкого схуднення.","У людей эффект на общий метаболизм умеренный и индивидуальный. Холод полезен по многим причинам, но это не инструмент для быстрого похудения.","In humans the effect on overall metabolism is modest and individual. Cold helps in many ways, but it's not a tool for fast weight loss.","U ludzi wpływ na ogólny metabolizm jest umiarkowany i indywidualny. Zimno pomaga na wiele sposobów, ale nie jest narzędziem do szybkiego chudnięcia.",
dict,"У моменті стресу — квадратне дихання 4-4-4-4 кілька циклів, найшвидше повертає контроль. Для щоденної стійкості — когерентне дихання.","У моменті стресу — квадратне дихання 4-4-4-4 кілька циклів, найшвидше повертає контроль. Для щоденної стійкості — когерентне дихання.","В момент стресса — квадратное дыхание 4-4-4-4 несколько циклов, быстрее всего возвращает контроль. Для ежедневной устойчивости — когерентное дыхание.",In a stressful moment — box breathing 4-4-4-4 for a few cycles restores control fastest. For daily resilience — coherent breathing.,"W momencie stresu — oddech kwadratowy 4-4-4-4 kilka cykli, najszybciej przywraca kontrolę. Na codzienną odporność — oddech koherentny.",
dict,У полицю прочитаних,У полицю прочитаних,На полку прочитанных,To the finished shelf,Na półkę przeczytanych,
dict,У сліпих тестах різниці у впливі не знаходять — але як музика звучить добре.,У сліпих тестах різниці у впливі не знаходять — але як музика звучить добре.,В слепых тестах разницы во влиянии не находят — но как музыка звучит хорошо.,Blind tests find no difference in effect — but as music it sounds good.,W testach ślepych nie znajduje się różnicy w oddziaływaniu — ale jako muzyka brzmi dobrze.,
dict,у холоді,у холоді,в холоде,in cold,w zimnie,
dict,Увага виснажується — і відновлюється,Увага виснажується — і відновлюється,Внимание истощается — и восстанавливается,Attention depletes — and recovers,Uwaga się wyczerpuje — i regeneruje,
dict,Увесь час,Увесь час,Всё время,All time,Cały czas,
dict,"Увійди, щоб бачити аналітику.","Увійди, щоб бачити аналітику.","Войди, чтобы видеть аналитику.",Sign in to see analytics.,"Zaloguj się, aby zobaczyć analitykę.",
dict,"Увійди, щоб зберігати","Увійди, щоб зберігати","Войди, чтобы сохранять",Sign in to save,"Zaloguj się, aby zapisywać",
dict,"Увійди, щоб зберігати розмови.","Увійди, щоб зберігати розмови.","Войди, чтобы сохранять разговоры.",Sign in to save chats.,"Zaloguj się, aby zapisywać rozmowy.",
dict,"Увійди, щоб користуватися завданнями.","Увійди, щоб користуватися завданнями.","Войди, чтобы пользоваться заданиями.",Sign in to use goals.,"Zaloguj się, aby korzystać z zadań.",
dict,"Увійди, щоб користуватися спільнотами.","Увійди, щоб користуватися спільнотами.","Войди, чтобы пользоваться сообществами.",Sign in to use communities.,"Zaloguj się, aby korzystać ze społeczności.",
dict,"Увійди, щоб користуватися спільнотою.","Увійди, щоб користуватися спільнотою.","Войди, чтобы пользоваться сообществом.",Sign in to use the community.,"Zaloguj się, aby korzystać ze społeczności.",
dict,Увійди.,Увійди.,Войди.,Sign in.,Zaloguj się.,
dict,Увійти,Увійти,Войти,Sign in,Zaloguj się,
dict,Уповільнює серцебиття,Уповільнює серцебиття,Замедляет сердцебиение,Slows the heartbeat,Zwalnia bicie serca,
dict,Усього,Усього,Всего,Total,Łącznie,
dict,Усього медитації,Усього медитації,Всего медитации,Total meditation,Łącznie medytacji,
dict,Усього у холоді,Усього у холоді,Всего в холоде,Total in cold,Łącznie w zimnie,
dict,Усього часу,Усього часу,Всего времени,Total time,Łączny czas,
dict,Усі,Усі,Все,All,Wszystkie,
dict,Усі ефекти,Усі ефекти,Все эффекты,All effects,Wszystkie efekty,
dict,Усі практики,Усі практики,Все практики,All practices,Wszystkie praktyki,
dict,утримай 120 с,утримай 120 с,продержись 120 с,hold 120 s,wytrzymaj 120 s,
dict,утримай 180 с,утримай 180 с,продержись 180 с,hold 180 s,wytrzymaj 180 s,
dict,утримай 240 с,утримай 240 с,продержись 240 с,hold 240 s,wytrzymaj 240 s,
dict,утримай 300 с,утримай 300 с,продержись 300 с,hold 300 s,wytrzymaj 300 s,
dict,утримай 60 с,утримай 60 с,продержись 60 с,hold 60 s,wytrzymaj 60 s,
dict,утримання,утримання,удержание,hold,wytrzymanie,
dict,Утримання 1 хв,Утримання 1 хв,Удержание 1 мин,1 min hold,Wytrzymanie 1 min,
dict,Утримання 2 хв,Утримання 2 хв,Удержание 2 мин,2 min hold,Wytrzymanie 2 min,
dict,Утримання 3 хв,Утримання 3 хв,Удержание 3 мин,3 min hold,Wytrzymanie 3 min,
dict,Утримання від звичок,Утримання від звичок,Воздержание от привычек,Habit abstinence,Powstrzymywanie się od nawyków,
dict,Утримання від шкідливих звичок,Утримання від шкідливих звичок,Воздержание от вредных привычек,Staying free of bad habits,Powstrzymywanie się od złych nawyków,
dict,"Утримання на час. Обери вправу — таймер рахує, скільки протримаєшся.","Утримання на час. Обери вправу — таймер рахує, скільки протримаєшся.","Удержание на время. Выбери упражнение — таймер считает, сколько продержишься.",Timed hold. Pick an exercise — the timer counts how long you hold.,"Wytrzymanie na czas. Wybierz ćwiczenie — timer liczy, jak długo wytrzymasz.",
dict,Учасник,Учасник,Участник,Member,Członek,
dict,Учасники,Учасники,Участники,Members,Członkowie,
dict,Факт дня,Факт дня,Факт дня,Fact of the day,Fakt dnia,ru=uk?
dict,Фокус,Фокус,Фокус,Focus,Skupienie,ru=uk?
dict,"Фокус, знання й ментальні практики. Ясність, спокій і глибина уваги.","Фокус, знання й ментальні практики. Ясність, спокій і глибина уваги.","Фокус, знания и ментальные практики. Ясность, спокойствие и глубина внимания.","Focus, knowledge and mental practices. Clarity, calm and depth of attention.","Skupienie, wiedza i praktyki mentalne. Jasność, spokój i głębia uwagi.",
dict,Фото додано,Фото додано,Фото добавлено,Photo added,Zdjęcie dodane,
dict,хв,хв,мин,min,min,pl=en?
dict,хв практики,хв практики,мин практики,min of practice,min praktyki,
dict,"Хват, розвантаження хребта","Хват, розвантаження хребта","Хват, разгрузка позвоночника","Grip, spine decompression","Chwyt, odciążenie kręgosłupa",
dict,Хвилин,Хвилин,Минут,Minutes,Minut,
dict,Хвилин практики: ,Хвилин практики: ,Минут практики: ,Practice minutes: ,Minut praktyki: ,
dict,Хвилин?,Хвилин?,Минут?,Minutes?,Minut?,
dict,Хвилини,Хвилини,Минуты,Minutes,Minuty,
dict,хвилини за день,хвилини за день,минуты за день,minutes per day,minuty na dzień,
dict,Хвилини за практиками,Хвилини за практиками,Минуты по практикам,Minutes by practice,Minuty wg praktyk,
dict,хвилини за тиждень,хвилини за тиждень,минуты за неделю,minutes per week,minuty na tydzień,
dict,Хвилини практики,Хвилини практики,Минуты практики,Practice minutes,Minuty praktyki,
dict,"Хвилі 12–30 Гц — активне мислення, концентрація, пильність.","Хвилі 12–30 Гц — активне мислення, концентрація, пильність.","Волны 12–30 Гц — активное мышление, концентрация, бдительность.","Waves of 12–30 Hz — active thinking, concentration, alertness.","Fale 12–30 Hz — aktywne myślenie, koncentracja, czujność.",
dict,"Хвилі 4–8 Гц — стан глибокої релаксації, дрімоти, медитації та фази сну зі сновидіннями.","Хвилі 4–8 Гц — стан глибокої релаксації, дрімоти, медитації та фази сну зі сновидіннями.","Волны 4–8 Гц — состояние глубокой релаксации, дремоты, медитации и фазы сна со сновидениями.","Waves of 4–8 Hz — a state of deep relaxation, drowsiness, meditation and the dream phase of sleep.","Fale 4–8 Hz — stan głębokiego relaksu, drzemki, medytacji i fazy snu z marzeniami sennymi.",
dict,"Хвилі 8–12 Гц — спокійне, але уважне неспання.","Хвилі 8–12 Гц — спокійне, але уважне неспання.","Волны 8–12 Гц — спокойное, но внимательное бодрствование.",Waves of 8–12 Hz — calm but attentive wakefulness.,"Fale 8–12 Hz — spokojna, lecz uważna jawa.",
dict,Хоббі / про себе,Хоббі / про себе,Хобби / о себе,Hobbies / about you,Hobby / o sobie,
dict,Холод,Холод,Холод,Cold,Zimno,ru=uk?
dict,Холод різко підвищує норадреналін і дофамін — звідси бадьорість і ясність.,Холод різко підвищує норадреналін і дофамін — звідси бадьорість і ясність.,Холод резко повышает норадреналин и дофамин — отсюда бодрость и ясность.,Cold sharply raises noradrenaline and dopamine — hence the alertness and clarity.,Zimno gwałtownie podnosi noradrenalinę i dopaminę — stąd energia i jasność umysłu.,
dict,Холод і бура жирова тканина,Холод і бура жирова тканина,Холод и бурая жировая ткань,Cold and brown fat,Zimno i brunatna tkanka tłuszczowa,
dict,Холод її активує,Холод її активує,Холод её активирует,Cold activates it,Zimno ją aktywuje,
dict,"Холод — це керований стрес: тіло кричить «вийди», а ти лишаєшся спокійним і дихаєш рівно. Ця навичка самовладання переноситься й на інші ситуації.","Холод — це керований стрес: тіло кричить «вийди», а ти лишаєшся спокійним і дихаєш рівно. Ця навичка самовладання переноситься й на інші ситуації.","Холод — это управляемый стресс: тело кричит «выйди», а ты остаёшься спокойным и дышишь ровно. Этот навык самообладания переносится и на другие ситуации.","Cold is controlled stress: the body screams «get out», and you stay calm and breathe evenly. That self-control carries over to other situations.","Zimno to kontrolowany stres: ciało krzyczy „wyjdź”, a ty pozostajesz spokojny i oddychasz równo. Ta umiejętność panowania nad sobą przenosi się na inne sytuacje.",
dict,Холод — це тренування стресостійкості,Холод — це тренування стресостійкості,Холод — это тренировка стрессоустойчивости,Cold is stress-resilience training,Zimno to trening odporności na stres,
dict,"Холод, дихання, фізичні утримання. Сила, витривалість і контроль над тілом.","Холод, дихання, фізичні утримання. Сила, витривалість і контроль над тілом.","Холод, дыхание, физические удержания. Сила, выносливость и контроль над телом.","Cold, breathing, physical holds. Strength, endurance and control over the body.","Zimno, oddech, fizyczne wytrzymania. Siła, wytrzymałość i kontrola nad ciałem.",
dict,"Холод: почни з 15–30 с прохолодного душу в кінці звичайного, дихай повільно й рівно. Дає бадьорість і дофамін надовго, гартує судини й імунітет. Поступово знижуй температуру. Виходь, якщо німіють кінцівки.","Холод: почни з 15–30 с прохолодного душу в кінці звичайного, дихай повільно й рівно. Дає бадьорість і дофамін надовго, гартує судини й імунітет. Поступово знижуй температуру. Виходь, якщо німіють кінцівки.","Холод: начни с 15–30 с прохладного душа в конце обычного, дыши медленно и ровно. Даёт бодрость и дофамин надолго, закаляет сосуды и иммунитет. Постепенно снижай температуру. Выходи, если немеют конечности.","Cold: start with 15–30 s of cool water at the end of your usual shower, breathe slowly and evenly. Gives lasting alertness and dopamine, conditions vessels and immunity. Lower the temperature gradually. Get out if your limbs go numb.","Zimno: zacznij od 15–30 s chłodnej wody na końcu zwykłego prysznica, oddychaj powoli i równo. Daje energię i dopaminę na długo, hartuje naczynia i odporność. Stopniowo obniżaj temperaturę. Wyjdź, jeśli drętwieją kończyny.",
dict,Холодний душ,Холодний душ,Холодный душ,Cold shower,Zimny prysznic,
dict,"Холодний душ або занурення: заходь поступово, дихай повільно й рівно, тримай скільки комфортно.","Холодний душ або занурення: заходь поступово, дихай повільно й рівно, тримай скільки комфортно.","Холодный душ или погружение: заходи постепенно, дыши медленно и ровно, держи сколько комфортно.","Cold shower or plunge: enter gradually, breathe slow and steady, stay as long as comfortable.","Zimny prysznic lub zanurzenie: wchodź stopniowo, oddychaj wolno i równo, wytrzymaj ile wygodnie.",
dict,Холодний душ і крижані ванни. (Холод на 15% живить Спокій.),Холодний душ і крижані ванни. (Холод на 15% живить Спокій.),Холодный душ и ледяные ванны. (Холод на 15% питает Спокойствие.),Cold showers and ice baths. (Cold feeds 15% into Calm.),Zimny prysznic i lodowe kąpiele. (Zimno zasila Spokój w 15%.),
dict,Хронологія подій учасників,Хронологія подій учасників,Хронология событий участников,Timeline of members' activity,Oś czasu aktywności uczestników,
dict,Це демо режим,Це демо режим,Это демо-режим,This is demo mode,To tryb demo,
dict,"Це демо-помічник Resonance. Судячи з твоїх даних, серія тримається впевнено — сьогодні варто закріпити результат короткою дихальною практикою для фокусу.","Це демо-помічник Resonance. Судячи з твоїх даних, серія тримається впевнено — сьогодні варто закріпити результат короткою дихальною практикою для фокусу.","Это демо-помощник Resonance. Судя по твоим данным, серия держится уверенно — сегодня стоит закрепить результат короткой дыхательной практикой для фокуса.","This is the Resonance demo assistant. Judging by your data, your streak is holding strong — today it’s worth reinforcing it with a short breathing practice for focus.","To demonstracyjny asystent Resonance. Sądząc po twoich danych, seria trzyma się mocno — dziś warto ją utrwalić krótką praktyką oddechową dla skupienia.",term:помічник/наставник?
dict,"Це пояснює, чому з практикою затримки стають довшими: змінюється не обʼєм легень, а реакція нервової системи на дискомфорт.","Це пояснює, чому з практикою затримки стають довшими: змінюється не обʼєм легень, а реакція нервової системи на дискомфорт.","Это объясняет, почему с практикой задержки становятся длиннее: меняется не объём лёгких, а реакция нервной системы на дискомфорт.","That's why holds get longer with practice: it's not lung volume that changes, but the nervous system's response to discomfort.","To wyjaśnia, dlaczego z praktyką wstrzymania stają się dłuższe: zmienia się nie objętość płuc, lecz reakcja układu nerwowego na dyskomfort.",
dict,Це природний механізм — ми робимо так уві сні та після плачу. Свідомо 1–3 цикли часто достатньо.,Це природний механізм — ми робимо так уві сні та після плачу. Свідомо 1–3 цикли часто достатньо.,Это естественный механизм — мы так делаем во сне и после плача. Сознательно 1–3 цикла часто достаточно.,"It's a natural mechanism — we do it in sleep and after crying. Consciously, 1–3 cycles is often enough.",To naturalny mechanizm — robimy tak we śnie i po płaczu. Świadomie 1–3 cykle często wystarczają.,
dict,Цей учасник не ділиться своїм прогресом.,Цей учасник не ділиться своїм прогресом.,Этот участник не делится своим прогрессом.,This member doesn't share their progress.,Ten uczestnik nie udostępnia swojego postępu.,
dict,Циклів,Циклів,Циклов,Cycles,Cykli,
dict,Цікаве та корисне,Цікаве та корисне,Интересное и полезное,Interesting & useful,Ciekawe i przydatne,
dict,Цікаві факти,Цікаві факти,Интересные факты,Interesting facts,Ciekawostki,
dict,Ціль,Ціль,Цель,Goal,Cel,
dict,Ціль створено,Ціль створено,Цель создана,Goal created,Cel utworzony,
dict,Ціль:,Ціль:,Цель:,Goal:,Cel:,
dict,Цілі,Цілі,Цели,Goals,Cele,
dict,Цілі ›,Цілі ›,Цели ›,Goals ›,Cele ›,
dict,Ціна в балах,Ціна в балах,Цена в баллах,Price in points,Cena w punktach,
dict,"Цінності продукту: чесність, зокрема щодо науки (без псевдообіцянок); сталість важливіша за інтенсивність; мінімум «води»; вимірюваний прогрес. Тон — спокійний і дорослий.","Цінності продукту: чесність, зокрема щодо науки (без псевдообіцянок); сталість важливіша за інтенсивність; мінімум «води»; вимірюваний прогрес. Тон — спокійний і дорослий.","Ценности продукта: честность, в том числе о науке (без псевдообещаний); постоянство важнее интенсивности; минимум «воды»; измеримый прогресс. Тон — спокойный и взрослый.","Product values: honesty, including about science (no pseudo-promises); consistency over intensity; minimal fluff; measurable progress. The tone is calm and grown-up.","Wartości produktu: uczciwość, także wobec nauki (bez pseudoobietnic); systematyczność ponad intensywność; minimum „lania wody”; mierzalny postęp. Ton — spokojny i dojrzały.",
dict,Чарлз Дахіґґ,Чарлз Дахіґґ,Чарлз Дахигг,Charles Duhigg,Charles Duhigg,pl=en?
dict,Час,Час,Время,Time,Czas,
dict,Час збережено,Час збережено,Время сохранено,Time saved,Godzina zapisana,
dict,Час нагадування,Час нагадування,Время напоминания,Reminder time,Godzina przypomnienia,
dict,Час у затримці,Час у затримці,Время в задержке,Time in hold,Czas we wstrzymaniu,
dict,Час читання,Час читання,Время чтения,Reading time,Czas czytania,
dict,Частоти,Частоти,Частоты,Frequencies,Częstotliwości,
dict,"Частоти, дихання Віма Хофа та холод — у синхроні між пристроями.","Частоти, дихання Віма Хофа та холод — у синхроні між пристроями.","Частоты, дыхание Вима Хофа и холод — в синхроне между устройствами.","Frequencies, Wim Hof breathing and cold — in sync across devices.","Częstotliwości, oddech Wima Hofa i zimno — w synchronizacji między urządzeniami.",
dict,Частоту не знайдено.,Частоту не знайдено.,Частота не найдена.,Frequency not found.,Nie znaleziono częstotliwości.,
dict,Челендж створено,Челендж створено,Челлендж создан,Challenge created,Wyzwanie utworzone,
dict,Челенджі,Челенджі,Челленджи,Challenges,Wyzwania,
dict,Червень,Червень,Июнь,June,Czerwiec,
dict,Чергування гарячого й холодного дає бадьорість і відчуття відновлення.,Чергування гарячого й холодного дає бадьорість і відчуття відновлення.,Чередование горячего и холодного даёт бодрость и ощущение восстановления.,Alternating hot and cold brings alertness and a sense of recovery.,Naprzemienne ciepło i zimno daje energię i poczucie regeneracji.,
dict,"Чергуй гарячу й холодну воду (≈30 с холодної на цикл, 3–5 циклів), завершуй холодною. Тренує судини (звуження/розширення), піднімає тонус і кровообіг.","Чергуй гарячу й холодну воду (≈30 с холодної на цикл, 3–5 циклів), завершуй холодною. Тренує судини (звуження/розширення), піднімає тонус і кровообіг.","Чередуй горячую и холодную воду (≈30 с холодной на цикл, 3–5 циклов), заканчивай холодной. Тренирует сосуды (сужение/расширение), поднимает тонус и кровообращение.","Alternate hot and cold water (≈30 s cold per cycle, 3–5 cycles), finish cold. Trains the vessels (constriction/dilation), raises tone and circulation.","Naprzemiennie gorąca i zimna woda (≈30 s zimnej na cykl, 3–5 cykli), kończ zimną. Trenuje naczynia (zwężanie/rozszerzanie), podnosi napięcie i krążenie.",
dict,Чергуй тепло й холод,Чергуй тепло й холод,Чередуй тепло и холод,Alternate heat and cold,Naprzemiennie ciepło i zimno,
dict,Чесно про бінаурали та «зцілюючі частоти»,Чесно про бінаурали та «зцілюючі частоти»,Честно о бинауралах и «исцеляющих частотах»,Honestly about binaural beats and «healing frequencies»,Szczerze o dźwiękach binauralnych i „częstotliwościach uzdrawiających”,
dict,Число,Число,Число,Number,Liczba,ru=uk?
dict,Чистих днів,Чистих днів,Чистых дней,Clean days,Czyste dni,
dict,Читай і відмічай хвилини — вони рахуються в розвиток.,Читай і відмічай хвилини — вони рахуються в розвиток.,Читай и отмечай минуты — они засчитываются в развитие.,Read and log the minutes — they count toward your growth.,Czytaj i zapisuj minuty — liczą się do rozwoju.,
dict,"Читання задіює увагу, мову й уяву одночасно. Регулярна практика підтримує когнітивні навички й глибину мислення, на відміну від поверхневого гортання стрічки.","Читання задіює увагу, мову й уяву одночасно. Регулярна практика підтримує когнітивні навички й глибину мислення, на відміну від поверхневого гортання стрічки.","Чтение задействует внимание, язык и воображение одновременно. Регулярная практика поддерживает когнитивные навыки и глубину мышления, в отличие от поверхностного листания ленты.","Reading engages attention, language and imagination at once. Regular practice supports cognitive skills and depth of thought, unlike shallow feed-scrolling.","Czytanie angażuje jednocześnie uwagę, język i wyobraźnię. Regularna praktyka wspiera zdolności poznawcze i głębię myślenia, w przeciwieństwie do powierzchownego przewijania feedu.",
dict,Читання — це тренування мозку,Читання — це тренування мозку,Чтение — это тренировка мозга,Reading is a workout for the brain,Czytanie to trening mózgu,
dict,Читаю зараз,Читаю зараз,Читаю сейчас,Reading now,Czytam teraz,
dict,Читаю знову,Читаю знову,Читаю снова,Reading again,Czytam ponownie,
dict,Чоло,Чоло,Лоб,Forehead,Czoło,
dict,Чоло приємно прохолодне.,Чоло приємно прохолодне.,Лоб приятно прохладный.,Your forehead is pleasantly cool.,Czoło jest przyjemnie chłodne.,
dict,Чоловіча,Чоловіча,Мужской,Male,Mężczyzna,
dict,Чому після холодного душу гарний настрій,Чому після холодного душу гарний настрій,Почему после холодного душа хорошее настроение,Why a cold shower lifts your mood,Dlaczego po zimnym prysznicu jest dobry nastrój,
dict,Чому саме така оцінка?,Чому саме така оцінка?,Почему именно такая оценка?,Why this rating?,Dlaczego taka ocena?,
dict,Чт,Чт,Чт,Th,Czw,
dict,Чудова сталість! Так тримати.,Чудова сталість! Так тримати.,Отличное постоянство! Так держать.,Great consistency! Keep it up.,Świetna systematyczność! Tak trzymaj.,
dict,Швидко повернутись у момент,Швидко повернутись у момент,Быстро вернуться в момент,Quickly return to the moment,Szybko wrócić do chwili,
dict,Швидко повернутися в теперішній момент через органи чуття.,Швидко повернутися в теперішній момент через органи чуття.,Быстро вернуться в настоящий момент через органы чувств.,Quickly return to the present moment through the senses.,Szybko wrócić do chwili obecnej poprzez zmysły.,
dict,шию та плечі,шию та плечі,шею и плечи,your neck and shoulders,kark i ramiona,
dict,Шия,Шия,Шея,Neck,Kark,
dict,Шлях сили,Шлях сили,Путь силы,Path of Strength,Ścieżka siły,
dict,Шукач рівноваги,Шукач рівноваги,Искатель равновесия,Balance Seeker,Poszukiwacz równowagi,
dict,"ШІ-помічник щодня підказує, на чому зробити акцент. З акаунтом йому можна ставити будь-які питання про твій розвиток.","ШІ-помічник щодня підказує, на чому зробити акцент. З акаунтом йому можна ставити будь-які питання про твій розвиток.","ИИ-помощник ежедневно подсказывает, на чём сделать акцент. С аккаунтом ему можно задавать любые вопросы о твоём развитии.",The AI assistant suggests what to focus on each day. With an account you can ask it anything about your growth.,"Asystent AI codziennie podpowiada, na czym się skupić. Z kontem możesz zadawać mu dowolne pytania o swój rozwój.",term:помічник/наставник?
dict,Ще немає активності учасників.,Ще немає активності учасників.,Пока нет активности участников.,No member activity yet.,Na razie brak aktywności członków.,
dict,Ще немає даних,Ще немає даних,Пока нет данных,No data yet,Brak danych,
dict,Ще немає звичок. Додай першу нижче.,Ще немає звичок. Додай першу нижче.,Пока нет привычек. Добавь первую ниже.,No habits yet. Add your first below.,Brak nawyków. Dodaj pierwszy poniżej.,
dict,Ще немає оцінок за сьогодні.,Ще немає оцінок за сьогодні.,Пока нет оценок за сегодня.,No ratings for today yet.,Brak ocen na dziś.,
dict,Ще немає оцінок. Внеси дані за сьогодні.,Ще немає оцінок. Внеси дані за сьогодні.,Пока нет оценок. Внеси данные за сегодня.,No ratings yet. Add today's data.,Brak ocen. Wpisz dane na dziś.,
dict,Ще немає цілей. Додай першу нижче.,Ще немає цілей. Додай першу нижче.,Целей пока нет. Добавь первую ниже.,No goals yet. Add your first below.,Nie ma jeszcze celów. Dodaj pierwszy poniżej.,
dict,Ще немає цілей. Створи першу — і бачитимеш прогрес тут і на головній.,Ще немає цілей. Створи першу — і бачитимеш прогрес тут і на головній.,Пока нет целей. Создай первую — и будешь видеть прогресс здесь и на главной.,No goals yet. Create your first one — and you’ll see progress here and on the home screen.,Nie ma jeszcze celów. Utwórz pierwszy — a zobaczysz postęp tutaj i na ekranie głównym.,
dict,Ще раз,Ще раз,Ещё раз,Again,Jeszcze raz,
dict,Що таке бінаурал?,Що таке бінаурал?,Что такое бинаурал?,What is binaural?,Czym jest binaural?,
dict,Що таке резонанс,Що таке резонанс,Что такое резонанс,What is resonance,Czym jest rezonans,
dict,Що читаю і що прочитано,Що читаю і що прочитано,Что читаю и что прочитано,What I'm reading and have read,Co czytam i co przeczytane,
dict,Що читаєш і що прочитав. Час читання йде в навичку Знання.,Що читаєш і що прочитав. Час читання йде в навичку Знання.,Что читаешь и что прочитал. Время чтения идёт в навык Знание.,What you're reading and have read. Reading time goes to the Knowledge skill.,Co czytasz i co przeczytałeś. Czas czytania zasila umiejętność Wiedza.,pl-gender
dict,"Щоб заснути, тіло знижує внутрішню температуру; прохолода цьому допомагає.","Щоб заснути, тіло знижує внутрішню температуру; прохолода цьому допомагає.","Чтобы заснуть, тело снижает внутреннюю температуру; прохлада этому помогает.",To fall asleep the body lowers its core temperature; a cool room helps that.,"Aby zasnąć, ciało obniża temperaturę wewnętrzną; chłód temu sprzyja.",
dict,Щоденна бадьорість і гартування,Щоденна бадьорість і гартування,Ежедневная бодрость и закалка,Daily alertness and conditioning,Codzienna energia i hartowanie,
dict,щодня,щодня,ежедневно,daily,codziennie,
dict,"Я підкажу по практиках, частотах, холоду й твоєму прогресу. Спитай, наприклад: «з чого почати?», «яка практика для сну?» або «мій прогрес».","Я підкажу по практиках, частотах, холоду й твоєму прогресу. Спитай, наприклад: «з чого почати?», «яка практика для сну?» або «мій прогрес».","Я подскажу по практикам, частотам, холоду и твоему прогрессу. Спроси, например: «с чего начать?», «какая практика для сна?» или «мой прогресс».","I can help with practices, frequencies, cold and your progress. Ask, for example: «where do I start?», «which practice for sleep?» or «my progress».","Podpowiem w sprawie praktyk, częstotliwości, zimna i twojego postępu. Zapytaj np.: „od czego zacząć?”, „jaka praktyka na sen?” albo „mój postęp”.",
dict,Я цілком спокійний і розслаблений.,Я цілком спокійний і розслаблений.,Я совершенно спокоен и расслаблен.,I am completely calm and relaxed.,Jestem całkowicie spokojny i rozluźniony.,
dict,Як зараховується (вектор по гілках),Як зараховується (вектор по гілках),Как засчитывается (вектор по ветвям),How it's counted (vector across branches),Jak jest liczone (wektor po gałęziach),
dict,Як зараховується досвід,Як зараховується досвід,Как засчитывается опыт,How XP is counted,Jak liczone jest doświadczenie,
dict,Як рахується рівень,Як рахується рівень,Как считается уровень,How the level is calculated,Jak liczony jest poziom,
dict,Яка вправа,Яка вправа,Какое упражнение,Which exercise,Które ćwiczenie,
dict,"Якщо весь час підживлювати його легкими стимулами (стрічки, цукор, сповіщення), базовий драйв до складніших цілей знижується. Сталі зусилля й відпочинок від стимулів повертають чутливість.","Якщо весь час підживлювати його легкими стимулами (стрічки, цукор, сповіщення), базовий драйв до складніших цілей знижується. Сталі зусилля й відпочинок від стимулів повертають чутливість.","Если всё время подпитывать его лёгкими стимулами (ленты, сахар, уведомления), базовый драйв к более сложным целям снижается. Постоянные усилия и отдых от стимулов возвращают чувствительность.","If you keep feeding it easy stimuli (feeds, sugar, notifications), your baseline drive for harder goals drops. Steady effort and a break from stimuli restore sensitivity.","Jeśli wciąż podsycasz ją łatwymi bodźcami (scrollowanie, cukier, powiadomienia), bazowy napęd do trudniejszych celów spada. Systematyczny wysiłek i przerwa od bodźców przywracają wrażliwość.",
dict,"Якщо о цей час ти сьогодні ще не практикував — нагадаємо push-сповіщенням (або листом), щоб не втратити серію.","Якщо о цей час ти сьогодні ще не практикував — нагадаємо push-сповіщенням (або листом), щоб не втратити серію.","Если к этому времени ты сегодня ещё не практиковал — напомним push-уведомлением (или письмом), чтобы не потерять серию.","If you haven't practiced by this time today, we'll remind you with a push notification (or email) so you don't lose your streak.","Jeśli do tej godziny nie ćwiczyłeś dziś — przypomnimy powiadomieniem push (lub e-mailem), żebyś nie stracił serii.",pl-gender
dict,Якщо о цей час ти сьогодні ще не практикував — надішлемо лист-нагадування.,Якщо о цей час ти сьогодні ще не практикував — надішлемо лист-нагадування.,Если к этому времени ты сегодня ещё не практиковался — пришлём письмо-напоминание.,"If you haven't practiced yet today by this time, we'll send a reminder email.",Jeśli o tej porze nie ćwiczyłeś jeszcze dziś — wyślemy e-mail z przypomnieniem.,pl-gender
dict,Яскраве світло у перші години після пробудження налаштовує внутрішній годинник.,Яскраве світло у перші години після пробудження налаштовує внутрішній годинник.,Яркий свет в первые часы после пробуждения настраивает внутренние часы.,Bright light in the first hours after waking sets your internal clock.,Jasne światło w pierwszych godzinach po przebudzeniu ustawia zegar wewnętrzny.,
dict,Ясний,Ясний,Ясный,Clear,Jasny,
dict,"Є дані, що регулярні ізометричні утримання можуть допомагати знижувати тиск у спокої. Головне — дихати рівно й не затримувати дихання під час напруги.","Є дані, що регулярні ізометричні утримання можуть допомагати знижувати тиск у спокої. Головне — дихати рівно й не затримувати дихання під час напруги.","Есть данные, что регулярные изометрические удержания могут помогать снижать давление в покое. Главное — дышать ровно и не задерживать дыхание во время напряжения.",There's evidence that regular isometric holds may help lower resting blood pressure. The key is to breathe evenly and not hold your breath under tension.,"Istnieją dane, że regularne wytrzymania izometryczne mogą pomagać obniżać ciśnienie spoczynkowe. Najważniejsze — oddychać równo i nie wstrzymywać oddechu podczas napięcia.",
dict,"Є контрольовані дослідження, але вибірки малі, а ефекти короткочасні.","Є контрольовані дослідження, але вибірки малі, а ефекти короткочасні.","Есть контролируемые исследования, но выборки малы, а эффекты кратковременны.","There are controlled studies, but samples are small and effects short-lived.","Istnieją badania kontrolowane, ale próby są małe, a efekty krótkotrwałe.",
dict,Є попередня база. Ефект мʼякший за тета/дельта.,Є попередня база. Ефект мʼякший за тета/дельта.,"Есть предварительная база. Эффект мягче, чем у тета/дельта.",There's a preliminary basis. The effect is gentler than theta/delta.,Jest wstępna baza. Efekt łagodniejszy niż theta/delta.,
dict,"Ізометричні утримання (планка, стілець біля стіни, вис) розвивають силу й стабільність без руху в суглобі. Вони ще й добре зміцнюють сухожилля.","Ізометричні утримання (планка, стілець біля стіни, вис) розвивають силу й стабільність без руху в суглобі. Вони ще й добре зміцнюють сухожилля.","Изометрические удержания (планка, стул у стены, вис) развивают силу и стабильность без движения в суставе. Они также хорошо укрепляют сухожилия.","Isometric holds (plank, wall sit, hang) build strength and stability without joint movement. They also strengthen tendons well.","Wytrzymania izometryczne (deska, krzesełko przy ścianie, zwis) rozwijają siłę i stabilność bez ruchu w stawie. Dobrze też wzmacniają ścięgna.",
dict,Ізометрія: сила без руху,Ізометрія: сила без руху,Изометрия: сила без движения,Isometrics: strength without movement,Izometria: siła bez ruchu,
dict,Ім'я асистента,Ім'я асистента,Имя ассистента,Assistant name,Imię asystenta,
dict,Імʼя,Імʼя,Имя,Name,Imię,
dict,Імʼя Прізвище,Імʼя Прізвище,Имя Фамилия,Name Surname,Imię Nazwisko,
dict,Ім’я людини…,Ім’я людини…,Имя человека…,Person's name…,Imię osoby…,
dict,Інше,Інше,Другое,Other,Inne,
dict,— будь-яка вправа —,— будь-яка вправа —,— любое упражнение —,— any exercise —,— dowolne ćwiczenie —,
dict,‹ Головна,‹ Головна,‹ Главная,‹ Home,‹ Główna,
dict,‹ Назад,‹ Назад,‹ Назад,‹ Back,‹ Wstecz,ru=uk?
dict,‹ Розвиток,‹ Розвиток,‹ Развитие,‹ Growth,‹ Rozwój,
dict,‹ Спільнота,‹ Спільнота,‹ Сообщество,‹ Community,‹ Społeczność,
dict,‹ Спільноти,‹ Спільноти,‹ Сообщества,‹ Communities,‹ Społeczności,
dict,← Антистрес,← Антистрес,← Антистресс,← Anti-stress,← Antystres,
dict,← Вправи,← Вправи,← Упражнения,← Exercises,← Ćwiczenia,
dict,← Календар,← Календар,← Календарь,← Calendar,← Kalendarz,
dict,← Практики,← Практики,← Практики,← Practices,← Praktyki,ru=uk?
dict,← Розвиток,← Розвиток,← Развитие,← Growth,← Rozwój,
dict,← Холод,← Холод,← Холод,← Cold,← Zimno,ru=uk?
dict,← Частоти,← Частоти,← Частоты,← Frequencies,← Częstotliwości,
dict,− відняти,− відняти,− отнять,− subtract,− odejmij,
dict,≥ 120 с,≥ 120 с,≥ 120 с,≥ 120 s,≥ 120 s,
dict,≥ 180 с,≥ 180 с,≥ 180 с,≥ 180 s,≥ 180 s,
dict,≥ 60 с,≥ 60 с,≥ 60 с,≥ 60 s,≥ 60 s,
dict,♪ Увімкнути музику в YouTube Music,♪ Увімкнути музику в YouTube Music,♪ Включить музыку в YouTube Music,♪ Play music on YouTube Music,♪ Włącz muzykę w YouTube Music,
dict,✓ Відмітити прослуховування,✓ Відмітити прослуховування,✓ Отметить прослушивание,✓ Log a listen,✓ Zapisz odsłuch,
dict,✓ прочитано,✓ прочитано,✓ прочитано,✓ read,✓ przeczytane,ru=uk?
dict,⤓ Експорт у PDF,⤓ Експорт у PDF,⤓ Экспорт в PDF,⤓ Export to PDF,⤓ Eksport do PDF,
dict,＋ Додати звичку,＋ Додати звичку,＋ Добавить привычку,＋ Add habit,＋ Dodaj nawyk,
dict,＋ Нова розмова,＋ Нова розмова,＋ Новый разговор,＋ New chat,＋ Nowa rozmowa,
dict,＋ Оцінити день,＋ Оцінити день,＋ Оценить день,＋ Rate the day,＋ Oceń dzień,
dict,＋ час,＋ час,＋ время,＋ time,＋ czas,
dict,🎉 Ціль досягнута,🎉 Ціль досягнута,🎉 Цель достигнута,🎉 Goal reached,🎉 Cel osiągnięty,
__rsT,rsT#1,прострочено,просрочено,overdue,po terminie,
__rsT,rsT#2,сьогодні дедлайн,сегодня дедлайн,due today,termin dziś,
__rsT,rsT#3,ще ,ещё ,"⟨expr⟩ diff+"" days left""",jeszcze ,
__rsT,rsT#4,Політика приватності,Политика конфиденциальности,Privacy Policy,Polityka prywatności,
__rsT,rsT#5,Налаштування,Настройки,Settings,Ustawienia,
__rsT,rsT#6,Готую…,Готовлю…,Preparing…,Przygotowuję…,
__rsT,rsT#7,Дані експортовано.,Данные экспортированы.,Data exported.,Dane wyeksportowane.,
__rsT,rsT#8,Не вдалося експортувати.,Не удалось экспортировать.,Export failed.,Eksport nie powiódł się.,
__rsT,rsT#9,Видалити акаунт і ВСІ дані назавжди? Цю дію не можна скасувати.,Удалить аккаунт и ВСЕ данные навсегда? Это действие необратимо.,Delete your account and ALL data permanently? This cannot be undone.,Usunąć konto i WSZYSTKIE dane na zawsze? Tej operacji nie można cofnąć.,
__rsT,rsT#10,Видалити назавжди,Удалить навсегда,Delete forever,Usuń na zawsze,
__rsT,rsT#11,Акаунт видалено.,Аккаунт удалён.,Account deleted.,Konto usunięte.,
__rsT,rsT#12,Не вдалося видалити. Спробуй ще раз.,Не удалось удалить. Попробуй ещё раз.,Deletion failed. Please try again.,Nie udało się usunąć. Spróbuj ponownie.,
__rsT,rsT#13,Не вдалося видалити. Спробуй ще раз.,Не удалось удалить. Попробуй ещё раз.,Deletion failed. Please try again.,Nie udało się usunąć. Spróbuj ponownie.,
__rsT,rsT#14,Дані та акаунт,Данные и аккаунт,Data & account,Dane i konto,
__rsT,rsT#15,Експортувати мої дані,Экспортировать мои данные,Export my data,Eksportuj moje dane,
__rsT,rsT#16,Видалити акаунт,Удалить аккаунт,Delete account,Usuń konto,
__rsT,rsT#17,Слухати в:,Слушать в:,Listen on:,Słuchaj w:,
__rsT,rsT#18,Слухати,Слушать,Listen,Słuchaj,
__rsT,rsT#19,Власна вправа,Своё упражнение,Your exercise,Własne ćwiczenie,
__rsT,rsT#20,"Твоя вправа. Признач час, який на неї витрачаєш.",Твоё упражнение. Отмечай затраченное время.,Your exercise. Log the time you spend on it.,Twoje ćwiczenie. Zapisuj poświęcony czas.,
__rsT,rsT#21,Кардіо,Кардио,Cardio,Cardio,pl=en?
__rsT,rsT#22,← Кардіо,← Кардио,← Cardio,← Cardio,pl=en?
__rsT,rsT#23,"Таймер рахує час тренування. Зупини, коли завершиш.","Таймер считает время тренировки. Останови, когда закончишь.",The timer counts your training time. Stop when you finish.,"Minutnik liczy czas treningu. Zatrzymaj, gdy skończysz.",
__rsT,rsT#24,Почати тренування,Начать тренировку,Start training,Rozpocznij trening,
__rsT,rsT#25,Вперед,Вперёд,Go,Naprzód,
__rsT,rsT#26,завершено,завершено,done,ukończono,ru=uk?
__rsT,rsT#27,тренування,тренировки,of training,treningu,
__rsT,rsT#28,До кардіо,К кардио,To cardio,Do cardio,
__rsT,rsT#29,Силові,Силовые,Strength,Siłowy,
__rsT,rsT#30,← Силові,← Силовые,← Strength,← Siłowy,
__rsT,rsT#31,"Таймер рахує час тренування. Зупини, коли завершиш.","Таймер считает время тренировки. Останови, когда закончишь.",The timer counts your training time. Stop when you finish.,"Minutnik liczy czas treningu. Zatrzymaj, gdy skończysz.",
__rsT,rsT#32,Почати підхід,Начать подход,Start a set,Rozpocznij serię,
__rsT,rsT#33,Працюй,Работай,Work,Pracuj,
__rsT,rsT#34,завершено,завершено,done,ukończono,ru=uk?
__rsT,rsT#35,тренування,тренировки,of training,treningu,
__rsT,rsT#36,До силових,К силовым,To strength,Do siłowych,
__rsT,rsT#37,Додати свою вправу,Добавить своё упражнение,Add your own exercise,Dodaj własne ćwiczenie,
__rsT,rsT#38,Власна вправа,Своё упражнение,Your exercise,Własne ćwiczenie,
__rsT,rsT#39,Тіло,Тело,Body,Ciało,
__rsT,rsT#40,Кардіо тренування,Кардио тренировки,Cardio training,Trening cardio,
__rsT,rsT#41,Обери вправу й познач час тренування.,Выбери упражнение и отметь время тренировки.,Pick an activity and log your training time.,Wybierz aktywność i zapisz czas treningu.,
__rsT,rsT#42,Тіло,Тело,Body,Ciało,
__rsT,rsT#43,Силові тренування,Силовые тренировки,Strength training,Trening siłowy,
__rsT,rsT#44,Обери вправу й познач час тренування.,Выбери упражнение и отметь время тренировки.,Pick an activity and log your training time.,Wybierz aktywność i zapisz czas treningu.,
__rsT,rsT#45,Назва вправи,Название упражнения,Exercise name,Nazwa ćwiczenia,
__rsT,rsT#46,Нова вправа,Новое упражнение,New exercise,Nowe ćwiczenie,
__rsT,rsT#47,Скасувати,Отмена,Cancel,Anuluj,
__rsT,rsT#48,Додати,Добавить,Add,Dodaj,
__rsT,rsT#49,Додано,Добавлено,Added,Dodano,
__rsT,rsT#50,Видалити «,Удалить «,Delete “,Usunąć „,
__rsT,rsT#51,Видалити,Удалить,Delete,Usuń,
__rsT,rsT#52,"Познач, скільки часу ти на це витратив.","Отметь, сколько времени на это ушло.",Log how much time you spent on it.,"Zapisz, ile czasu na to poświęciłeś.",pl-gender
__rsT,rsT#53,хв,мин,min,min,pl=en?
__rsT,rsT#54,Хвилини,Минуты,Minutes,Minuty,
__rsT,rsT#55,Зберегти час,Сохранить время,Save time,Zapisz czas,
__rsT,rsT#56,Час тренування,Время тренировки,Training time,Czas treningu,
__rsT,rsT#57,Вкажи хвилини,Укажи минуты,Enter minutes,Podaj minuty,
__rsT,rsT#58,Не вдалося зберегти,Не удалось сохранить,Could not save,Nie udało się zapisać,
__rsT,rsT#59,Днів поспіль,Дней подряд,Days in a row,Dni z rzędu,
__rsT,rsT#60,Успішних,Успешных,Successful,Udanych,
__rsT,rsT#61,Зривів,Срывов,Relapses,Nawrotów,
__rsT,rsT#62,Тримаєшся з ,Держишься с ,Holding since ,Trzymasz się od ,
__rsT,rsT#63,дн,дн,d,dni,
__rsT,rsT#64,до ,до ,to ,do ,
__rsT,rsT#65,Зрив ✓,Срыв ✓,Relapse ✓,Nawrót ✓,
__rsT,rsT#66,Зрив,Срыв,Relapse,Nawrót,
__rsT,rsT#67,"Увійди, щоб зберігати","Войди, чтобы сохранять",Sign in to save,"Zaloguj się, aby zapisać",
__rsT,rsT#68,"Увійди, щоб зберігати","Войди, чтобы сохранять",Sign in to save,"Zaloguj się, aby zapisać",
__rsT,rsT#69,Ліміт оступів — зараховано зрив,Лимит оступов — засчитан срыв,Slip limit — counted as relapse,Limit potknięć — liczy się jako nawrót,
__rsT,rsT#70,"Увійди, щоб зберігати","Войди, чтобы сохранять",Sign in to save,"Zaloguj się, aby zapisać",
__rsT,rsT#71,Оступ,Оступ,Slip,Potknięcie,ru=uk?
__rsT,rsT#72,Не збережено,Не сохранено,Not saved,Nie zapisano,
__rsT,rsT#73,Ліміт до зриву,Лимит до срыва,Limit before relapse,Limit do nawrotu,
__rsT,rsT#74,вимкнено,выключено,off,wył.,
__rsT,rsT#75,у серії ,в серии ,in streak ,w serii ,
__rsT,rsT#76,"Увійди, щоб зберігати","Войди, чтобы сохранять",Sign in to save,"Zaloguj się, aby zapisać",
__rsT,rsT#77,Останні 14 днів,Последние 14 дней,Last 14 days,Ostatnie 14 dni,
__rsT,rsT#78,"Познач дні, коли був зрив або оступ. Решта — успішні.",Отмечай дни срыва или оступа. Остальные — успешные.,Mark relapse or slip days. The rest count as successful.,Zaznacz dni nawrotu lub potknięcia. Reszta liczy się jako udana.,
__rsT,rsT#79,Зрив ✓,Срыв ✓,Relapse ✓,Nawrót ✓,
__rsT,rsT#80,Зрив,Срыв,Relapse,Nawrót,
__rsT,rsT#81,Оступ ✓,Оступ ✓,Slip ✓,Potkn. ✓,ru=uk?
__rsT,rsT#82,Оступ,Оступ,Slip,Potkn.,ru=uk?
__rsT,rsT#83,"Увійди, щоб зберігати","Войди, чтобы сохранять",Sign in to save,"Zaloguj się, aby zapisać",
__rsT,rsT#84,Оступ +1,Оступ +1,Slip +1,Potknięcie +1,ru=uk?
__rsT,rsT#85,Ліміт оступів — зараховано зрив,Лимит оступов — засчитан срыв,Slip limit — counted as relapse,Limit potknięć — liczy się jako nawrót,
__rsT,rsT#86,"Увійди, щоб зберігати","Войди, чтобы сохранять",Sign in to save,"Zaloguj się, aby zapisać",
__rsT,rsT#87,"Постав галочку, щоб прийняти Політику приватності.","Поставь галочку, чтобы принять Политику конфиденциальности.",Please tick the box to accept the Privacy Policy.,"Zaznacz pole, aby zaakceptować Politykę prywatności.",
__rsT,rsT#88,Політику приватності,Политику конфиденциальности,the Privacy Policy,Politykę prywatności,
__rsT,rsT#89,"Реєструючись, я приймаю ","Регистрируясь, я принимаю ","By signing up, I accept ","Rejestrując się, akceptuję ",
pattern,pat#1,^(\d+) сесій · (.+)$,$1 сессий · $2,$1 sessions · $2,$1 sesji · $2,
pattern,pat#2,^(\d+) сесій$,$1 сессий,$1 sessions,$1 sesji,
pattern,pat#3,^(\d+) хв$,$1 мин,$1 min,$1 min,
pattern,pat#4,^(\d+) днів$,$1 дней,$1 days,$1 dni,
pattern,pat#5,^(\d+) год читання$,$1 ч чтения,$1 h reading,$1 h czytania,
pattern,pat#6,^(\d+) год$,$1 ч,$1 h,$1 h,
pattern,pat#7,^(\d+) очок розвитку$,$1 очков развития,$1 growth points,$1 pkt rozwoju,
pattern,pat#8,^часу читання · (\d+) прочитано$,времени чтения · $1 прочитано,reading time · $1 finished,czasu czytania · $1 przeczytane,
pattern,pat#9,^Прочитані · (\d+)$,Прочитанные · $1,Finished · $1,Przeczytane · $1,
pattern,pat#10,^Тіло · (\d+)$,Тело · $1,Body · $1,Ciało · $1,
pattern,pat#11,^Ментальність · (\d+)$,Ментальность · $1,Mental · $1,Umysł · $1,
pattern,pat#12,^Дихання · (\d+) р\.$,Дыхание · $1 р.,Breathing · $1 rounds,Oddech · $1 rund,
pattern,pat#13,^Р(\d+)$,Р$1,R$1,R$1,
pattern,pat#14,^ще (\d+) балів$,ещё $1 баллов,$1 points to go,jeszcze $1 pkt,
pattern,pat#15,^ще (\d+) дн до наступного рівня$,ещё $1 дн до следующего уровня,$1 d to next level,jeszcze $1 dni do następnego poziomu,
pattern,pat#16,^Серія (\d+) дн · рекорд (\d+) дн · активних днів (\d+)\. Підсилює весь XP\.$,Серия $1 дн · рекорд $2 дн · активных дней $3. Усиливает весь XP.,Streak $1 d · record $2 d · active days $3. Boosts all XP.,Seria $1 dni · rekord $2 dni · aktywnych dni $3. Wzmacnia całe XP.,
pattern,pat#17,^Меню швидкого доступу · (\d+)/(\d+)$,Меню быстрого доступа · $1/$2,Quick-access menu · $1/$2,Menu szybkiego dostępu · $1/$2,
pattern,pat#18,^Максимум (\d+)$,Максимум $1,Max $1,Maksimum $1,
pattern,pat#19,^≈ (.+) практики$,≈ $1 практики,≈ $1 of practice,≈ $1 praktyki,
pattern,pat#20,^Живиться від: (.+)$,Питается от: $1,Fed by: $1,Zasilane przez: $1,
pattern,pat#21,"^Доказовість: «(.+)»\. Матеріал загальноосвітній, не медична порада\.$","Доказательность: «$1». Материал общеобразовательный, не медицинский совет.","Evidence: «$1». Educational material, not medical advice.","Dowody: «$1». Materiał ogólnoedukacyjny, nie porada medyczna.",
pattern,pat#22,^Рівень (\d+) · (.+)$,Уровень $1 · $2,Level $1 · $2,Poziom $1 · $2,
pattern,pat#23,^Клас: (.+)$,Класс: $1,Class: $1,Klasa: $1,
pattern,pat#24,^(.+) · ванна$,$1 · ванна,$1 · bath,$1 · kąpiel,
pattern,pat#25,^(.+) · душ$,$1 · душ,$1 · shower,$1 · prysznic,
pattern,pat#26,^версія (.+)$,версия $1,version $1,wersja $1,
pattern,pat#27,^рів (\d+)$,ур $1,L$1,poz $1,
pattern,pat#28,^р\.(\d+)$,ур.$1,L$1,poz.$1,
pattern,pat#29,^(.+) завершено$,$1 завершено,$1 complete,$1 zakończono,
pattern,pat#30,^днів до (\d+) рівня$,дней до $1 уровня,days to level $1,dni do poziomu $1,
pattern,pat#31,^(.+): (\d+) дн без зривів$,$1: $2 дн без срывов,$1: $2 days clean,$1: $2 dni bez wpadek,
pattern,pat#32,^(.+): (\d+) сесій$,$1: $2 сессий,$1: $2 sessions,$1: $2 sesji,
pattern,pat#33,^(.+): (\d+) хв практики$,$1: $2 мин практики,$1: $2 min of practice,$1: $2 min praktyki,
pattern,pat#34,^(\d+) дн практики поспіль$,$1 дн практики подряд,$1 days of practice in a row,$1 dni praktyki z rzędu,
pattern,pat#35,^Прочитати (\d+) книг$,Прочитать $1 книг,Read $1 books,Przeczytać $1 książek,
pattern,pat#36,^Досягти (\d+) рівня$,Достичь $1 уровня,Reach level $1,Osiągnąć poziom $1,
pattern,pat#37,^(\d+) / (\d+) (.+) · (\d+)%$,$1 / $2 $3 · $4%,$1 / $2 $3 · $4%,$1 / $2 $3 · $4%,
pattern,pat#38,^(\d+)/(\d+) (.+)$,$1/$2 $3,$1/$2 $3,$1/$2 $3,
pattern,pat#39,^Ще (\d+) ›$,Ещё $1 ›,$1 more ›,Jeszcze $1 ›,
pattern,pat#40,^ще (\d+) ›$,ещё $1 ›,$1 more ›,jeszcze $1 ›,
pattern,pat#41,^Перенеси увагу на (.+)$,Перенеси внимание на $1,Move your attention to $1,Przenieś uwagę na $1,
pattern,pat#42,^Твій клас: (.+)$,Твой класс: $1,Your class: $1,Twoja klasa: $1,
pattern,pat#43,^Крок (\d+)$,Шаг $1,Step $1,Krok $1,
pattern,pat#44,^Крок (\d+) / (\d+)$,Шаг $1 / $2,Step $1 / $2,Krok $1 / $2,
pattern,pat#45,^Крок (\d+)/(\d+)$,Шаг $1/$2,Krok? $1/$2,Krok $1/$2,
pattern,pat#46,^Видалити розмову «(.+)»\?$,Удалить чат «$1»?,Delete chat «$1»?,Usunąć czat «$1»?,
pattern,pat#47,^Видалити «(.+)»\?$,Удалить «$1»?,Delete «$1»?,Usunąć «$1»?,
pattern,pat#48,^Повільно повторюй подумки: «(.+)» Відчуй це у тілі\.$,Медленно повторяй про себя: «$1» Почувствуй это в теле.,Slowly repeat to yourself: «$1» Feel it in your body.,Powoli powtarzaj w myślach: «$1» Poczuj to w ciele.,
