source,key/id,uk,es,fr,de,note
dict,+ Додати винагороду,+ Додати винагороду,+ Añadir recompensa,+ Ajouter une récompense,+ Belohnung hinzufügen,
dict,+ Додати ціль,+ Додати ціль,+ Añadir objetivo,+ Ajouter un objectif,+ Ziel hinzufügen,
dict,+ Нова ціль,+ Нова ціль,+ Nuevo objetivo,+ Nouvel objectif,+ Neues Ziel,
dict,+ Створити челендж,+ Створити челендж,+ Crear un reto,+ Créer un défi,+ Challenge erstellen,
dict,1 очко досвіду = 1 хвилина практики,1 очко досвіду = 1 хвилина практики,1 punto de experiencia = 1 minuto de práctica,1 point d'expérience = 1 minute de pratique,1 Erfahrungspunkt = 1 Minute Praktik,
dict,1 практика холоду,1 практика холоду,1 práctica de frío,1 pratique du froid,1 Kälte-Praxis,
dict,1 сесія спокою,1 сесія спокою,1 sesión de calma,1 séance de sérénité,1 Ruhe-Sitzung,
dict,1 хв практики = 1 очко. Ось як воно ділиться між навичками.,1 хв практики = 1 очко. Ось як воно ділиться між навичками.,1 min de práctica = 1 punto. Así se reparte entre las habilidades.,1 min de pratique = 1 point. Voici comment il se répartit entre les compétences.,1 Min Praxis = 1 Punkt. So verteilt er sich auf die Fähigkeiten.,
dict,1 хв у холоді,1 хв у холоді,1 min en el frío,1 min dans le froid,1 Min in der Kälte,
dict,1 — Смак,1 — Смак,1 — Sabor,1 — Goût,1 — Geschmack,
dict,10 год сумарно,10 год сумарно,10 h en total,10 h au total,10 Std insgesamt,
dict,10 годин читання,10 годин читання,10 horas de lectura,10 heures de lecture,10 Stunden Lesen,
dict,10 книг,10 книг,10 libros,10 livres,10 Bücher,
dict,10–12 рівень,10–12 рівень,Niveles 10–12,Niveaux 10–12,Level 10–12,
dict,10–15 хвилин на день — достатньо для початку,10–15 хвилин на день — достатньо для початку,10–15 minutos al día bastan para empezar,10–15 minutes par jour suffisent pour commencer,10–15 Minuten am Tag reichen für den Anfang,
dict,10–20 хвилин для перезавантаження,10–20 хвилин для перезавантаження,10–20 minutos para reiniciar,10–20 minutes pour se réinitialiser,10–20 Minuten zum Zurücksetzen,
dict,13–15 рівень,13–15 рівень,Niveles 13–15,Niveaux 13–15,Level 13–15,
dict,15 хв,15 хв,15 min,15 min,15 Min.,
dict,1–3 рівень,1–3 рівень,Niveles 1–3,Niveaux 1–3,Level 1–3,
dict,2 — Запах,2 — Запах,2 — Olor,2 — Odeur,2 — Geruch,
dict,3 книги,3 книги,3 libros,3 livres,3 Bücher,
dict,3 хв поспіль,3 хв поспіль,3 min seguidos,3 min d'affilée,3 Min am Stück,
dict,3 — Відчуваю,3 — Відчуваю,3 — Siento,3 — Je ressens,3 — Ich fühle,
dict,30 днів,30 днів,30 días,30 jours,30 Tage,
dict,30 хв,30 хв,30 min,30 min,30 Min.,
dict,300 хв вправ,300 хв вправ,300 min de ejercicio,300 min d'exercice,300 Min Übung,
dict,4 — Чую,4 — Чую,4 — Oigo,4 — J'entends,4 — Ich höre,
dict,"40 Гц повʼязують із памʼяттю, концентрацією та ясністю мислення — це найкраще досліджений діапазон серед бінаурал-ритмів. Слухають для глибокої розумової роботи.","40 Гц повʼязують із памʼяттю, концентрацією та ясністю мислення — це найкраще досліджений діапазон серед бінаурал-ритмів. Слухають для глибокої розумової роботи.","Se vincula 40 Hz con la memoria, la concentración y la claridad mental — el rango mejor estudiado entre los ritmos binaurales. Se escucha para el trabajo mental profundo.","On associe 40 Hz à la mémoire, la concentration et la clarté mentale — la gamme la mieux étudiée parmi les rythmes binauraux. On l'écoute pour le travail mental profond.","40 Hz wird mit Gedächtnis, Konzentration und Denkklarheit verbunden — der am besten untersuchte Bereich unter den binauralen Beats. Man hört ihn für tiefe geistige Arbeit.",
dict,4–6 рівень,4–6 рівень,Niveles 4–6,Niveaux 4–6,Level 4–6,
dict,5 год сумарно,5 год сумарно,5 h en total,5 h au total,5 Std insgesamt,
dict,5 хв,5 хв,5 min,5 min,5 Min.,
dict,5 — Бачу,5 — Бачу,5 — Veo,5 — Je vois,5 — Ich sehe,
dict,"5–10 хвилин надворі вранці дають набагато більше люксів, ніж кімнатне освітлення, навіть у хмарну погоду.","5–10 хвилин надворі вранці дають набагато більше люксів, ніж кімнатне освітлення, навіть у хмарну погоду.","5–10 minutos al aire libre por la mañana dan muchos más lux que la luz interior, incluso en un día nublado.","5–10 minutes dehors le matin donnent bien plus de lux que l'éclairage intérieur, même par temps nuageux.","5–10 Minuten morgens draußen liefern weit mehr Lux als Raumlicht, selbst bei bewölktem Wetter.",
dict,5–10 хвилин надворі — вже багато,5–10 хвилин надворі — вже багато,5–10 minutos al aire libre ya es mucho,"5–10 minutes dehors, c'est déjà beaucoup",5–10 Minuten draußen sind schon viel,
dict,60 хвилин,60 хвилин,60 minutos,60 minutes,60 Minuten,
dict,600 хв,600 хв,600 min,600 min,600 Min,
dict,600 хв холоду,600 хв холоду,600 min de frío,600 min de froid,600 Min Kälte,
dict,7 днів,7 днів,7 días,7 jours,7 Tage,
dict,7 днів холоду,7 днів холоду,7 días de frío,7 jours de froid,7 Tage Kälte,
dict,7–9 рівень,7–9 рівень,Niveles 7–9,Niveaux 7–9,Level 7–9,
dict,8 годин (фон),8 годин (фон),8 horas (de fondo),8 heures (fond),8 Stunden (Hintergrund),
dict,90 днів,90 днів,90 días,90 jours,90 Tage,
dict,"HRV індивідуальна, тож порівнюй із собою, а не з іншими. Найбільше на неї впливають сон, дихання, рух і відновлення.","HRV індивідуальна, тож порівнюй із собою, а не з іншими. Найбільше на неї впливають сон, дихання, рух і відновлення.","La HRV es individual, así que compárate con tu propio historial, no con otros. La afectan sobre todo el sueño, la respiración, el movimiento y la recuperación.","La HRV est individuelle : compare-toi à toi-même, pas aux autres. Le sommeil, la respiration, le mouvement et la récupération l'influencent le plus.","HRV ist individuell, vergleiche dich also mit dir selbst, nicht mit anderen. Am stärksten beeinflussen sie Schlaf, Atmung, Bewegung und Erholung.",
dict,HRV — вікно у нервову систему,HRV — вікно у нервову систему,La HRV es una ventana al sistema nervioso,La HRV est une fenêtre sur le système nerveux,HRV ist ein Fenster ins Nervensystem,
dict,"HRV — це варіація інтервалів між ударами серця. Вища HRV зазвичай означає, що тіло легко перемикається між мобілізацією й відновленням.","HRV — це варіація інтервалів між ударами серця. Вища HRV зазвичай означає, що тіло легко перемикається між мобілізацією й відновленням.",La HRV es la variación de los intervalos entre latidos. Una HRV alta suele indicar que el cuerpo alterna con facilidad entre movilización y recuperación.,La HRV est la variation des intervalles entre battements. Une HRV élevée signifie en général que le corps bascule facilement entre mobilisation et récupération.,"HRV ist die Schwankung der Intervalle zwischen Herzschlägen. Höhere HRV bedeutet meist, dass der Körper leicht zwischen Mobilisierung und Erholung wechselt.",
dict,"NSDR (non-sleep deep rest) — це спокійне лежання з керуванням увагою й диханням. Воно знижує збудження й допомагає відновитися, навіть без справжнього сну.","NSDR (non-sleep deep rest) — це спокійне лежання з керуванням увагою й диханням. Воно знижує збудження й допомагає відновитися, навіть без справжнього сну.","NSDR (non-sleep deep rest) es estar tumbado con calma, guiando la atención y la respiración. Baja la activación y ayuda a recuperarte, incluso sin dormir de verdad.","NSDR (non-sleep deep rest), c'est rester allongé calmement en guidant l'attention et la respiration. Cela réduit l'excitation et aide à récupérer, même sans vrai sommeil.","NSDR (non-sleep deep rest) ist ruhiges Liegen mit gelenkter Aufmerksamkeit und Atmung. Es senkt die Erregung und hilft bei der Erholung, auch ohne echten Schlaf.",
dict,NSDR / йога-нідра для відновлення вдень,NSDR / йога-нідра для відновлення вдень,NSDR / yoga nidra para recuperar durante el día,NSDR / yoga nidra pour récupérer en journée,NSDR / Yoga Nidra zur Erholung am Tag,
dict,"Resonance перетворює реальні практики — дихання, холод, рух, медитацію, читання — на досвід і рівні. Прокачуєш не аватар, а себе. Сталість важливіша за інтенсивність.","Resonance перетворює реальні практики — дихання, холод, рух, медитацію, читання — на досвід і рівні. Прокачуєш не аватар, а себе. Сталість важливіша за інтенсивність.","Resonance convierte prácticas reales —respiración, frío, movimiento, meditación, lectura— en experiencia y niveles. Mejoras a ti, no a un avatar. La constancia importa más que la intensidad.","Resonance transforme des pratiques réelles — respiration, froid, mouvement, méditation, lecture — en expérience et niveaux. Tu progresses toi-même, pas un avatar. La régularité prime sur l'intensité.","Resonance verwandelt echte Praktiken — Atmung, Kälte, Bewegung, Meditation, Lesen — in Erfahrung und Level. Du entwickelst dich selbst, keinen Avatar. Beständigkeit zählt mehr als Intensität.",
dict,Resonance — звіт,Resonance — звіт,Resonance — informe,Resonance — rapport,Resonance — Bericht,
dict,"Resonance — це персональний компаньйон для тілесних і ментальних практик. Ідея проста: ти — свій персонаж, і прокачуєш не аватар, а себе.","Resonance — це персональний компаньйон для тілесних і ментальних практик. Ідея проста: ти — свій персонаж, і прокачуєш не аватар, а себе.","Resonance es un compañero personal para prácticas físicas y mentales. La idea es simple: tú eres tu personaje y no mejoras un avatar, sino a ti.","Resonance est un compagnon personnel pour les pratiques physiques et mentales. L'idée est simple : tu es ton personnage, et tu progresses toi-même, pas un avatar.","Resonance ist ein persönlicher Begleiter für körperliche und mentale Praktiken. Die Idee ist einfach: Du bist dein Charakter und entwickelst dich selbst, keinen Avatar.",
dict,"Russo et al., 2017 — Breathe (огляд)","Russo et al., 2017 — Breathe (огляд)","Russo et al., 2017 — Breathe (revisión)","Russo et al., 2017 — Breathe (revue)","Russo et al., 2017 — Breathe (Übersicht)",
dict,Solfeggio / 432 Гц — без доказів,Solfeggio / 432 Гц — без доказів,Solfeggio / 432 Hz — sin pruebas,Solfeggio / 432 Hz — sans preuves,Solfeggio / 432 Hz — ohne Belege,
dict,"Solfeggio-тон, повʼязаний із відновленням.","Solfeggio-тон, повʼязаний із відновленням.",Un tono Solfeggio asociado a la recuperación.,Un ton Solfeggio associé à la récupération.,"Ein Solfeggio-Ton, der mit Erholung assoziiert wird.",
dict,"Solfeggio-тони (174–963 Гц) — традиція, а не доведена наука: прямого фізіологічного ефекту немає. Але приємна музика й усвідомлене слухання реально розслабляють.","Solfeggio-тони (174–963 Гц) — традиція, а не доведена наука: прямого фізіологічного ефекту немає. Але приємна музика й усвідомлене слухання реально розслабляють.","Los tonos Solfeggio (174–963 Hz) son tradición, no ciencia probada: no hay efecto fisiológico directo. Pero la música agradable y la escucha consciente sí relajan.","Les tons Solfeggio (174–963 Hz) sont une tradition, pas une science prouvée : aucun effet physiologique direct. Mais une musique agréable et une écoute consciente détendent vraiment.","Solfeggio-Töne (174–963 Hz) sind Tradition, keine belegte Wissenschaft: kein direkter physiologischer Effekt. Aber angenehme Musik und bewusstes Hören entspannen wirklich.",
dict,"«Solfeggio»-частоти та 432 Гц — це сучасний міф без наукового підґрунтя. Цінність прослуховування — у самому ритуалі спокою й уважності, а не в магії конкретних чисел.","«Solfeggio»-частоти та 432 Гц — це сучасний міф без наукового підґрунтя. Цінність прослуховування — у самому ритуалі спокою й уважності, а не в магії конкретних чисел.","Las frecuencias ""Solfeggio"" y los 432 Hz son un mito moderno sin base científica. El valor de escuchar está en el ritual de calma y atención, no en la magia de números concretos.","Les fréquences « Solfeggio » et le 432 Hz sont un mythe moderne sans base scientifique. La valeur de l'écoute tient au rituel de calme et d'attention, pas à la magie de chiffres précis.","„Solfeggio“-Frequenzen und 432 Hz sind ein moderner Mythos ohne wissenschaftliche Grundlage. Der Wert des Hörens liegt im Ritual von Ruhe und Achtsamkeit, nicht in der Magie bestimmter Zahlen.",
dict,«Детокс-частота» — нібито очищує організм і дає ясність. Наукових даних немає.,«Детокс-частота» — нібито очищує організм і дає ясність. Наукових даних немає.,"La ""frecuencia detox"": supuestamente limpia el organismo y da claridad. Sin datos científicos.",La « fréquence détox » : nettoierait l'organisme et donnerait de la clarté. Aucune donnée scientifique.,Die „Detox-Frequenz“ — soll den Körper reinigen und Klarheit geben. Keine wissenschaftlichen Daten.,
dict,«Ремонт ДНК» — маркетинговий міф без підтвердженого механізму. Як медитативна музика — приємний і робочий.,«Ремонт ДНК» — маркетинговий міф без підтвердженого механізму. Як медитативна музика — приємний і робочий.,"La ""reparación del ADN"" es un mito de marketing sin mecanismo confirmado. Como música meditativa, es agradable y funciona.","La « réparation de l'ADN » est un mythe marketing sans mécanisme confirmé. Comme musique méditative, agréable et efficace.",„DNA-Reparatur“ ist ein Marketingmythos ohne bestätigten Mechanismus. Als Meditationsmusik — angenehm und wirksam.,
dict,"«Фізіологічне зітхання» — це короткий другий довдих на піку вдиху, а потім повільний видих. Воно розправляє спалі альвеоли й ефективно виводить CO₂, швидко знижуючи збудження.","«Фізіологічне зітхання» — це короткий другий довдих на піку вдиху, а потім повільний видих. Воно розправляє спалі альвеоли й ефективно виводить CO₂, швидко знижуючи збудження.","El ""suspiro fisiológico"" es una segunda inhalación breve en el punto máximo, seguida de un exhale lento. Reexpande los alvéolos colapsados y elimina CO₂ eficazmente, bajando rápido la activación.","Le « soupir physiologique » est une courte seconde inspiration au sommet du souffle, suivie d'une expiration lente. Il rouvre les alvéoles affaissées et évacue efficacement le CO₂, réduisant vite l'excitation.","Der „physiologische Seufzer“ ist ein kurzes zweites Einatmen am Höhepunkt, gefolgt von langsamem Ausatmen. Er entfaltet kollabierte Lungenbläschen und leitet CO₂ effizient ab, was die Erregung schnell senkt.",
dict,«Частота звільнення» — нібито допомагає відпустити страх і провину. Доказів ефективності немає.,«Частота звільнення» — нібито допомагає відпустити страх і провину. Доказів ефективності немає.,"La ""frecuencia de liberación"": supuestamente ayuda a soltar el miedo y la culpa. Sin pruebas de eficacia.",La « fréquence de libération » : aiderait à lâcher la peur et la culpabilité. Aucune preuve d'efficacité.,"Die „Frequenz der Befreiung“ — soll helfen, Angst und Schuld loszulassen. Kein Wirksamkeitsnachweis.",
dict,«Частота звільнення».,«Частота звільнення».,"La ""frecuencia de liberación"".",La « fréquence de libération ».,Die „Frequenz der Befreiung“.,
dict,«Частота змін» — нібито прибирає негативну енергію. Без наукової бази.,«Частота змін» — нібито прибирає негативну енергію. Без наукової бази.,"La ""frecuencia del cambio"": supuestamente elimina la energía negativa. Sin base científica.",La « fréquence du changement » : ôterait l'énergie négative. Sans base scientifique.,Die „Frequenz der Veränderung“ — soll negative Energie entfernen. Ohne wissenschaftliche Basis.,
dict,«Частота змін».,«Частота змін».,"La ""frecuencia del cambio"".",La « fréquence du changement ».,Die „Frequenz der Veränderung“.,
dict,«Частота очищення».,«Частота очищення».,"La ""frecuencia de limpieza"".",La « fréquence de nettoyage ».,Die „Frequenz der Reinigung“.,
dict,"Є дані, що регулярні ізометричні утримання можуть допомагати знижувати тиск у спокої. Головне — дихати рівно й не затримувати дихання під час напруги.","Є дані, що регулярні ізометричні утримання можуть допомагати знижувати тиск у спокої. Головне — дихати рівно й не затримувати дихання під час напруги.",Hay datos de que los maintiens isométricos regulares pueden ayudar a bajar la presión en reposo. Lo clave: respirar parejo y no aguantar la respiración bajo tensión.,Des données suggèrent que des maintiens isométriques réguliers peuvent aider à baisser la tension au repos. L'essentiel : respirer régulièrement et ne pas bloquer sa respiration sous tension.,"Es gibt Hinweise, dass regelmäßige isometrische Haltungen den Ruheblutdruck senken können. Wichtig: gleichmäßig atmen und unter Spannung nicht die Luft anhalten.",
dict,"Є контрольовані дослідження, але вибірки малі, а ефекти короткочасні.","Є контрольовані дослідження, але вибірки малі, а ефекти короткочасні.","Hay estudios controlados, pero las muestras son pequeñas y los efectos breves.","Il existe des études contrôlées, mais les échantillons sont petits et les effets brefs.","Es gibt kontrollierte Studien, aber die Stichproben sind klein und die Effekte kurzlebig.",
dict,Є попередня база. Ефект мʼякший за тета/дельта.,Є попередня база. Ефект мʼякший за тета/дельта.,Hay base preliminar. El efecto es más suave que theta/delta.,Il existe une base préliminaire. L'effet est plus doux que thêta/delta.,Es gibt eine vorläufige Basis. Die Wirkung ist milder als Theta/Delta.,
dict,"Ізометричні утримання (планка, стілець біля стіни, вис) розвивають силу й стабільність без руху в суглобі. Вони ще й добре зміцнюють сухожилля.","Ізометричні утримання (планка, стілець біля стіни, вис) розвивають силу й стабільність без руху в суглобі. Вони ще й добре зміцнюють сухожилля.","Los maintiens isométricos (plancha, silla en la pared, colgarse) desarrollan fuerza y estabilidad sin movimiento articular. Además fortalecen bien los tendones.","Les maintiens isométriques (planche, chaise au mur, suspension) développent force et stabilité sans mouvement articulaire. Ils renforcent aussi bien les tendons.","Isometrische Haltungen (Plank, Wandsitz, Hang) entwickeln Kraft und Stabilität ohne Gelenkbewegung. Sie stärken zudem die Sehnen gut.",
dict,Ізометрія: сила без руху,Ізометрія: сила без руху,Isometría: fuerza sin movimiento,Isométrie : force sans mouvement,Isometrie: Kraft ohne Bewegung,
dict,Ім'я наставника,Ім'я наставника,Nombre del mentor,Nom du mentor,Name des Mentors,
dict,Імʼя,Імʼя,Nombre,Nom,Name,
dict,Імʼя Прізвище,Імʼя Прізвище,Nombre Apellido,Prénom Nom,Vorname Nachname,
dict,Ім’я людини…,Ім’я людини…,Nombre de la persona…,Nom de la personne…,Name der Person…,
dict,Інше,Інше,Otro,Autre,Sonstiges,
dict,Або вкажи вручну:,Або вкажи вручну:,O indícalo manualmente:,Ou indique manuellement :,Oder gib es manuell an:,
dict,Або вручну:,Або вручну:,O manualmente:,Ou manuellement :,Oder manuell:,
dict,Або конкретна вправа,Або конкретна вправа,O un ejercicio concreto,Ou un exercice précis,Oder eine bestimmte Übung,
dict,Автор,Автор,Autor,Auteur,Autor,
dict,Акаунт,Акаунт,Cuenta,Compte,Konto,
dict,Акаунт створено. Тепер увійди.,Акаунт створено. Тепер увійди.,Cuenta creada. Ahora inicia sesión.,Compte créé. Connecte-toi maintenant.,Konto erstellt. Melde dich jetzt an.,
dict,Активне аналітичне мислення й бадьорість під час роботи чи навчання.,Активне аналітичне мислення й бадьорість під час роботи чи навчання.,Pensamiento analítico activo y vitalidad durante el trabajo o el estudio.,Pensée analytique active et vivacité pendant le travail ou l'étude.,Aktives analytisches Denken und Wachheit bei Arbeit oder Lernen.,
dict,Активний наставник — поради на головній,Активний наставник — поради на головній,Mentor activo — consejos en la pantalla principal,Mentor actif — conseils sur l'écran d'accueil,Aktiver Mentor — Tipps auf dem Startbildschirm,
dict,Активні,Активні,Activos,Actifs,Aktive,
dict,Активні цілі,Активні цілі,Objetivos activos,Objectifs actifs,Aktive Ziele,
dict,Актуальний,Актуальний,Activo,Actif,Aktiv,
dict,Алкоголь,Алкоголь,Alcohol,Alcool,Alkohol,
dict,Альтернатива денному сну,Альтернатива денному сну,Una alternativa a la siesta,Une alternative à la sieste,Eine Alternative zum Mittagsschlaf,
dict,Альтернативний музичний строй (замість стандартних 440 Гц).,Альтернативний музичний строй (замість стандартних 440 Гц).,Una afinación musical alternativa (en vez de los 440 Hz estándar).,Un accordage musical alternatif (au lieu des 440 Hz standard).,Eine alternative Musikstimmung (statt der üblichen 440 Hz).,
dict,Альтернативний музичний строй замість 440 Гц. У сліпих тестах різниці у впливі не виявляють.,Альтернативний музичний строй замість 440 Гц. У сліпих тестах різниці у впливі не виявляють.,Una afinación musical alternativa en vez de 440 Hz. En pruebas ciegas no se detecta diferencia en el efecto.,"Un accordage musical alternatif au lieu de 440 Hz. En tests aveugles, aucune différence d'effet n'est détectée.",Eine alternative Musikstimmung statt 440 Hz. In Blindtests wird kein Wirkungsunterschied gefunden.,
dict,"Альфа зʼявляється, коли ти розслаблений і водночас зосереджений. Знижує тривогу, покращує настрій, навчання й творчість. Добре для перерв у роботі та легкої медитації.","Альфа зʼявляється, коли ти розслаблений і водночас зосереджений. Знижує тривогу, покращує настрій, навчання й творчість. Добре для перерв у роботі та легкої медитації.","El alfa aparece en un estado relajado y a la vez concentrado. Baja la ansiedad, mejora el ánimo, el aprendizaje y la creatividad. Bueno para pausas en el trabajo y meditación ligera.","L'alpha apparaît dans un état à la fois détendu et concentré. Il réduit l'anxiété, améliore l'humeur, l'apprentissage et la créativité. Bon pour les pauses au travail et une méditation légère.","Alpha erscheint, wenn du entspannt und zugleich konzentriert bist. Es senkt Angst, verbessert Stimmung, Lernen und Kreativität. Gut für Arbeitspausen und leichte Meditation.",
dict,Аналіз,Аналіз,Análisis,Analyse,Analyse,
dict,Аналіз тижня ›,Аналіз тижня ›,Análisis de la semana ›,Bilan de la semaine ›,Wochenanalyse ›,
dict,Аналітика,Аналітика,Analíticas,Statistiques,Analyse,
dict,Антистрес,Антистрес,Antiestrés,Anti-stress,Anti-Stress,
dict,Антистрес і релаксація,Антистрес і релаксація,Antiestrés y relajación,Anti-stress et relaxation,Anti-Stress und Entspannung,
dict,"Асоціюється з поверненням до внутрішнього чуття, спокоєм і духовним порядком. Слухають для зосередження всередину.","Асоціюється з поверненням до внутрішнього чуття, спокоєм і духовним порядком. Слухають для зосередження всередину.","Se asocia con volver al sentir interior, la calma y el orden espiritual. Se escucha para concentrarse hacia dentro.","Associé au retour au ressenti intérieur, au calme et à l'ordre spirituel. On l'écoute pour se concentrer vers l'intérieur.","Assoziiert mit der Rückkehr zum inneren Gespür, Ruhe und spiritueller Ordnung. Man hört ihn, um sich nach innen zu konzentrieren.",
dict,Атомні звички,Атомні звички,Hábitos atómicos,Un rien peut tout changer,Die 1%-Methode,
dict,Аутогенне тренування,Аутогенне тренування,Entrenamiento autógeno,Training autogène,Autogenes Training,
dict,Багато хто описує музику в 432 Гц як «теплішу» й мʼякшу для слуху. Приємний фон для розслаблення й роботи.,Багато хто описує музику в 432 Гц як «теплішу» й мʼякшу для слуху. Приємний фон для розслаблення й роботи.,"Muchos describen la música a 432 Hz como ""más cálida"" y suave al oído. Un fondo agradable para relajarse y trabajar.",Beaucoup décrivent la musique à 432 Hz comme « plus chaude » et douce à l'oreille. Un fond agréable pour se détendre et travailler.,Viele beschreiben Musik in 432 Hz als „wärmer“ und weicher fürs Ohr. Ein angenehmer Hintergrund zum Entspannen und Arbeiten.,
dict,"Бажання вдихнути виникає тоді, коли в крові зростає рівень CO₂, а не коли закінчується кисень. Хеморецептори реагують саме на вуглекислий газ. Тому тренована «толерантність до CO₂» дає відчуття спокою й контролю навіть тоді, коли тіло сигналізує дихати.","Бажання вдихнути виникає тоді, коли в крові зростає рівень CO₂, а не коли закінчується кисень. Хеморецептори реагують саме на вуглекислий газ. Тому тренована «толерантність до CO₂» дає відчуття спокою й контролю навіть тоді, коли тіло сигналізує дихати.","Las ganas de inhalar aparecen cuando sube el CO₂ en sangre, no cuando se acaba el oxígeno. Los quimiorreceptores reaccionan justamente al dióxido de carbono. Por eso una ""tolerancia al CO₂"" entrenada da calma y control incluso cuando el cuerpo pide respirar.","L'envie d'inspirer survient quand le CO₂ augmente dans le sang, pas quand l'oxygène manque. Les chémorécepteurs réagissent au dioxyde de carbone. Ainsi, une « tolérance au CO₂ » entraînée procure calme et contrôle, même quand le corps réclame de respirer.","Der Drang einzuatmen entsteht, wenn der CO₂-Spiegel im Blut steigt, nicht wenn der Sauerstoff ausgeht. Chemorezeptoren reagieren gerade auf Kohlendioxid. Deshalb gibt eine trainierte „CO₂-Toleranz“ Ruhe und Kontrolle, selbst wenn der Körper zum Atmen drängt.",
dict,Баланс,Баланс,Saldo,Solde,Guthaben,
dict,"Баланс, рівний пульс (HRV)","Баланс, рівний пульс (HRV)","Equilibrio, pulso estable (HRV)","Équilibre, pouls régulier (HRV)","Balance, gleichmäßiger Puls (HRV)",
dict,Балансує нервову систему,Балансує нервову систему,Equilibra el sistema nervioso,Équilibre le système nerveux,Balanciert das Nervensystem,
dict,Бали за корисний час,Бали за корисний час,Puntos por tiempo útil,Points pour le temps utile,Punkte für nützliche Zeit,
dict,"Бали: 1 хвилина практики = 1 бал, плюс бали за завдання. Витрачай їх на винагороди, які сам собі придумаєш.","Бали: 1 хвилина практики = 1 бал, плюс бали за завдання. Витрачай їх на винагороди, які сам собі придумаєш.","Puntos: 1 minuto de práctica = 1 punto, más puntos por tareas. Gástalos en recompensas que decidas tú.","Points : 1 minute de pratique = 1 point, plus des points pour les tâches. Dépense-les en récompenses que tu te fixes toi-même.","Punkte: 1 Minute Praktik = 1 Punkt, plus Punkte für Aufgaben. Gib sie für Belohnungen aus, die du dir selbst ausdenkst.",
dict,Балів,Балів,Puntos,Points,Punkte,
dict,Без,Без,Sin,Aucun,Ohne,
dict,Без доказів,Без доказів,Sin pruebas,Sans preuves,Ohne Belege,
dict,Без звички,Без звички,Sin el hábito,Sans l'habitude,Ohne Gewohnheit,
dict,"Без магії й обіцянок — проста система, що тримає тебе в русі щодня й показує, як ти крок за кроком стаєш стійкішим до того, що тебе оточує.","Без магії й обіцянок — проста система, що тримає тебе в русі щодня й показує, як ти крок за кроком стаєш стійкішим до того, що тебе оточує.","Sin magia ni promesas: un sistema simple que te mantiene en movimiento cada día y te muestra cómo, paso a paso, te vuelves más resistente a lo que te rodea.","Sans magie ni promesses — un système simple qui te garde en mouvement chaque jour et te montre comment, pas à pas, tu gagnes en résistance à ce qui t'entoure.","Ohne Magie und ohne Versprechen — ein einfaches System, das dich jeden Tag in Bewegung hält und dir zeigt, wie du Schritt für Schritt widerstandsfähiger gegenüber dem wirst, was dich umgibt.",
dict,Без назви,Без назви,Sin título,Sans titre,Ohne Titel,
dict,Без наукової бази.,Без наукової бази.,Sin base científica.,Sans base scientifique.,Ohne wissenschaftliche Basis.,
dict,Без опису.,Без опису.,Sin descripción.,Sans description.,Ohne Beschreibung.,
dict,Без підтверджених механізмів.,Без підтверджених механізмів.,Sin mecanismos confirmados.,Sans mécanismes confirmés.,Ohne bestätigte Mechanismen.,
dict,Без імені,Без імені,Sin nombre,Sans nom,Ohne Name,
dict,Березень,Березень,Marzo,Mars,März,
dict,"Бета домінує під час роботи, аналізу й розвʼязання задач. Допомагає зібратися та тримати фокус, коли треба бути продуктивним і бадьорим.","Бета домінує під час роботи, аналізу й розвʼязання задач. Допомагає зібратися та тримати фокус, коли треба бути продуктивним і бадьорим.","El beta domina durante el trabajo, el análisis y la resolución de problemas. Ayuda a concentrarse y mantener el foco cuando hay que ser productivo y estar despierto.","Le bêta domine au travail, dans l'analyse et la résolution de problèmes. Il aide à se rassembler et à tenir le focus quand il faut être productif et alerte.","Beta dominiert bei Arbeit, Analyse und Problemlösung. Es hilft, sich zu sammeln und den Fokus zu halten, wenn man produktiv und wach sein muss.",
dict,"Блукаючий нерв (вагус) — головний канал парасимпатичної системи. Його активність повʼязана зі спокоєм, травленням і відновленням.","Блукаючий нерв (вагус) — головний канал парасимпатичної системи. Його активність повʼязана зі спокоєм, травленням і відновленням.","El nervio vago es el canal principal del sistema parasimpático. Su actividad se asocia a la calma, la digestión y la recuperación.","Le nerf vague est le canal principal du système parasympathique. Son activité est liée au calme, à la digestion et à la récupération.","Der Vagusnerv ist der Hauptkanal des parasympathischen Systems. Seine Aktivität hängt mit Ruhe, Verdauung und Erholung zusammen.",
dict,Блукаючий нерв і відновлення,Блукаючий нерв і відновлення,El nervio vago y la recuperación,Le nerf vague et la récupération,Der Vagusnerv und die Erholung,
dict,Бокові мʼязи кора,Бокові мʼязи кора,Músculos laterales del core,Muscles latéraux du tronc,Seitliche Rumpfmuskeln,
dict,"Бокові мʼязи кора, баланс","Бокові мʼязи кора, баланс","Músculos laterales del core, equilibrio","Muscles latéraux du gainage, équilibre","Seitliche Core-Muskeln, Balance",
dict,"Бура тканина гріє тіло, спалюючи енергію","Бура тканина гріє тіло, спалюючи енергію",La grasa parda calienta el cuerpo quemando energía,La graisse brune réchauffe le corps en brûlant de l'énergie,Braunes Gewebe wärmt den Körper durch Energieverbrennung,
dict,Бібліотека,Бібліотека,Biblioteca,Bibliothèque,Bibliothek,
dict,Бібліофіл,Бібліофіл,Bibliófilo,Bibliophile,Bibliophiler,
dict,"Біг, скакалка, HIIT — на час","Біг, скакалка, HIIT — на час","Correr, comba, HIIT — cronometrado","Course, corde, HIIT — chronométré","Laufen, Seil, HIIT — auf Zeit",
dict,Більше енергії та ясності,Більше енергії та ясності,Más energía y claridad,Plus d'énergie et de clarté,Mehr Energie und Klarheit,
dict,"Бінаурал, Solfeggio, своя музика","Бінаурал, Solfeggio, своя музика","Binaural, Solfeggio, tu propia música","Binaural, Solfeggio, ta propre musique","Binaural, Solfeggio, eigene Musik",
dict,"Бінаурал-ритм — слухай у навушниках, інакше ефекту не буде.","Бінаурал-ритм — слухай у навушниках, інакше ефекту не буде.","Ritmo binaural: escucha con auriculares, si no, no hay efecto.","Rythme binaural : écoute au casque, sinon aucun effet.","Binauraler Beat — mit Kopfhörern hören, sonst keine Wirkung.",
dict,"Бінаурал-ритми мають попередню наукову підтримку, ефект індивідуальний. Потрібні навушники.","Бінаурал-ритми мають попередню наукову підтримку, ефект індивідуальний. Потрібні навушники.",Los ritmos binaurales tienen apoyo científico preliminar; el efecto es individual. Se necesitan auriculares.,Les rythmes binauraux ont un appui scientifique préliminaire ; l'effet est individuel. Un casque est nécessaire.,"Binaurale Beats haben vorläufige wissenschaftliche Unterstützung, die Wirkung ist individuell. Kopfhörer nötig.",
dict,"Бінаурал-ритми: у вуха йдуть трохи різні частоти, мозок чує «биття» їхньої різниці. Це єдина категорія тут із попередньою науковою базою. Слухай лише в навушниках.","Бінаурал-ритми: у вуха йдуть трохи різні частоти, мозок чує «биття» їхньої різниці. Це єдина категорія тут із попередньою науковою базою. Слухай лише в навушниках.","Ritmos binaurales: a cada oído llegan frecuencias algo distintas y el cerebro oye el ""batido"" de su diferencia. Es la única categoría aquí con base científica preliminar. Escucha solo con auriculares.",Rythmes binauraux : chaque oreille reçoit des fréquences un peu différentes et le cerveau entend le « battement » de leur différence. C'est la seule catégorie ici avec une base scientifique préliminaire. Écoute uniquement au casque.,"Binaurale Beats: In die Ohren gehen leicht unterschiedliche Frequenzen, das Gehirn hört den „Schlag“ ihrer Differenz. Das ist hier die einzige Kategorie mit vorläufiger wissenschaftlicher Basis. Höre nur mit Kopfhörern.",
dict,Бінаурали мають лише попередню базу; «Solfeggio» і 432 Гц — традиція без доказів.,Бінаурали мають лише попередню базу; «Solfeggio» і 432 Гц — традиція без доказів.,"Los binaurales solo tienen una base preliminar; ""Solfeggio"" y 432 Hz son tradición sin pruebas.",Les binauraux n'ont qu'une base préliminaire ; « Solfeggio » et 432 Hz sont une tradition sans preuves.,Binaurals haben nur eine vorläufige Basis; „Solfeggio“ und 432 Hz sind Tradition ohne Belege.,
dict,"Бінаурали — попередні, неоднозначні дані","Бінаурали — попередні, неоднозначні дані",Binaurales — datos preliminares y dispares,Binauraux — données préliminaires et mitigées,"Binaurals — vorläufige, uneindeutige Daten",
dict,Бінауральні,Бінауральні,Binaurales,Binauraux,Binaural,
dict,"Бінауральні ритми (трохи різні частоти в кожне вухо) досліджують для розслаблення й уваги, але докази поки слабкі й суперечливі.","Бінауральні ритми (трохи різні частоти в кожне вухо) досліджують для розслаблення й уваги, але докази поки слабкі й суперечливі.","Los ritmos binaurales (frecuencias algo distintas en cada oído) se estudian para la relajación y la atención, pero las pruebas son aún débiles y contradictorias.","Les rythmes binauraux (fréquences un peu différentes dans chaque oreille) sont étudiés pour la relaxation et l'attention, mais les preuves restent faibles et contradictoires.","Binaurale Beats (leicht unterschiedliche Frequenzen je Ohr) werden für Entspannung und Aufmerksamkeit untersucht, doch die Belege sind bislang schwach und widersprüchlich.",
dict,Бічна планка,Бічна планка,Plancha lateral,Planche latérale,Seitlicher Plank,
dict,В. Хоф · breath,В. Хоф · breath,W. Hof · breath,W. Hof · breath,W. Hof · breath,
dict,"Вага, кг","Вага, кг","Peso, kg","Poids, kg","Gewicht, kg",
dict,Вагус вмикає спокій і відновлення,Вагус вмикає спокій і відновлення,El vago enciende la calma y la recuperación,Le vague enclenche le calme et la récupération,Der Vagus schaltet Ruhe und Erholung ein,
dict,Вагус керує режимом «відпочинок і відновлення».,Вагус керує режимом «відпочинок і відновлення».,"El vago dirige el modo ""descanso y recuperación"".",Le vague pilote le mode « repos et récupération ».,Der Vagus steuert den Modus „Ruhe und Erholung“.,
dict,Важкість ніг,Важкість ніг,Pesadez de las piernas,Lourdeur des jambes,Schwere der Beine,
dict,Важкість рук,Важкість рук,Pesadez de los brazos,Lourdeur des bras,Schwere der Arme,
dict,Варіабельність серцевого ритму показує гнучкість між напругою і спокоєм.,Варіабельність серцевого ритму показує гнучкість між напругою і спокоєм.,La variabilidad de la frecuencia cardíaca muestra la flexibilidad entre tensión y calma.,La variabilité de la fréquence cardiaque montre la souplesse entre tension et calme.,Die Herzratenvariabilität zeigt die Flexibilität zwischen Anspannung und Ruhe.,
dict,Введи назву,Введи назву,Introduce un nombre,Saisis un nom,Gib einen Namen ein,
dict,Введи новий пароль для свого акаунта.,Введи новий пароль для свого акаунта.,Introduce una nueva contraseña para tu cuenta.,Saisis un nouveau mot de passe pour ton compte.,Gib ein neues Passwort für dein Konto ein.,
dict,"Введи пошту вгорі, щоб надіслати посилання.","Введи пошту вгорі, щоб надіслати посилання.",Introduce tu correo arriba para enviar el enlace.,Saisis ton e-mail en haut pour envoyer le lien.,"Gib oben deine E-Mail ein, um den Link zu senden.",
dict,Введи пошту й пароль.,Введи пошту й пароль.,Introduce tu correo y contraseña.,Saisis ton e-mail et ton mot de passe.,Gib deine E-Mail und dein Passwort ein.,
dict,Вдих,Вдих,Inhala,Inspire,Einatmen,
dict,Вдих 4 · Затримка 4 · Видих 4 · Затримка 4,Вдих 4 · Затримка 4 · Видих 4 · Затримка 4,Inhala 4 · Retén 4 · Exhala 4 · Retén 4,Inspire 4 · Retiens 4 · Expire 4 · Retiens 4,Ein 4 · Halten 4 · Aus 4 · Halten 4,
dict,Вдих 4 · Затримка 7 · Видих 8,Вдих 4 · Затримка 7 · Видих 8,Inhala 4 · Retén 7 · Exhala 8,Inspire 4 · Retiens 7 · Expire 8,Ein 4 · Halten 7 · Aus 8,
dict,"Вдих 5,5 · Видих 5,5","Вдих 5,5 · Видих 5,5","Inhala 5,5 · Exhala 5,5","Inspire 5,5 · Expire 5,5","Einatmen 5,5 · Ausatmen 5,5",
dict,"Вдих на 4, затримка на 7, повільний видих на 8. Довгий видих активує парасимпатичну нервову систему — тіло переходить у режим спокою. Найкраще працює перед сном.","Вдих на 4, затримка на 7, повільний видих на 8. Довгий видих активує парасимпатичну нервову систему — тіло переходить у режим спокою. Найкраще працює перед сном.","Inhala en 4, retén 7, exhala lento en 8. La exhalación larga activa el sistema nervioso parasimpático — el cuerpo pasa a modo de calma. Funciona mejor antes de dormir.","Inspire sur 4, retiens 7, expire lentement sur 8. La longue expiration active le système nerveux parasympathique — le corps passe en mode calme. Marche mieux avant le sommeil.","4 einatmen, 7 halten, langsam 8 ausatmen. Das lange Ausatmen aktiviert das parasympathische Nervensystem — der Körper geht in den Ruhemodus. Wirkt am besten vor dem Schlaf.",
dict,Вдих → ще короткий довдих → довгий видих,Вдих → ще короткий довдих → довгий видих,Inhala → segunda inhalación corta → exhale largo,Inspire → courte seconde inspiration → longue expiration,Einatmen → kurzes Nach-Einatmen → langes Ausatmen,
dict,Вересень,Вересень,Septiembre,Septembre,September,
dict,Весь період,Весь період,Todo el período,Toute la période,Gesamter Zeitraum,
dict,Вечір,Вечір,Tarde,Soir,Abend,
dict,Вже запрошено,Вже запрошено,Ya invitado,Déjà invité,Bereits eingeladen,
dict,Вже є акаунт? Увійти,Вже є акаунт? Увійти,¿Ya tienes cuenta? Inicia sesión,Déjà un compte ? Connecte-toi,Schon ein Konto? Anmelden,
dict,Видалено,Видалено,Eliminado,Supprimé,Gelöscht,
dict,Видалити,Видалити,Eliminar,Supprimer,Löschen,
dict,Видалити винагороду?,Видалити винагороду?,¿Eliminar la recompensa?,Supprimer la récompense ?,Belohnung löschen?,
dict,Видалити спільноту,Видалити спільноту,Eliminar comunidad,Supprimer la communauté,Gemeinschaft löschen,
dict,Видалити цей запис?,Видалити цей запис?,¿Eliminar este registro?,Supprimer cet enregistrement ?,Diesen Eintrag löschen?,
dict,Видалити цю спільноту? Це незворотно.,Видалити цю спільноту? Це незворотно.,¿Eliminar esta comunidad? Es irreversible.,Supprimer cette communauté ? C'est irréversible.,Diese Gemeinschaft löschen? Das ist unwiderruflich.,
dict,Видалити цю ціль?,Видалити цю ціль?,¿Eliminar este objetivo?,Supprimer cet objectif ?,Dieses Ziel löschen?,
dict,Видалити ціль,Видалити ціль,Eliminar objetivo,Supprimer l'objectif,Ziel löschen,
dict,Видих,Видих,Exhala,Expire,Ausatmen,
dict,"Видих активує гальмівну гілку нервової системи, і пульс трохи сповільнюється.","Видих активує гальмівну гілку нервової системи, і пульс трохи сповільнюється.",La exhalación activa la rama calmante del sistema nervioso y el pulso baja un poco.,L'expiration active la branche apaisante du système nerveux et le pouls ralentit un peu.,Das Ausatmen aktiviert den beruhigenden Zweig des Nervensystems und der Puls sinkt leicht.,
dict,Видих → активація парасимпатики,Видих → активація парасимпатики,Exhalación → activación del parasimpático,Expiration → activation du parasympathique,Ausatmen → parasympathische Aktivierung,
dict,Видихни й розслабся,Видихни й розслабся,Exhala y relájate,Expire et détends-toi,Atme aus und entspanne dich,
dict,Вийти,Вийти,Cerrar sesión,Se déconnecter,Abmelden,
dict,Вийти зі спільноти?,Вийти зі спільноти?,¿Salir de la comunidad?,Quitter la communauté ?,Gemeinschaft verlassen?,
dict,Виконано,Виконано,Hecho,Fait,Erledigt,
dict,Виконано ✓,Виконано ✓,Hecho ✓,Fait ✓,Erledigt ✓,
dict,Виконуй звички — отримуй бали — обмінюй на винагороди.,Виконуй звички — отримуй бали — обмінюй на винагороди.,Cumple hábitos — gana puntos — cámbialos por recompensas.,Accomplis des habitudes — gagne des points — échange-les contre des récompenses.,Erfülle Gewohnheiten — sammle Punkte — tausche sie gegen Belohnungen.,
dict,Виконуй цілі й тримай серію.,Виконуй цілі й тримай серію.,Cumple objetivos y mantén la racha.,Accomplis tes objectifs et garde ta série.,Erfülle Ziele und halte die Serie.,
dict,Винагороди,Винагороди,Recompensas,Récompenses,Belohnungen,
dict,Випито,Випито,Bebido,Bu,Getrunken,
dict,Вис на перекладині,Вис на перекладині,Colgarse de la barra,Suspension à la barre,Hang an der Stange,
dict,Витривалість,Витривалість,Resistencia,Endurance,Ausdauer,
dict,Витривалість квадрицепсів,Витривалість квадрицепсів,Resistencia de los cuádriceps,Endurance des quadriceps,Ausdauer der Quadrizeps,
dict,Вихідний без вправ,Вихідний без вправ,"Día de descanso, sin ejercicios","Jour de repos, sans exercices","Ruhetag, keine Übungen",
dict,Вихідні теж рахуються,Вихідні теж рахуються,Los fines de semana también cuentan,Le week-end compte aussi,Wochenenden zählen auch,
dict,Вища HRV — краща адаптивність,Вища HRV — краща адаптивність,"Mayor HRV, mejor adaptabilidad","HRV plus élevée, meilleure adaptabilité",Höhere HRV — bessere Anpassungsfähigkeit,
dict,Вищий вагусний тонус — краща стресостійкість,Вищий вагусний тонус — краща стресостійкість,"Mayor tono vagal, mejor resiliencia al estrés","Un tonus vagal plus élevé, une meilleure résistance au stress",Höherer Vagustonus — bessere Stressresistenz,
dict,"Влаштуйся зручно, розслабся","Влаштуйся зручно, розслабся","Ponte cómodo, relájate","Installe-toi confortablement, détends-toi","Mach es dir bequem, entspanne dich",
dict,Внеси дані за сьогодні.,Внеси дані за сьогодні.,Introduce los datos de hoy.,Saisis les données d'aujourd'hui.,Gib die Daten für heute ein.,
dict,Вода,Вода,Agua,Eau,Wasser,
dict,Вода (по днях),Вода (по днях),Agua (por día),Eau (par jour),Wasser (nach Tagen),
dict,Воля,Воля,Voluntad,Volonté,Wille,
dict,Воїн тіла,Воїн тіла,Guerrero del cuerpo,Guerrier du corps,Krieger des Körpers,
dict,Вплив на вагу — скромний,Вплив на вагу — скромний,El efecto sobre el peso es modesto,L'effet sur le poids est modeste,Der Effekt auf das Gewicht ist gering,
dict,Вправа,Вправа,Ejercicio,Exercice,Übung,
dict,Вправи,Вправи,Ejercicios,Exercices,Übungen,
dict,Все тіло,Все тіло,Todo el cuerpo,Tout le corps,Ganzer Körper,
dict,Всього: ,Всього: ,Total: ,Total : ,Gesamt: ,
dict,Вт,Вт,Ma,Ma,Di,
dict,Вчить помічати затиски в тілі,Вчить помічати затиски в тілі,Enseña a notar la tensión en el cuerpo,Apprend à repérer les tensions dans le corps,"Lehrt, Verspannungen im Körper zu bemerken",
dict,Від,Від,Desde,Du,Von,
dict,"Віджимання, присідання — на час","Віджимання, присідання — на час","Flexiones, sentadillas — cronometrado","Pompes, squats — chronométré","Liegestütze, Kniebeugen — auf Zeit",
dict,Відкрити,Відкрити,Abrir,Ouvrir,Öffnen,
dict,Відкрити Вім Хоф,Відкрити Вім Хоф,Abrir Wim Hof,Ouvrir Wim Hof,Wim Hof öffnen,
dict,Відкрити холод,Відкрити холод,Abrir frío,Ouvrir froid,Kälte öffnen,
dict,Відкрити ›,Відкрити ›,Abrir ›,Ouvrir ›,Öffnen ›,
dict,Відновити,Відновити,Restaurar,Rétablir,Wiederherstellen,
dict,"Відновлення, с","Відновлення, с","Recuperación, s","Récupération, s","Erholung, s",
dict,Відстежуй утримання від шкідливих звичок — кожен чистий день додається до серії.,Відстежуй утримання від шкідливих звичок — кожен чистий день додається до серії.,Sigue tu abstinencia de malos hábitos: cada día limpio se suma a la racha.,Suis ton abstinence des mauvaises habitudes — chaque jour propre s'ajoute à la série.,Verfolge deine Enthaltsamkeit von schlechten Gewohnheiten — jeder saubere Tag zählt zur Serie.,
dict,Відхилити,Відхилити,Rechazar,Refuser,Ablehnen,
dict,"Відчуй тіло цілком, як єдине ціле. Побудь у спокої.","Відчуй тіло цілком, як єдине ціле. Побудь у спокої.","Siente el cuerpo entero, como un todo. Quédate en calma.","Sens le corps tout entier, comme un tout. Reste dans le calme.",Spüre den Körper als Ganzes. Bleib in Ruhe.,
dict,Відчуття тепла і важкості,Відчуття тепла і важкості,Sensación de calor y pesadez,Sensation de chaleur et de lourdeur,Gefühl von Wärme und Schwere,
dict,Візуальні підказки,Візуальні підказки,Señales visuales,Repères visuels,Visuelle Hinweise,
dict,Вім Хоф,Вім Хоф,Wim Hof,Wim Hof,Wim Hof,
dict,"Вім Хоф, 4-7-8, квадратне…","Вім Хоф, 4-7-8, квадратне…","Wim Hof, 4-7-8, en caja…","Wim Hof, 4-7-8, carrée…","Wim Hof, 4-7-8, Box…",
dict,Віха серії,Віха серії,Hito de la racha,Étape de la série,Serien-Meilenstein,
dict,Гарний початок! Кілька днів поспіль — і звичка закріпиться.,Гарний початок! Кілька днів поспіль — і звичка закріпиться.,¡Buen comienzo! Unos días seguidos y el hábito se asienta.,Bon début ! Quelques jours d'affilée et l'habitude s'installe.,Guter Start! Ein paar Tage in Folge und die Gewohnheit festigt sich.,
dict,Гарно перед сном,Гарно перед сном,Bien antes de dormir,Idéal avant de dormir,Gut vor dem Schlafen,
dict,Гартований,Гартований,Curtido,Aguerri,Abgehärtet,
dict,Гартує імунітет,Гартує імунітет,Endurece la inmunidad,Renforce l'immunité,Stärkt die Immunität,
dict,Гасить гостру тривогу,Гасить гостру тривогу,Apaga la ansiedad aguda,Apaise l'anxiété aiguë,Dämpft akute Angst,
dict,Глибоке відновлення й стійкість,Глибоке відновлення й стійкість,Recuperación profunda y resistencia,Récupération profonde et résilience,Tiefe Erholung und Widerstandskraft,
dict,Глибоке розслаблення,Глибоке розслаблення,Relajación profunda,Relaxation profonde,Tiefe Entspannung,
dict,Глибокий вдих і тримай,Глибокий вдих і тримай,Inhala hondo y mantén,Inspire à fond et tiens,Tief einatmen und halten,
dict,Глибокий відпочинок без засинання,Глибокий відпочинок без засинання,Descanso profundo sin dormirse,Repos profond sans s'endormir,Tiefe Erholung ohne einzuschlafen,
dict,"Глибокий дельта-сон — це коли тіло найактивніше відновлюється: росте мʼязова тканина, працює імунітет, консолідується памʼять. Слухають перед сном, щоб швидше засинати й спати глибше.","Глибокий дельта-сон — це коли тіло найактивніше відновлюється: росте мʼязова тканина, працює імунітет, консолідується памʼять. Слухають перед сном, щоб швидше засинати й спати глибше.","El sueño delta profundo es cuando el cuerpo más se recupera: crece el tejido muscular, trabaja la inmunidad, se consolida la memoria. Se escucha antes de dormir para conciliar el sueño antes y dormir más profundo.","Le sommeil delta profond, c'est quand le corps récupère le plus : le tissu musculaire croît, l'immunité travaille, la mémoire se consolide. On l'écoute avant de dormir pour s'endormir plus vite et dormir plus profondément.","Der tiefe Delta-Schlaf ist die Phase stärkster Erholung: Muskelgewebe wächst, das Immunsystem arbeitet, das Gedächtnis festigt sich. Man hört ihn vor dem Schlaf, um schneller einzuschlafen und tiefer zu schlafen.",
dict,Глибокий спокій,Глибокий спокій,Calma profunda,Sérénité profonde,Tiefe Ruhe,
dict,Глибоко вдихни й зведи лопатки разом.,Глибоко вдихни й зведи лопатки разом.,Inhala profundamente y junta los omóplatos.,Inspire profondément et rapproche les omoplates.,Atme tief ein und ziehe die Schulterblätter zusammen.,
dict,"Глибокі дихання, потім затримка на видиху. Подвійний тап або кнопка завершують затримку.","Глибокі дихання, потім затримка на видиху. Подвійний тап або кнопка завершують затримку.",Respiraciones profundas y luego retención en la exhalación. Doble toque o el botón terminan la retención.,"Respirations profondes, puis rétention sur l'expiration. Double tap ou le bouton met fin à la rétention.","Tiefe Atemzüge, dann Halten beim Ausatmen. Doppeltippen oder die Taste beenden das Halten.",
dict,Глибше за гортання стрічки,Глибше за гортання стрічки,Más profundo que hacer scroll,Plus profond que scroller un fil,Tiefer als Feed-Scrollen,
dict,Гнучкість спини,Гнучкість спини,Flexibilidad de la espalda,Souplesse du dos,Flexibilität des Rückens,
dict,Гнучкість спини й грудей,Гнучкість спини й грудей,Flexibilidad de espalda y pecho,Souplesse du dos et de la poitrine,Flexibilität von Rücken und Brust,
dict,Головна,Головна,Inicio,Accueil,Start,
dict,Гомілки,Гомілки,Pantorrillas,Mollets,Waden,
dict,Готово,Готово,Listo,Terminé,Fertig,
dict,Грудень,Грудень,Diciembre,Décembre,Dezember,
dict,Груди та спина,Груди та спина,Pecho y espalda,Poitrine et dos,Brust und Rücken,
dict,Гучних медичних обіцянок уникай,Гучних медичних обіцянок уникай,Evita promesas médicas grandilocuentes,Évite les promesses médicales tapageuses,Vermeide laute medizinische Versprechen,
dict,Гід,Гід,Guía,Guide,Anleitung,
dict,"Дай наставнику ім'я і обери, як він тебе підтримуватиме.","Дай наставнику ім'я і обери, як він тебе підтримуватиме.",Ponle un nombre a tu mentor y elige cómo te apoyará.,Donne un nom à ton mentor et choisis comment il te soutiendra.,"Gib deinem Mentor einen Namen und wähle, wie er dich unterstützt.",
dict,Далі,Далі,Siguiente,Suivant,Weiter,
dict,Далі: завершення,Далі: завершення,Siguiente: finalizar,Suivant : fin,Weiter: Abschluss,
dict,Дата,Дата,Fecha,Date,Datum,
dict,Дата вже минула,Дата вже минула,La fecha ya pasó,La date est déjà passée,Das Datum liegt bereits in der Vergangenheit,
dict,Дата народження,Дата народження,Fecha de nacimiento,Date de naissance,Geburtsdatum,
dict,Два вдихи підряд і довгий видих — найшвидший спосіб збити гострий стрес.,Два вдихи підряд і довгий видих — найшвидший спосіб збити гострий стрес.,Dos inhalaciones seguidas y un exhale largo: la forma más rápida de bajar el estrés agudo.,Deux inspirations d'affilée et une longue expiration : le moyen le plus rapide de calmer un stress aigu.,"Zwei Einatmungen hintereinander und ein langes Ausatmen — der schnellste Weg, akuten Stress zu senken.",
dict,Дедлайн (необов’язково),Дедлайн (необов’язково),Fecha límite (opcional),Date limite (facultatif),Frist (optional),
dict,Декомпресія хребта,Декомпресія хребта,Descompresión de la columna,Décompression de la colonne,Dekompression der Wirbelsäule,
dict,Демо режим,Демо режим,Modo demo,Mode démo,Demo-Modus,
dict,Денна ціль,Денна ціль,Objetivo diario,Objectif quotidien,Tagesziel,
dict,Дерево навичок,Дерево навичок,Árbol de habilidades,Arbre de compétences,Fähigkeitsbaum,
dict,Детально ›,Детально ›,Detalles ›,Détails ›,Details ›,
dict,Детально →,Детально →,Detalles →,Détails →,Details →,
dict,Детальніше ›,Детальніше ›,Más ›,En savoir plus ›,Mehr ›,
dict,Джеймс Клір,Джеймс Клір,James Clear,James Clear,James Clear,
dict,Джеймс Нестор,Джеймс Нестор,James Nestor,James Nestor,James Nestor,
dict,Джерела,Джерела,Fuentes,Sources,Quellen,
dict,"Динаміка твоїх практик і оцінок за обраний період. Перемикай метрику й діапазон, щоб побачити прогрес.","Динаміка твоїх практик і оцінок за обраний період. Перемикай метрику й діапазон, щоб побачити прогрес.",La evolución de tus prácticas y valoraciones en el período elegido. Cambia la métrica y el rango para ver tu progreso.,L'évolution de tes pratiques et de tes notes sur la période choisie. Change de métrique et de plage pour voir ta progression.,"Der Verlauf deiner Praktiken und Bewertungen im gewählten Zeitraum. Wechsle Metrik und Bereich, um deinen Fortschritt zu sehen.",
dict,"Дискомфорт у затримці — це реакція на вуглекислий газ, а не брак кисню.","Дискомфорт у затримці — це реакція на вуглекислий газ, а не брак кисню.","La incomodidad al retener es una reacción al dióxido de carbono, no a la falta de oxígeno.","L'inconfort en apnée est une réaction au dioxyde de carbone, pas à un manque d'oxygène.","Das Unbehagen beim Anhalten ist eine Reaktion auf Kohlendioxid, nicht auf Sauerstoffmangel.",
dict,Дисциплінований,Дисциплінований,Disciplinado,Discipliné,Diszipliniert,
dict,Дих. сила,Дих. сила,Aliento,Souffle,Atem,
dict,Дихай,Дихай,Respira,Respire,Atme,
dict,Дихай глибоко,Дихай глибоко,Respira hondo,Respire profondément,Atme tief,
dict,Дихай лише сидячи або лежачи,Дихай лише сидячи або лежачи,Practica solo sentado o tumbado,Pratique seulement assis ou allongé,Übe nur im Sitzen oder Liegen,
dict,Дихай повільно,Дихай повільно,Respira despacio,Respire lentement,Atme langsam,
dict,Дихай рівно й починай з кінцівок. Уникай різких затримок дихання в крижаній воді — спрацьовує рефлекс пірнальника.,Дихай рівно й починай з кінцівок. Уникай різких затримок дихання в крижаній воді — спрацьовує рефлекс пірнальника.,Respira de forma pareja y empieza por las extremidades. Evita retenciones bruscas en agua helada — se dispara el reflejo de buceo.,Respire régulièrement et commence par les extrémités. Évite les apnées brusques en eau glacée — le réflexe de plongée s'active.,Atme gleichmäßig und beginne bei den Gliedmaßen. Vermeide abruptes Luftanhalten in eiskaltem Wasser — der Tauchreflex setzt ein.,
dict,"Дихай спокійно й рівно. Виходь, якщо німіють кінцівки.","Дихай спокійно й рівно. Виходь, якщо німіють кінцівки.",Respira con calma y parejo. Sal si se te entumecen las extremidades.,Respire calmement et régulièrement. Sors si tes extrémités s'engourdissent.,"Atme ruhig und gleichmäßig. Steig aus, wenn die Gliedmaßen taub werden.",
dict,Дихальна практика,Дихальна практика,Práctica de respiración,Pratique de respiration,Atempraktik,
dict,Дихальна сила,Дихальна сила,Fuerza respiratoria,Force respiratoire,Atemkraft,
dict,Дихальні практики,Дихальні практики,Prácticas de respiración,Pratiques de respiration,Atempraktiken,
dict,Дихання,Дихання,Respiración,Respiration,Atmung,
dict,Дихання 4-7-8,Дихання 4-7-8,Respiración 4-7-8,Respiration 4-7-8,4-7-8-Atmung,
dict,Дихання 4-7-8 (вдих 4 · затримка 7 · видих 8) — найкраще для сну й тривоги: довгий видих вмикає режим спокою. Зроби 4–6 циклів у ліжку.,Дихання 4-7-8 (вдих 4 · затримка 7 · видих 8) — найкраще для сну й тривоги: довгий видих вмикає режим спокою. Зроби 4–6 циклів у ліжку.,"Respiración 4-7-8 (inhala 4 · retén 7 · exhala 8): lo mejor para el sueño y la ansiedad, la exhalación larga enciende el modo calma. Haz 4–6 ciclos en la cama.","Respiration 4-7-8 (inspire 4 · retiens 7 · expire 8) : idéale pour le sommeil et l'anxiété, la longue expiration enclenche le mode calme. Fais 4–6 cycles au lit.",4-7-8-Atmung (ein 4 · halten 7 · aus 8) — am besten für Schlaf und Angst: Das lange Ausatmen schaltet den Ruhemodus ein. Mach 4–6 Zyklen im Bett.,
dict,Дихання спокійне й рівне.,Дихання спокійне й рівне.,La respiración es tranquila y uniforme.,La respiration est calme et régulière.,Die Atmung ist ruhig und gleichmäßig.,
dict,Дихання: 60 сесій,Дихання: 60 сесій,Respiración: 60 sesiones,Respiration : 60 séances,Atmung: 60 Sitzungen,
dict,Дихань у раунді,Дихань у раунді,Respiraciones por ronda,Respirations par round,Atemzüge pro Runde,
dict,Для енергії: метод Віма Хофа вранці + холодний душ. Підіймає дофамін і бадьорість надовго.,Для енергії: метод Віма Хофа вранці + холодний душ. Підіймає дофамін і бадьорість надовго.,Para la energía: método Wim Hof por la mañana + ducha fría. Sube la dopamina y la vitalidad por mucho tiempo.,Pour l'énergie : méthode Wim Hof le matin + douche froide. Élève la dopamine et la vivacité longtemps.,Für Energie: Wim-Hof-Methode am Morgen + kalte Dusche. Hebt Dopamin und Frische für lange Zeit.,
dict,Для медитації,Для медитації,Para meditar,Pour méditer,Zum Meditieren,
dict,Для роботи/навчання. Не варто слухати перед сном.,Для роботи/навчання. Не варто слухати перед сном.,Para trabajar/estudiar. No conviene escucharlo antes de dormir.,Pour travailler/étudier. À ne pas écouter avant de dormir.,Für Arbeit/Lernen. Nicht vor dem Schlaf hören.,
dict,Для сну,Для сну,Para dormir,Pour dormir,Zum Schlafen,
dict,Для сну: дихання 4-7-8 у ліжку + дельта/тета-хвилі або 174 Гц фоном. Уникай яскравого світла та бета-хвиль перед сном.,Для сну: дихання 4-7-8 у ліжку + дельта/тета-хвилі або 174 Гц фоном. Уникай яскравого світла та бета-хвиль перед сном.,Para dormir: respiración 4-7-8 en la cama + ondas delta/theta o 174 Hz de fondo. Evita la luz intensa y las ondas beta antes de dormir.,Pour dormir : respiration 4-7-8 au lit + ondes delta/thêta ou 174 Hz en fond. Évite la lumière vive et les ondes bêta avant le coucher.,Zum Schlafen: 4-7-8-Atmung im Bett + Delta-/Theta-Wellen oder 174 Hz im Hintergrund. Vermeide helles Licht und Beta-Wellen vor dem Schlaf.,
dict,Для фокусу: бета- або гамма-хвилі (40 Гц) у навушниках + квадратне дихання перед стартом. Холодний душ зранку теж добре заряджає.,Для фокусу: бета- або гамма-хвилі (40 Гц) у навушниках + квадратне дихання перед стартом. Холодний душ зранку теж добре заряджає.,Para el foco: ondas beta o gamma (40 Hz) con auriculares + respiración en caja antes de empezar. Una ducha fría por la mañana también carga bien.,Pour le focus : ondes bêta ou gamma (40 Hz) au casque + respiration carrée avant de commencer. Une douche froide le matin recharge bien aussi.,Für den Fokus: Beta- oder Gamma-Wellen (40 Hz) über Kopfhörer + Box-Atmung vor dem Start. Eine kalte Dusche am Morgen lädt ebenfalls gut auf.,
dict,Днів вживання,Днів вживання,Días de consumo,Jours de consommation,Tage mit Konsum,
dict,До,До,Hasta,Au,Bis,
dict,До вправ,До вправ,A los ejercicios,Vers les exercices,Zu den Übungen,
dict,До практик,До практик,A las prácticas,Aux pratiques,Zu den Praktiken,
dict,Добровільний контрольований стрес вчить залишатися спокійним у дискомфорті.,Добровільний контрольований стрес вчить залишатися спокійним у дискомфорті.,El estrés voluntario y controlado enseña a mantener la calma en la incomodidad.,Un stress volontaire et contrôlé apprend à rester calme dans l'inconfort.,"Freiwilliger, kontrollierter Stress lehrt, im Unbehagen ruhig zu bleiben.",
dict,Довгий видих і холод на обличчя його активують,Довгий видих і холод на обличчя його активують,Una exhalación larga y el frío en la cara lo activan,Une longue expiration et le froid sur le visage l'activent,Langes Ausatmen und Kälte im Gesicht aktivieren ihn,
dict,Додавай книги й хвилини читання — вони прокачують навичку «Знання» у твоєму розвитку.,Додавай книги й хвилини читання — вони прокачують навичку «Знання» у твоєму розвитку.,Añade libros y minutos de lectura: mejoran la habilidad «Conocimiento» en tu desarrollo.,Ajoute des livres et des minutes de lecture — ils développent la compétence « Savoir » dans ta progression.,Füge Bücher und Leseminuten hinzu — sie stärken die Fähigkeit „Wissen“ in deiner Entwicklung.,
dict,"Додай винагороду — те, чим себе порадуєш.","Додай винагороду — те, чим себе порадуєш.",Añade una recompensa: algo con lo que darte un gusto.,Ajoute une récompense — quelque chose pour te faire plaisir.,"Füge eine Belohnung hinzu — etwas, womit du dir eine Freude machst.",
dict,Додай звички у розділі «Звички».,Додай звички у розділі «Звички».,Añade hábitos en la sección «Hábitos».,Ajoute des habitudes dans la section « Habitudes ».,Füge Gewohnheiten im Bereich „Gewohnheiten“ hinzu.,
dict,Додай звичку для відстеження,Додай звичку для відстеження,Añade un hábito para seguir,Ajoute une habitude à suivre,Füge eine Gewohnheit zum Verfolgen hinzu,
dict,Додай свої дані →,Додай свої дані →,Añade tus datos →,Ajoute tes données →,Füge deine Daten hinzu →,
dict,Додано,Додано,Añadido,Ajouté,Hinzugefügt,
dict,Додати,Додати,Añadir,Ajouter,Hinzufügen,
dict,Додати книгу,Додати книгу,Añadir libro,Ajouter un livre,Buch hinzufügen,
dict,Додати у меню,Додати у меню,Añadir al menú,Ajouter au menu,Zum Menü hinzufügen,
dict,Додати час,Додати час,Añadir tiempo,Ajouter du temps,Zeit hinzufügen,
dict,Додати ›,Додати ›,Añadir ›,Ajouter ›,Hinzufügen ›,
dict,Додому,Додому,A inicio,Accueil,Nach Hause,
dict,Доказова база,Доказова база,Base de evidencia,Base de preuves,Evidenzbasis,
dict,"Доказова база радше про субʼєктивне самопочуття, ніж про конкретні «детокс»-ефекти. Завершуй холодом, якщо хочеш бадьорості, теплом — якщо розслаблення.","Доказова база радше про субʼєктивне самопочуття, ніж про конкретні «детокс»-ефекти. Завершуй холодом, якщо хочеш бадьорості, теплом — якщо розслаблення.","La evidencia va más sobre el bienestar subjetivo que sobre efectos ""detox"" concretos. Termina en frío si quieres vitalidad, en calor si quieres relajación.","Les preuves portent plus sur le bien-être subjectif que sur des effets « détox » précis. Termine par le froid pour la vivacité, par le chaud pour la détente.","Die Belege betreffen eher das subjektive Wohlbefinden als konkrete „Detox“-Effekte. Beende mit Kälte für Frische, mit Wärme für Entspannung.",
dict,Долучитися до спільноти,Долучитися до спільноти,Unirse a una comunidad,Rejoindre une communauté,Einer Gemeinschaft beitreten,
dict,Долучитися ›,Долучитися ›,Unirse ›,Rejoindre ›,Beitreten ›,
dict,Допомагає заснути,Допомагає заснути,Ayuda a conciliar el sueño,Aide à s'endormir,Hilft beim Einschlafen,
dict,Допомагає легше заснути,Допомагає легше заснути,Ayuda a conciliar el sueño más fácilmente,Aide à s'endormir plus facilement,"Hilft, leichter einzuschlafen",
dict,Допомагає швидше засинати,Допомагає швидше засинати,Ayuda a dormirse más rápido,Aide à s'endormir plus vite,"Hilft, schneller einzuschlafen",
dict,Досвід,Досвід,Experiencia,Expérience,Erfahrung,
dict,Дослідження є,Дослідження є,Con estudios,Avec études,Mit Studien,
dict,Дослідження: yoga nidra (PubMed),Дослідження: yoga nidra (PubMed),Estudio: yoga nidra (PubMed),Étude : yoga nidra (PubMed),Studie: Yoga Nidra (PubMed),
dict,Дослідження: вагус і HRV (PubMed),Дослідження: вагус і HRV (PubMed),Estudio: nervio vago y HRV (PubMed),Étude : nerf vague et HRV (PubMed),Studie: Vagusnerv und HRV (PubMed),
dict,Дослідження: дофамін і мотивація (PubMed),Дослідження: дофамін і мотивація (PubMed),Estudio: dopamina y motivación (PubMed),Étude : dopamine et motivation (PubMed),Studie: Dopamin und Motivation (PubMed),
dict,Дослідження: контрастна терапія й відновлення (PubMed),Дослідження: контрастна терапія й відновлення (PubMed),Estudio: terapia de contraste y recuperación (PubMed),Étude : thérapie de contraste et récupération (PubMed),Studie: Kontrasttherapie und Erholung (PubMed),
dict,Дослідження: метрики й норми HRV (PubMed),Дослідження: метрики й норми HRV (PubMed),Estudio: métricas y normas de HRV (PubMed),Étude : métriques et normes de HRV (PubMed),Studie: HRV-Metriken und -Normen (PubMed),
dict,Дослідження: огляд бінаурал-ритмів (PubMed),Дослідження: огляд бінаурал-ритмів (PubMed),Estudio: revisión de ritmos binaurales (PubMed),Étude : revue des rythmes binauraux (PubMed),Studie: Übersicht binauraler Beats (PubMed),
dict,Дослідження: повільне дихання й парасимпатика (PubMed),Дослідження: повільне дихання й парасимпатика (PubMed),Estudio: respiración lenta y sistema parasimpático (PubMed),Étude : respiration lente et système parasympathique (PubMed),Studie: langsame Atmung und Parasympathikus (PubMed),
dict,Дослідження: природа й відновлення уваги (PubMed),Дослідження: природа й відновлення уваги (PubMed),Estudio: naturaleza y recuperación de la atención (PubMed),Étude : nature et restauration de l'attention (PubMed),Studie: Natur und Aufmerksamkeitserholung (PubMed),
dict,Дослідження: ранкове світло й циркадний ритм (PubMed),Дослідження: ранкове світло й циркадний ритм (PubMed),Estudio: luz matinal y ritmo circadiano (PubMed),Étude : lumière du matin et rythme circadien (PubMed),Studie: Morgenlicht und zirkadianer Rhythmus (PubMed),
dict,Дослідження: регулярність сну й здоровʼя (PubMed),Дослідження: регулярність сну й здоровʼя (PubMed),Estudio: regularidad del sueño y salud (PubMed),Étude : régularité du sommeil et santé (PubMed),Studie: Schlafregelmäßigkeit und Gesundheit (PubMed),
dict,Дослідження: температура середовища й сон (PubMed),Дослідження: температура середовища й сон (PubMed),Estudio: temperatura ambiente y sueño (PubMed),Étude : température ambiante et sommeil (PubMed),Studie: Umgebungstemperatur und Schlaf (PubMed),
dict,Дослідження: тренування затримки та CO₂ (PubMed),Дослідження: тренування затримки та CO₂ (PubMed),Estudio: entrenamiento de apnea y CO₂ (PubMed),Étude : entraînement d'apnée et CO₂ (PubMed),Studie: Atemhalte-Training und CO₂ (PubMed),
dict,Дослідження: холод і катехоламіни (PubMed),Дослідження: холод і катехоламіни (PubMed),Estudio: frío y catecolaminas (PubMed),Étude : froid et catécholamines (PubMed),Studie: Kälte und Katecholamine (PubMed),
dict,Дослідження: циклічне зітхання й настрій (PubMed),Дослідження: циклічне зітхання й настрій (PubMed),Estudio: suspiro cíclico y estado de ánimo (PubMed),Étude : soupir cyclique et humeur (PubMed),Studie: zyklisches Seufzen und Stimmung (PubMed),
dict,Дослідження: читання й когнітивні функції (PubMed),Дослідження: читання й когнітивні функції (PubMed),Estudio: lectura y funciones cognitivas (PubMed),Étude : lecture et fonctions cognitives (PubMed),Studie: Lesen und kognitive Funktionen (PubMed),
dict,"Дослідження: ізометрія й тиск, метааналіз (PubMed)","Дослідження: ізометрія й тиск, метааналіз (PubMed)","Estudio: isometría y presión, metaanálisis (PubMed)","Étude : isométrie et tension, méta-analyse (PubMed)","Studie: Isometrie und Blutdruck, Metaanalyse (PubMed)",
dict,Досягнуті,Досягнуті,Alcanzados,Atteints,Erreicht,
dict,Досягти рівня,Досягти рівня,Alcanzar un nivel,Atteindre un niveau,Level erreichen,
dict,Дофамін = мотивація й прагнення,Дофамін = мотивація й прагнення,Dopamina = motivación y deseo,Dopamine = motivation et désir,Dopamin = Motivation und Verlangen,
dict,"Дофамін більше повʼязаний з прагненням і мотивацією, ніж із самим задоволенням. Він зростає в очікуванні винагороди й штовхає до дії.","Дофамін більше повʼязаний з прагненням і мотивацією, ніж із самим задоволенням. Він зростає в очікуванні винагороди й штовхає до дії.",La dopamina se liga más al deseo y la motivación que al placer en sí. Sube al anticipar una recompensa y empuja a actuar.,La dopamine est plus liée au désir et à la motivation qu'au plaisir lui-même. Elle monte en anticipation d'une récompense et pousse à agir.,Dopamin hängt mehr mit Verlangen und Motivation zusammen als mit dem Vergnügen selbst. Es steigt in Erwartung einer Belohnung und treibt zum Handeln.,
dict,Дофамін рухає тебе до мети; постійні легкі «піки» притуплюють драйв.,Дофамін рухає тебе до мети; постійні легкі «піки» притуплюють драйв.,"La dopamina te mueve hacia metas; los ""picos"" fáciles constantes embotan el impulso.",La dopamine te pousse vers tes objectifs ; les « pics » faciles constants émoussent l'élan.,Dopamin treibt dich zu Zielen; ständige leichte „Spitzen“ dämpfen den Antrieb.,
dict,"Дофамін — про мотивацію, а не лише задоволення","Дофамін — про мотивацію, а не лише задоволення","La dopamina va de motivación, no solo de placer","La dopamine, c'est la motivation, pas seulement le plaisir","Dopamin geht um Motivation, nicht nur um Vergnügen",
dict,Друг-мотиватор,Друг-мотиватор,Amigo motivador,Ami motivateur,Motivierender Freund,
dict,Духовність,Духовність,Espiritualidad,Spiritualité,Spiritualität,
dict,Душ і крижані ванни,Душ і крижані ванни,Duchas y baños de hielo,Douches et bains de glace,Duschen und Eisbäder,
dict,Діаграма оцінок,Діаграма оцінок,Gráfico de valoraciones,Graphique des notes,Bewertungsdiagramm,
dict,Діаграма сесій,Діаграма сесій,Gráfico de sesiones,Graphique des séances,Sitzungsdiagramm,
dict,Експорт у PDF,Експорт у PDF,Exportar a PDF,Exporter en PDF,Als PDF exportieren,
dict,Емоції,Емоції,Emociones,Émotions,Emotionen,
dict,Емпіричних доказів немає.,Емпіричних доказів немає.,No hay pruebas empíricas.,Aucune preuve empirique.,Keine empirischen Belege.,
dict,"Енергія, стійкість до холоду, фокус","Енергія, стійкість до холоду, фокус","Energía, tolerancia al frío, concentración","Énergie, tolérance au froid, concentration","Energie, Kältetoleranz, Fokus",
dict,Ефект,Ефект,Efecto,Effet,Wirkung,
dict,Ефект накопичувальний: навіть 10–15 хвилин на день складаються в помітний результат за місяці.,Ефект накопичувальний: навіть 10–15 хвилин на день складаються в помітний результат за місяці.,El efecto es acumulativo: incluso 10–15 minutos al día suman un resultado notable en meses.,L'effet est cumulatif : même 10–15 minutes par jour donnent un résultat notable en quelques mois.,Der Effekt summiert sich: Schon 10–15 Minuten täglich ergeben über Monate ein spürbares Ergebnis.,
dict,Живіт,Живіт,Vientre,Ventre,Bauch,
dict,Живіт випромінює приємне тепло.,Живіт випромінює приємне тепло.,El vientre irradia un calor agradable.,Le ventre irradie une chaleur agréable.,Der Bauch strahlt angenehme Wärme aus.,
dict,Жовтень,Жовтень,Octubre,Octobre,Oktober,
dict,Жодної затримки не зафіксовано.,Жодної затримки не зафіксовано.,No se registró ninguna retención.,Aucune apnée enregistrée.,Keine Haltezeit erfasst.,
dict,Жіноча,Жіноча,Femenino,Féminin,Weiblich,
dict,З чого почати,З чого почати,Por dónde empezar,Par où commencer,Womit anfangen,
dict,З чого почати?,З чого почати?,¿Por dónde empiezo?,Par où commencer ?,Wo fange ich an?,
dict,"За традицією допомагає відпустити негатив і запустити позитивні зміни, очистити підсвідомі блоки. Використовують як підтримку при новому старті.","За традицією допомагає відпустити негатив і запустити позитивні зміни, очистити підсвідомі блоки. Використовують як підтримку при новому старті.","Por tradición ayuda a soltar lo negativo y a poner en marcha cambios positivos, a limpiar bloqueos subconscientes. Se usa como apoyo ante un nuevo comienzo.","Par tradition, elle aide à lâcher le négatif et à lancer des changements positifs, à nettoyer les blocages subconscients. Utilisée comme soutien lors d'un nouveau départ.","Traditionell hilft sie, Negatives loszulassen und positive Veränderungen anzustoßen, unterbewusste Blockaden zu lösen. Wird als Unterstützung für einen Neuanfang genutzt.",
dict,"За традицією — детокс, ясність думок, самовираження й розвʼязання проблем. Використовують для прояснення розуму.","За традицією — детокс, ясність думок, самовираження й розвʼязання проблем. Використовують для прояснення розуму.","Por tradición: detox, claridad de pensamiento, autoexpresión y resolución de problemas. Se usa para aclarar la mente.","Par tradition : détox, clarté de pensée, expression de soi et résolution de problèmes. Utilisée pour clarifier l'esprit.","Traditionell: Detox, klare Gedanken, Selbstausdruck und Problemlösung. Wird zur Klärung des Geistes genutzt.",
dict,За традицією — підтримує регенерацію тканин та відчуття цілісності тіла. Використовують як фон для відпочинку й відновлення.,За традицією — підтримує регенерацію тканин та відчуття цілісності тіла. Використовують як фон для відпочинку й відновлення.,"Por tradición, apoya la regeneración de tejidos y la sensación de integridad corporal. Se usa como fondo para descansar y recuperarse.","Par tradition, il soutient la régénération des tissus et le sentiment d'intégrité du corps. Utilisé comme fond pour le repos et la récupération.",Traditionell unterstützt er die Geweberegeneration und das Gefühl körperlicher Ganzheit. Wird als Hintergrund für Ruhe und Erholung genutzt.,
dict,Завантаження…,Завантаження…,Cargando…,Chargement…,Wird geladen…,
dict,Завантажити фото,Завантажити фото,Subir foto,Téléverser une photo,Foto hochladen,
dict,Завдання й винагороди,Завдання й винагороди,Tareas y recompensas,Tâches et récompenses,Aufgaben und Belohnungen,
dict,Завершений,Завершений,Finalizado,Terminé,Abgeschlossen,
dict,Завершення,Завершення,Finalizar,Fin,Abschluss,
dict,Завершення холодом бадьорить,Завершення холодом бадьорить,Terminar en frío da energía,Finir par le froid énergise,Kaltes Ende macht munter,
dict,Завершено ,Завершено ,Completado ,Terminé ,Abgeschlossen ,
dict,Завершені,Завершені,Finalizados,Terminés,Abgeschlossene,
dict,"Заверши звичайний душ прохолодною, далі холодною водою. Дихай повільно й рівно, не затримуй дих від шоку. Дає бадьорість і дофамін надовго, гартує судини й імунітет.","Заверши звичайний душ прохолодною, далі холодною водою. Дихай повільно й рівно, не затримуй дих від шоку. Дає бадьорість і дофамін надовго, гартує судини й імунітет.","Termina la ducha normal con agua fresca y luego fría. Respira despacio y parejo, no aguantes la respiración por el shock. Da vitalidad y dopamina duraderas, endurece vasos e inmunidad.","Termine ta douche habituelle par de l'eau fraîche puis froide. Respire lentement et régulièrement, ne bloque pas ta respiration sous le choc. Donne vivacité et dopamine durables, endurcit vaisseaux et immunité.","Beende die normale Dusche mit kühlem, dann kaltem Wasser. Atme langsam und gleichmäßig, halte vor Schreck nicht die Luft an. Gibt anhaltende Frische und Dopamin, stärkt Gefäße und Immunität.",
dict,Завершити,Завершити,Terminar,Terminer,Beenden,
dict,Завершити затримку,Завершити затримку,Terminar la retención,Terminer l'apnée,Halten beenden,
dict,Загальна інформація про тебе. Зберігається у твоєму акаунті.,Загальна інформація про тебе. Зберігається у твоєму акаунті.,Información general sobre ti. Se guarda en tu cuenta.,Informations générales sur toi. Enregistrées dans ton compte.,Allgemeine Infos über dich. In deinem Konto gespeichert.,
dict,Загартований,Загартований,Endurecido,Endurci,Abgehärtet,
dict,Загартув.,Загартув.,Endurec.,Endurc.,Abhärt.,
dict,Загартування,Загартування,Endurecimiento,Endurcissement,Abhärtung,
dict,Заземлення,Заземлення,Enraizamiento,Ancrage,Erdung,
dict,Заземлення 5-4-3-2-1,Заземлення 5-4-3-2-1,Anclaje 5-4-3-2-1,Ancrage 5-4-3-2-1,Erdung 5-4-3-2-1,
dict,Закрити,Закрити,Cerrar,Fermer,Schließen,
dict,Закрити цю ціль? Вона перейде в закриті.,Закрити цю ціль? Вона перейде в закриті.,¿Cerrar este objetivo? Pasará a los cerrados.,Clore cet objectif ? Il passera dans les objectifs clos.,Dieses Ziel abschließen? Es wird zu den abgeschlossenen Zielen verschoben.,
dict,Закрити ціль,Закрити ціль,Cerrar objetivo,Clore l'objectif,Ziel abschließen,
dict,Закритих цілей немає.,Закритих цілей немає.,No hay objetivos cerrados.,Aucun objectif clôturé.,Keine abgeschlossenen Ziele.,
dict,Закриті цілі,Закриті цілі,Objetivos cerrados,Objectifs clôturés,Abgeschlossene Ziele,
dict,Залишилось ,Залишилось ,Restante ,Restant ,Verbleibend ,
dict,Залізний,Залізний,De hierro,De fer,Eisern,
dict,Замало,Замало,Insuficiente,Pas assez,Zu wenig,
dict,Замало для запису,Замало для запису,Muy poco para registrar,Trop court pour enregistrer,Zu kurz zum Speichern,
dict,"Занурення в холод сильно підіймає рівень норадреналіну та дофаміну, і цей підйом тримається годинами. Саме тому після холоду зʼявляється чіткість і піднесення.","Занурення в холод сильно підіймає рівень норадреналіну та дофаміну, і цей підйом тримається годинами. Саме тому після холоду зʼявляється чіткість і піднесення.","La inmersión en frío eleva mucho la noradrenalina y la dopamina, y ese aumento dura horas. Por eso tras el frío llegan la claridad y el ánimo.","L'immersion dans le froid élève fortement la noradrénaline et la dopamine, et cette hausse dure des heures. D'où la clarté et l'entrain après le froid.","Kälteeintauchen hebt Noradrenalin und Dopamin stark an, und dieser Anstieg hält Stunden an. Deshalb folgen nach der Kälte Klarheit und Aufschwung.",
dict,"Занурення у крижану воду — потужне відновлення після навантажень і тренування стійкості. Контролюй дихання, виходь, якщо німіють кінцівки або сильно трусить.","Занурення у крижану воду — потужне відновлення після навантажень і тренування стійкості. Контролюй дихання, виходь, якщо німіють кінцівки або сильно трусить.","La inmersión en agua helada es una recuperación potente tras el esfuerzo y un entrenamiento de resistencia. Controla la respiración, sal si se te entumecen las extremidades o tiritas fuerte.","L'immersion en eau glacée est une récupération puissante après l'effort et un entraînement à la résilience. Contrôle ta respiration, sors si tes extrémités s'engourdissent ou si tu trembles fort.","Eintauchen in eiskaltes Wasser ist eine kraftvolle Erholung nach Belastung und ein Resilienztraining. Kontrolliere die Atmung, steig aus, wenn Gliedmaßen taub werden oder du stark zitterst.",
dict,Запитати наставника,Запитати наставника,Preguntar al mentor,Demander au mentor,Mentor fragen,
dict,Запитати ›,Запитати ›,Preguntar ›,Demander ›,Fragen ›,
dict,Заплющ очі та зморщ усе обличчя.,Заплющ очі та зморщ усе обличчя.,Cierra los ojos y arruga toda la cara.,Ferme les yeux et plisse tout le visage.,Schließe die Augen und verziehe das ganze Gesicht.,
dict,Запросити,Запросити,Invitar,Inviter,Einladen,
dict,Запросити друга ›,Запросити друга ›,Invitar a un amigo ›,Inviter un ami ›,Einen Freund einladen ›,
dict,Запросити людину,Запросити людину,Invitar a una persona,Inviter une personne,Person einladen,
dict,Запрошення,Запрошення,Invitaciones,Invitations,Einladungen,
dict,Запрошення надіслано,Запрошення надіслано,Invitación enviada,Invitation envoyée,Einladung gesendet,
dict,Запрошення у спільноту,Запрошення у спільноту,Invitación a la comunidad,Invitation à la communauté,Einladung in die Gemeinschaft,
dict,Заряд бадьорості й дофаміну,Заряд бадьорості й дофаміну,Un chute de vitalidad y dopamina,Un shot de vivacité et de dopamine,Ein Schub Frische und Dopamin,
dict,Засинання супроводжується падінням внутрішньої температури тіла. Прохолодна спальня (близько 18–19 °C) підтримує цей процес і покращує глибину сну.,Засинання супроводжується падінням внутрішньої температури тіла. Прохолодна спальня (близько 18–19 °C) підтримує цей процес і покращує глибину сну.,Dormirse va acompañado de una caída de la temperatura corporal interna. Un dormitorio fresco (unos 18–19 °C) apoya este proceso y mejora la profundidad del sueño.,L'endormissement s'accompagne d'une baisse de la température interne. Une chambre fraîche (environ 18–19 °C) soutient ce processus et améliore la profondeur du sommeil.,Das Einschlafen geht mit einem Absinken der Körperkerntemperatur einher. Ein kühles Schlafzimmer (etwa 18–19 °C) unterstützt das und verbessert die Schlaftiefe.,
dict,Засинання та зняття тривоги,Засинання та зняття тривоги,Conciliar el sueño y aliviar la ansiedad,S'endormir et apaiser l'anxiété,Einschlafen und Angst lösen,
dict,Заспокоює розум і тіло,Заспокоює розум і тіло,Calma la mente y el cuerpo,Calme l'esprit et le corps,Beruhigt Geist und Körper,
dict,Затримай,Затримай,Retén,Retiens,Halte,
dict,Затримай на видиху,Затримай на видиху,Retén en la exhalación,Retiens sur l'expiration,Halte beim Ausatmen,
dict,Затримка 2 хв,Затримка 2 хв,Retención de 2 min,Rétention de 2 min,Atempause 2 Min,
dict,Затримка 3 хв,Затримка 3 хв,Retención de 3 min,Rétention de 3 min,Atempause 3 Min,
dict,Затримка 4 хв,Затримка 4 хв,Retención de 4 min,Rétention de 4 min,Atempause 4 Min,
dict,Затримка 5 хв,Затримка 5 хв,Retención de 5 min,Rétention de 5 min,Atempause 5 Min,
dict,Затримка 60 с,Затримка 60 с,Retención de 60 s,Rétention de 60 s,Atempause 60 s,
dict,Затримка дихання тренує толерантність до CO₂,Затримка дихання тренує толерантність до CO₂,Retener la respiración entrena la tolerancia al CO₂,Retenir sa respiration entraîne la tolérance au CO₂,Luftanhalten trainiert die CO₂-Toleranz,
dict,Затримки,Затримки,Retenciones,Apnées,Haltezeiten,
dict,Затримки тренують реакцію мозку на дискомфорт,Затримки тренують реакцію мозку на дискомфорт,Las retenciones entrenan la reacción del cerebro a la incomodidad,Les apnées entraînent la réaction du cerveau à l'inconfort,Haltezeiten trainieren die Hirnreaktion auf Unbehagen,
dict,Заявлена регенерація тканин і підтримка імунітету. Традиційна інтерпретація без клінічних даних.,Заявлена регенерація тканин і підтримка імунітету. Традиційна інтерпретація без клінічних даних.,Se afirma regeneración de tejidos y apoyo inmune. Interpretación tradicional sin datos clínicos.,Régénération des tissus et soutien immunitaire allégués. Interprétation traditionnelle sans données cliniques.,Behauptet werden Geweberegeneration und Immununterstützung. Traditionelle Deutung ohne klinische Daten.,
dict,Заявлений зв'язок з інтуїцією й «духовним порядком». Основа суто езотерична.,Заявлений зв'язок з інтуїцією й «духовним порядком». Основа суто езотерична.,"Se afirma un vínculo con la intuición y el ""orden espiritual"". Base puramente esotérica.",Lien allégué avec l'intuition et l'« ordre spirituel ». Base purement ésotérique.,Behaupteter Bezug zu Intuition und „spiritueller Ordnung“. Rein esoterische Grundlage.,
dict,Заявлений зв'язок зі стосунками й комунікацією («серцева чакра»). Без емпіричної перевірки.,Заявлений зв'язок зі стосунками й комунікацією («серцева чакра»). Без емпіричної перевірки.,"Se afirma un vínculo con las relaciones y la comunicación (""chakra del corazón""). Sin verificación empírica.",Lien allégué avec les relations et la communication (« chakra du cœur »). Sans vérification empirique.,Behaupteter Bezug zu Beziehungen und Kommunikation („Herzchakra“). Ohne empirische Prüfung.,
dict,Зберегти,Зберегти,Guardar,Enregistrer,Speichern,
dict,Зберегти новий пароль,Зберегти новий пароль,Guardar la nueva contraseña,Enregistrer le nouveau mot de passe,Neues Passwort speichern,
dict,Зберегти оцінку,Зберегти оцінку,Guardar valoración,Enregistrer la note,Bewertung speichern,
dict,Зберегти пароль,Зберегти пароль,Guardar contraseña,Enregistrer le mot de passe,Passwort speichern,
dict,Збереження…,Збереження…,Guardando…,Enregistrement…,Speichern…,
dict,Збережено,Збережено,Guardado,Enregistré,Gespeichert,
dict,Збережено в календар,Збережено в календар,Guardado en el calendario,Enregistré au calendrier,Im Kalender gespeichert,
dict,Збережено ✓,Збережено ✓,Guardado ✓,Enregistré ✓,Gespeichert ✓,
dict,Звання,Звання,Rango,Rang,Rang,
dict,Звання відкриваються за рівнями — кожні 3 рівні новий ранг.,Звання відкриваються за рівнями — кожні 3 рівні новий ранг.,Los títulos se desbloquean por niveles: un nuevo rango cada 3 niveles.,Les titres se débloquent par niveaux — un nouveau rang tous les 3 niveaux.,Titel schalten sich nach Level frei — alle 3 Level ein neuer Rang.,
dict,Зверни увагу на 1 смак у роті або згадай улюблений.,Зверни увагу на 1 смак у роті або згадай улюблений.,Fíjate en 1 sabor en la boca o recuerda uno favorito.,Remarque 1 goût dans ta bouche ou rappelle-toi un goût préféré.,Achte auf 1 Geschmack im Mund oder erinnere dich an einen Lieblingsgeschmack.,
dict,Звичка,Звичка,Hábito,Habitude,Gewohnheit,
dict,Звички,Звички,Hábitos,Habitudes,Gewohnheiten,
dict,Звички (зриви),Звички (зриви),Hábitos (recaídas),Habitudes (rechutes),Gewohnheiten (Rückfälle),
dict,Звички (обери одну чи кілька),Звички (обери одну чи кілька),Hábitos (elige uno o varios),Habitudes (choisis-en une ou plusieurs),Gewohnheiten (wähle eine oder mehrere),
dict,Звички сьогодні,Звички сьогодні,Hábitos de hoy,Habitudes d'aujourd'hui,Gewohnheiten heute,
dict,Звички: ,Звички: ,Hábitos: ,Habitudes : ,Gewohnheiten: ,
dict,Звук дихання,Звук дихання,Sonido de respiración,Son de respiration,Atemgeräusch,
dict,Звуки природи,Звуки природи,Sonidos de la naturaleza,Sons de la nature,Naturgeräusche,
dict,Звукові підказки (вдих/видих),Звукові підказки (вдих/видих),Señales sonoras (inhala/exhala),Repères sonores (inspire/expire),Ton-Hinweise (ein/aus),
dict,"Звідки береться твій рівень, звання й очки навичок.","Звідки береться твій рівень, звання й очки навичок.","De dónde vienen tu nivel, tu rango y tus puntos de habilidad.","D'où viennent ton niveau, ton rang et tes points de compétence.","Woher dein Level, dein Rang und deine Fähigkeitspunkte kommen.",
dict,"Звідси відкриваються практики: дихання, холод, вправи, частоти, антистрес. У демо їх можна роздивитись, а проходити — вже зі своїм акаунтом.","Звідси відкриваються практики: дихання, холод, вправи, частоти, антистрес. У демо їх можна роздивитись, а проходити — вже зі своїм акаунтом.","Desde aquí se abren las prácticas: respiración, frío, ejercicios, frecuencias, antiestrés. En la demo puedes verlas; para hacerlas, ya con tu propia cuenta.","D'ici s'ouvrent les pratiques : respiration, froid, exercices, fréquences, anti-stress. En démo, tu peux les regarder ; pour les faire — avec ton propre compte.","Von hier aus öffnen sich die Praktiken: Atmung, Kälte, Übungen, Frequenzen, Anti-Stress. In der Demo kannst du sie ansehen; um sie zu machen — mit deinem eigenen Konto.",
dict,Здоровʼя плечей,Здоровʼя плечей,Salud de los hombros,Santé des épaules,Gesundheit der Schultern,
dict,Зміна пароля,Зміна пароля,Cambio de contraseña,Changement de mot de passe,Passwort ändern,
dict,Змінити оцінку дня,Змінити оцінку дня,Cambiar la valoración del día,Modifier la note du jour,Tagesbewertung ändern,
dict,"Знайди 3 відчуття дотику: одяг на шкірі, опора під тобою, температура повітря.","Знайди 3 відчуття дотику: одяг на шкірі, опора під тобою, температура повітря.","Encuentra 3 sensaciones táctiles: la ropa sobre la piel, el apoyo bajo ti, la temperatura del aire.","Trouve 3 sensations de toucher : les vêtements sur la peau, l'appui sous toi, la température de l'air.","Finde 3 Tastempfindungen: die Kleidung auf der Haut, die Stütze unter dir, die Lufttemperatur.",
dict,Знання,Знання,Conocimiento,Savoir,Wissen,
dict,Знижує запалення,Знижує запалення,Reduce la inflamación,Réduit l'inflammation,Senkt Entzündungen,
dict,Знижує стрес і тривогу,Знижує стрес і тривогу,Reduce el estrés y la ansiedad,Réduit le stress et l'anxiété,Senkt Stress und Angst,
dict,Знижує тривожність,Знижує тривожність,Reduce la ansiedad,Réduit l'anxiété,Senkt die Ängstlichkeit,
dict,Знімає м'язову напругу й тривогу,Знімає м'язову напругу й тривогу,Alivia la tensión muscular y la ansiedad,Relâche la tension musculaire et l'anxiété,Löst Muskelanspannung und Angst,
dict,Зосереджений,Зосереджений,Concentrado,Concentré,Konzentriert,
dict,Зрив,Зрив,Recaída,Rechute,Rückfall,
dict,Зрив сьогодні ✓,Зрив сьогодні ✓,Recaída hoy ✓,Rechute aujourd'hui ✓,Rückfall heute ✓,
dict,Зрив ✓,Зрив ✓,Recaída ✓,Rechute ✓,Rückfall ✓,
dict,Зривів,Зривів,Recaídas,Rechutes,Rückfälle,
dict,Зроби кілька практик — і тут з'явиться твоя динаміка.,Зроби кілька практик — і тут з'явиться твоя динаміка.,Haz unas prácticas y aquí aparecerá tu evolución.,Fais quelques pratiques — et ta tendance apparaîtra ici.,Mach ein paar Praktiken — und hier erscheint dein Verlauf.,
dict,"Зроби першу практику — і твої навички почнуть рости, а рівень підійматися.","Зроби першу практику — і твої навички почнуть рости, а рівень підійматися.",Haz tu primera práctica y tus habilidades empezarán a crecer y tu nivel a subir.,"Fais ta première pratique — et tes compétences se mettront à grandir, et ton niveau à monter.",Mach deine erste Praxis — und deine Fähigkeiten beginnen zu wachsen und dein Level zu steigen.,
dict,Зручний інструмент для денного перезавантаження або після короткого сну вночі. 10–20 хвилин зазвичай достатньо.,Зручний інструмент для денного перезавантаження або після короткого сну вночі. 10–20 хвилин зазвичай достатньо.,Una herramienta práctica para un reinicio diurno o tras una noche corta. 10–20 minutos suelen bastar.,Un outil pratique pour une remise à zéro en journée ou après une nuit courte. 10–20 minutes suffisent en général.,Ein praktisches Werkzeug für einen Reset am Tag oder nach einer kurzen Nacht. 10–20 Minuten reichen meist.,
dict,Зручно перед стресовою ситуацією,Зручно перед стресовою ситуацією,Útil antes de una situación estresante,Pratique avant une situation stressante,Praktisch vor einer Stresssituation,
dict,"Зріст, см","Зріст, см","Altura, cm","Taille, cm","Größe, cm",
dict,Зупинити,Зупинити,Detener,Arrêter,Stoppen,
dict,Зцілювальна музика,Зцілювальна музика,Música sanadora,Musique de guérison,Heilmusik,
dict,Зігни руки в ліктях і напруж передпліччя.,Зігни руки в ліктях і напруж передпліччя.,Dobla los codos y tensa los antebrazos.,Plie les coudes et contracte les avant-bras.,Beuge die Ellbogen und spanne die Unterarme an.,
dict,"Йому приписують гармонізацію, зменшення стресу й навіть «відновлення ДНК». Найчастіше використовують для медитації, вдячності та спокою.","Йому приписують гармонізацію, зменшення стресу й навіть «відновлення ДНК». Найчастіше використовують для медитації, вдячності та спокою.","Se le atribuyen armonización, reducción del estrés e incluso ""reparación del ADN"". Se usa sobre todo para meditación, gratitud y calma.","On lui prête harmonisation, réduction du stress et même « réparation de l'ADN ». Surtout utilisé pour la méditation, la gratitude et le calme.","Ihm werden Harmonisierung, Stressreduktion und sogar „DNA-Reparatur“ zugeschrieben. Am häufigsten für Meditation, Dankbarkeit und Ruhe genutzt.",
dict,"Йому приписують зв'язок із інтуїцією та відчуттям єдності, активацію «шишковидної залози». Для глибокої медитації й тиші розуму.","Йому приписують зв'язок із інтуїцією та відчуттям єдності, активацію «шишковидної залози». Для глибокої медитації й тиші розуму.","Se le atribuye un vínculo con la intuición y la sensación de unidad, y la activación de la ""glándula pineal"". Para meditación profunda y silencio mental.","On lui prête un lien avec l'intuition et un sentiment d'unité, ainsi que l'activation de la « glande pinéale ». Pour une méditation profonde et le silence de l'esprit.",Ihm wird ein Bezug zu Intuition und Einheitsgefühl sowie die Aktivierung der „Zirbeldrüse“ zugeschrieben. Für tiefe Meditation und Stille des Geistes.,
dict,Календар,Календар,Calendario,Calendrier,Kalender,
dict,Календар і аналіз,Календар і аналіз,Calendario y análisis,Calendrier et analyse,Kalender und Analyse,
dict,Календар — активність,Календар — активність,Calendario — actividad,Calendrier — activité,Kalender — Aktivität,
dict,Кардіо,Кардіо,Cardio,Cardio,Cardio,
dict,Кардіо тренування,Кардіо тренування,Entrenamiento de cardio,Entraînement cardio,Cardio-Training,
dict,Категорія,Категорія,Categoría,Catégorie,Kategorie,
dict,Категорія навички,Категорія навички,Categoría de habilidad,Catégorie de compétence,Fähigkeitskategorie,
dict,Квадратне,Квадратне,En caja,Carrée,Box,
dict,Квадратне дихання,Квадратне дихання,Respiración en caja,Respiration carrée,Box-Atmung,
dict,"Квадратне дихання 4-4-4-4 (вдих-затримка-видих-затримка). Швидко заспокоює й повертає контроль. Ідеально перед співбесідою, складною розмовою чи коли нервуєш.","Квадратне дихання 4-4-4-4 (вдих-затримка-видих-затримка). Швидко заспокоює й повертає контроль. Ідеально перед співбесідою, складною розмовою чи коли нервуєш.","Respiración en caja 4-4-4-4 (inhala-retén-exhala-retén). Calma rápido y devuelve el control. Ideal antes de una entrevista, una charla difícil o en momentos de nerviosismo.","Respiration carrée 4-4-4-4 (inspire-retiens-expire-retiens). Calme vite et redonne le contrôle. Idéale avant un entretien, une conversation difficile ou en cas de nervosité.","Box-Atmung 4-4-4-4 (ein-halten-aus-halten). Beruhigt schnell und gibt die Kontrolle zurück. Ideal vor einem Gespräch, einer schwierigen Unterhaltung oder wenn du nervös bist.",
dict,Квітень,Квітень,Abril,Avril,April,
dict,Керована увага по тілу,Керована увага по тілу,Atención guiada por el cuerpo,Attention guidée à travers le corps,Geführte Aufmerksamkeit durch den Körper,
dict,Керована увага по тілу зверху вниз.,Керована увага по тілу зверху вниз.,Atención guiada por el cuerpo de arriba abajo.,"Attention guidée à travers le corps, de haut en bas.",Geführte Aufmerksamkeit durch den Körper von oben nach unten.,
dict,"Кероване розслаблення лежачи поповнює ресурс, навіть якщо ти не заснув.","Кероване розслаблення лежачи поповнює ресурс, навіть якщо ти не заснув.","La relajación guiada tumbado repone recursos, aunque no te duermas.","La relaxation guidée allongé recharge, même sans t'endormir.","Geführte Entspannung im Liegen füllt die Reserven auf, auch ohne einzuschlafen.",
dict,Керований дискомфорт тренує самовладання,Керований дискомфорт тренує самовладання,La incomodidad controlada entrena el autocontrol,L'inconfort maîtrisé entraîne la maîtrise de soi,Kontrolliertes Unbehagen trainiert Selbstbeherrschung,
dict,Кисті рук,Кисті рук,Manos,Mains,Hände,
dict,Клас,Клас,Clase,Classe,Klasse,
dict,Клас: ,Клас: ,Clase: ,Classe : ,Klasse: ,
dict,Клас: Споглядач розуму,Клас: Споглядач розуму,Clase: Contemplador de la mente,Classe : Contemplateur de l'esprit,Klasse: Betrachter des Geistes,
dict,Класи,Класи,Clases,Classes,Klassen,
dict,"Ключ — поступовість і регулярність, а не екстремальність. Кілька хвилин достатньо.","Ключ — поступовість і регулярність, а не екстремальність. Кілька хвилин достатньо.","La clave es la gradualidad y la regularidad, no los extremos. Bastan unos minutos.","La clé, c'est la progressivité et la régularité, pas l'extrême. Quelques minutes suffisent.","Der Schlüssel ist Schrittweise und Regelmäßigkeit, nicht Extreme. Ein paar Minuten genügen.",
dict,Ключове,Ключове,Lo esencial,L'essentiel,Das Wichtigste,
dict,"Клінічних доказів немає — це практика наміру, а не медицина.","Клінічних доказів немає — це практика наміру, а не медицина.","No hay pruebas clínicas — es una práctica de intención, no medicina.","Aucune preuve clinique — c'est une pratique d'intention, pas de la médecine.","Keine klinischen Belege — es ist eine Praktik der Absicht, keine Medizin.",
dict,Книга,Книга,Libro,Livre,Buch,
dict,Книги,Книги,Libros,Livres,Bücher,
dict,Когерентне дихання,Когерентне дихання,Respiración coherente,Respiration cohérente,Kohärente Atmung,
dict,"Когерентне дихання ~5,5 за хвилину","Когерентне дихання ~5,5 за хвилину","Respiración coherente ~5,5 por minuto","Respiration cohérente ~5,5 par minute","Kohärente Atmung ~5,5 pro Minute",
dict,"Когерентне дихання ~5,5 с вдих і видих максимізує HRV — показник стресостійкості. Гарна щоденна 5-хвилинна база.","Когерентне дихання ~5,5 с вдих і видих максимізує HRV — показник стресостійкості. Гарна щоденна 5-хвилинна база.","La respiración coherente, ~5,5 s de inhalación y exhalación, maximiza la VFC, un indicador de resistencia al estrés. Una buena base diaria de 5 minutos.","La respiration cohérente, ~5,5 s à l'inspiration et à l'expiration, maximise la VFC — un indicateur de résistance au stress. Une bonne base quotidienne de 5 minutes.","Kohärente Atmung, ~5,5 s Ein- und Ausatmen, maximiert die HRV — ein Indikator für Stressresistenz. Eine gute tägliche 5-Minuten-Basis.",
dict,Кожен день із практикою позначено — так наочно видно твою серію й ритм занять.,Кожен день із практикою позначено — так наочно видно твою серію й ритм занять.,"Cada día con práctica está marcado, así se ve con claridad tu racha y tu ritmo.",Chaque jour avec une pratique est marqué — ainsi ta série et ton rythme sont bien visibles.,Jeder Tag mit Praxis ist markiert — so sind deine Serie und dein Rhythmus deutlich sichtbar.,
dict,Кожна практика лишає слід.,Кожна практика лишає слід.,Cada práctica deja huella.,Chaque pratique laisse une trace.,Jede Praktik hinterlässt eine Spur.,
dict,Кожна практика розподіляє зароблені очки між навичками за фіксованим вектором — тому одна дія може качати кілька навичок водночас.,Кожна практика розподіляє зароблені очки між навичками за фіксованим вектором — тому одна дія може качати кілька навичок водночас.,"Cada práctica reparte los puntos ganados entre las habilidades según un vector fijo, por eso una sola acción puede mejorar varias habilidades a la vez.",Chaque pratique répartit les points gagnés entre les compétences selon un vecteur fixe — une seule action peut donc développer plusieurs compétences à la fois.,Jede Praxis verteilt die verdienten Punkte nach einem festen Vektor auf die Fähigkeiten — deshalb kann eine Handlung mehrere Fähigkeiten zugleich trainieren.,
dict,"Кожна реальна практика — дихання Віма Хофа, холод, статичні вправи, медитація, частоти, читання — перетворюється на досвід (XP) гілок розвитку, рівні й ранги. Окрема механіка «Воля» винагороджує сталість.","Кожна реальна практика — дихання Віма Хофа, холод, статичні вправи, медитація, частоти, читання — перетворюється на досвід (XP) гілок розвитку, рівні й ранги. Окрема механіка «Воля» винагороджує сталість.","Cada práctica real — respiración Wim Hof, frío, ejercicios estáticos, meditación, frecuencias, lectura — se convierte en experiencia (XP) de ramas de desarrollo, niveles y rangos. Una mecánica aparte, ""Voluntad"", premia la constancia.","Chaque pratique réelle — respiration Wim Hof, froid, exercices statiques, méditation, fréquences, lecture — se transforme en expérience (XP) des branches de développement, niveaux et rangs. Une mécanique à part, « Volonté », récompense la régularité.","Jede echte Praktik — Wim-Hof-Atmung, Kälte, statische Übungen, Meditation, Frequenzen, Lesen — wird zu Erfahrung (XP) für Entwicklungszweige, Level und Ränge. Eine eigene Mechanik „Wille“ belohnt Beständigkeit.",
dict,Кожні 3 рівні відкривається нове звання — твій титул за витримку:,Кожні 3 рівні відкривається нове звання — твій титул за витримку:,Cada 3 niveles se desbloquea un nuevo rango: tu título por la perseverancia:,"Tous les 3 niveaux, un nouveau rang se débloque — ton titre pour la persévérance :",Alle 3 Level schaltet sich ein neuer Rang frei — dein Titel für Ausdauer:,
dict,Коли закінчується,Коли закінчується,Cuándo termina,Quand ça se termine,Wann es endet,
dict,Коло навичок: кожна практика дає очки досвіду й піднімає відповідну гілку. Твій рівень залежить від найдовшої серії практики поспіль.,Коло навичок: кожна практика дає очки досвіду й піднімає відповідну гілку. Твій рівень залежить від найдовшої серії практики поспіль.,Rueda de habilidades: cada práctica da puntos de experiencia y sube la rama correspondiente. Tu nivel depende de tu racha más larga de práctica seguida.,Roue de compétences : chaque pratique donne des points d'expérience et fait monter la branche correspondante. Ton niveau dépend de ta plus longue série de pratique d'affilée.,Fähigkeitsrad: Jede Praxis gibt Erfahrungspunkte und hebt den passenden Zweig. Dein Level hängt von deiner längsten Serie von Praxis am Stück ab.,
dict,Коло скілів,Коло скілів,Rueda de habilidades,Roue de compétences,Fähigkeitsrad,
dict,Коментар…,Коментар…,Comentario…,Commentaire…,Kommentar…,
dict,Контраст: тепло й холод по черзі,Контраст: тепло й холод по черзі,Contraste: calor y frío alternos,Contraste : chaud et froid en alternance,Kontrast: Wärme und Kälte im Wechsel,
dict,Контрастний душ,Контрастний душ,Ducha de contraste,Douche de contraste,Wechseldusche,
dict,Контрастні процедури (сауна/гаряча вода → холод) активно перемикають судини й нервову систему. Багато людей відзначають бадьорість і кращий настрій.,Контрастні процедури (сауна/гаряча вода → холод) активно перемикають судини й нервову систему. Багато людей відзначають бадьорість і кращий настрій.,Los procedimientos de contraste (sauna/agua caliente → frío) conmutan activamente los vasos y el sistema nervioso. Muchas personas notan vitalidad y mejor ánimo.,Les procédés de contraste (sauna/eau chaude → froid) commutent activement les vaisseaux et le système nerveux. Beaucoup ressentent vivacité et meilleure humeur.,Kontrastanwendungen (Sauna/heißes Wasser → Kälte) schalten Gefäße und Nervensystem aktiv um. Viele bemerken Frische und bessere Stimmung.,
dict,"Кор, стабільність, витривалість","Кор, стабільність, витривалість","Core, estabilidad, resistencia","Gainage, stabilité, endurance","Core, Stabilität, Ausdauer",
dict,Користь — у спокійному усвідомленому слуханні,Користь — у спокійному усвідомленому слуханні,El beneficio está en escuchar con calma y atención,Le bénéfice tient à une écoute calme et consciente,"Der Nutzen liegt im ruhigen, bewussten Hören",
dict,"Коротко, чесно й з джерелами. Обери тему.","Коротко, чесно й з джерелами. Обери тему.","Breve, honesto y con fuentes. Elige un tema.","Bref, honnête et sourcé. Choisis un sujet.","Kurz, ehrlich und mit Quellen. Wähle ein Thema.",
dict,Коротко: що вплинуло на цей день?,Коротко: що вплинуло на цей день?,En breve: ¿qué marcó este día?,En bref : qu'est-ce qui a marqué cette journée ?,Kurz: Was hat diesen Tag geprägt?,
dict,"Короткі перерви, погляд удалечінь і природа відновлюють концентрацію.","Короткі перерви, погляд удалечінь і природа відновлюють концентрацію.","Las pausas cortas, mirar a lo lejos y la naturaleza recuperan la concentración.","De courtes pauses, regarder au loin et la nature restaurent la concentration.","Kurze Pausen, der Blick in die Ferne und Natur stellen die Konzentration wieder her.",
dict,Крижана ванна,Крижана ванна,Baño de hielo,Bain de glace,Eisbad,
dict,"Кілька кроків, щоб застосунок ожив і почав рахувати твій прогрес.","Кілька кроків, щоб застосунок ожив і почав рахувати твій прогрес.",Unos pasos para que la app cobre vida y empiece a contar tu progreso.,Quelques étapes pour que l'application prenne vie et commence à compter ta progression.,"Ein paar Schritte, damit die App lebendig wird und deinen Fortschritt zu zählen beginnt.",
dict,Ласкаво просимо,Ласкаво просимо,Te damos la bienvenida,Bienvenue,Willkommen,
dict,Легенда,Легенда,Leyenda,Légende,Legende,
dict,Легкі дофамінові піки притуплюють драйв,Легкі дофамінові піки притуплюють драйв,Los picos fáciles de dopamina embotan el impulso,Les pics faciles de dopamine émoussent l'élan,Leichte Dopamin-Spitzen dämpfen den Antrieb,
dict,Липень,Липень,Julio,Juillet,Juli,
dict,Лист із посиланням для скидання пароля надіслано на пошту.,Лист із посиланням для скидання пароля надіслано на пошту.,Se ha enviado a tu correo un enlace para restablecer la contraseña.,Un lien de réinitialisation du mot de passe a été envoyé à ton e-mail.,Ein Link zum Zurücksetzen des Passworts wurde an deine E-Mail gesendet.,
dict,Листопад,Листопад,Noviembre,Novembre,November,
dict,Лови денне світло у перші години,Лови денне світло у перші години,Capta luz del día en las primeras horas,Capte la lumière du jour dans les premières heures,Fang Tageslicht in den ersten Stunden,
dict,Лютий,Лютий,Febrero,Février,Februar,
dict,"Ляж або сядь зручно, заплющ очі. Кілька спокійних вдихів.","Ляж або сядь зручно, заплющ очі. Кілька спокійних вдихів.","Túmbate o siéntate cómodamente, cierra los ojos. Unas cuantas respiraciones tranquilas.","Allonge-toi ou assieds-toi confortablement, ferme les yeux. Quelques respirations calmes.","Leg oder setz dich bequem hin, schließe die Augen. Ein paar ruhige Atemzüge.",
dict,"Ляж зручно, заплющ очі. Дихай спокійно.","Ляж зручно, заплющ очі. Дихай спокійно.","Túmbate cómodamente, cierra los ojos. Respira con calma.","Allonge-toi confortablement, ferme les yeux. Respire calmement.","Leg dich bequem hin, schließe die Augen. Atme ruhig.",
dict,Літри,Літри,Litros,Litres,Liter,
dict,"М'яко напруж шию, легко притиснувши підборіддя до грудей.","М'яко напруж шию, легко притиснувши підборіддя до грудей.",Tensa suavemente el cuello presionando ligeramente el mentón contra el pecho.,Contracte doucement le cou en pressant légèrement le menton contre la poitrine.,Spanne den Nacken sanft an und drücke das Kinn leicht zur Brust.,
dict,МЕНТАЛЬНІСТЬ,МЕНТАЛЬНІСТЬ,MENTE,MENTAL,GEIST,
dict,Майже там,Майже там,Casi lo tienes,Presque là,Fast geschafft,
dict,Максимальний рівень,Максимальний рівень,Nivel máximo,Niveau maximum,Maximales Level,
dict,Максимум ,Максимум ,Máximo ,Maximum ,Maximum ,
dict,Малі вибірки — висновки попередні,Малі вибірки — висновки попередні,Muestras pequeñas — conclusiones preliminares,Petits échantillons — conclusions préliminaires,Kleine Stichproben — vorläufige Schlüsse,
dict,Матеріал не знайдено.,Матеріал не знайдено.,Material no encontrado.,Contenu introuvable.,Material nicht gefunden.,
dict,Має відносно найкращу наукову підтримку серед усіх тут.,Має відносно найкращу наукову підтримку серед усіх тут.,Tiene relativamente el mejor apoyo científico de todo lo de aquí.,Il a relativement le meilleur appui scientifique de tout ce qui figure ici.,Hat vergleichsweise die beste wissenschaftliche Unterstützung von allem hier.,
dict,"Медитативне дихання (4-7-8, когерентне, квадратне), частоти, а також частина дихання Віма Хофа й холоду.","Медитативне дихання (4-7-8, когерентне, квадратне), частоти, а також частина дихання Віма Хофа й холоду.","Respiración meditativa (4-7-8, coherente, cuadrada), frecuencias, además de parte de la respiración Wim Hof y del frío.","Respiration méditative (4-7-8, cohérente, carrée), fréquences, ainsi qu'une partie du souffle Wim Hof et du froid.","Meditatives Atmen (4-7-8, kohärent, Box), Frequenzen sowie ein Teil der Wim-Hof-Atmung und der Kälte.",
dict,"Медитативний стан, глибока релаксація, REM-сон. ~6 Гц асоціюють з входженням у медитацію.","Медитативний стан, глибока релаксація, REM-сон. ~6 Гц асоціюють з входженням у медитацію.","Estado meditativo, relajación profunda, sueño REM. Se asocia ~6 Hz con entrar en meditación.","État méditatif, relaxation profonde, sommeil paradoxal. On associe ~6 Hz à l'entrée en méditation.","Meditativer Zustand, tiefe Entspannung, REM-Schlaf. ~6 Hz wird mit dem Eintritt in die Meditation assoziiert.",
dict,Медитація,Медитація,Meditación,Méditation,Meditation,
dict,Ментальність,Ментальність,Mente,Mental,Geist,
dict,Ментальність · ,Ментальність · ,Mente · ,Mental · ,Geist · ,
dict,Ментальність випереджає тіло,Ментальність випереджає тіло,La mente va por delante del cuerpo,Le mental devance le corps,Der Geist liegt vor dem Körper,
dict,Меню,Меню,Menú,Menu,Menü,
dict,Мета,Мета,Meta,Cible,Zielwert,
dict,"Мета — не розвага, а система, що тримає тебе в практиці щодня й показує реальний поступ.","Мета — не розвага, а система, що тримає тебе в практиці щодня й показує реальний поступ.","La meta no es el entretenimiento, sino un sistema que te mantiene practicando cada día y muestra un progreso real.","Le but n'est pas le divertissement, mais un système qui te maintient en pratique chaque jour et montre un progrès réel.","Das Ziel ist keine Unterhaltung, sondern ein System, das dich täglich in der Praktik hält und echten Fortschritt zeigt.",
dict,Метод Віма Хофа,Метод Віма Хофа,Método Wim Hof,Méthode Wim Hof,Wim-Hof-Methode,
dict,Метод Віма Хофа та інші затримки дихання. (Дихання також на 40% живить Спокій.),Метод Віма Хофа та інші затримки дихання. (Дихання також на 40% живить Спокій.),El método Wim Hof y otras retenciones de la respiración. (La respiración también nutre un 40% la Calma.),La méthode Wim Hof et autres rétentions du souffle. (Le souffle nourrit aussi la Sérénité à 40%.),Die Wim-Hof-Methode und andere Atempausen. (Der Atem speist auch zu 40% die Ruhe.),
dict,"Метод Віма Хофа: 3 раунди по ~30 інтенсивних дихань, потім затримка на видиху скільки комфортно.","Метод Віма Хофа: 3 раунди по ~30 інтенсивних дихань, потім затримка на видиху скільки комфортно.","Método Wim Hof: 3 rondas de ~30 respiraciones intensas, luego retén en la exhalación lo que resulte cómodo.","Méthode Wim Hof : 3 tours de ~30 respirations intenses, puis rétention sur l'expiration tant que c'est confortable.","Wim-Hof-Methode: 3 Runden mit je ~30 intensiven Atemzügen, dann Atempause beim Ausatmen, so lange es angenehm ist.",
dict,"Метод Віма Хофа: ~3 раунди по 30 інтенсивних дихань, далі затримка на видиху скільки комфортно. Дає енергію, стійкість до стресу й холоду. Не роби у воді чи стоячи. Початок — 30 дихань, 1–2 раунди.","Метод Віма Хофа: ~3 раунди по 30 інтенсивних дихань, далі затримка на видиху скільки комфортно. Дає енергію, стійкість до стресу й холоду. Не роби у воді чи стоячи. Початок — 30 дихань, 1–2 раунди.","Método Wim Hof: ~3 rondas de 30 respiraciones intensas, luego retención en la exhalación cuanto sea cómodo. Da energía y resistencia al estrés y al frío. No lo hagas en el agua ni de pie. Empieza con 30 respiraciones, 1–2 rondas.","Méthode Wim Hof : ~3 rounds de 30 respirations intenses, puis rétention sur l'expiration tant que c'est confortable. Donne énergie et résistance au stress et au froid. Ne le fais pas dans l'eau ni debout. Débute avec 30 respirations, 1–2 rounds.","Wim-Hof-Methode: ~3 Runden mit je 30 intensiven Atemzügen, dann Halten beim Ausatmen, so lange es angenehm ist. Gibt Energie, Widerstand gegen Stress und Kälte. Nicht im Wasser oder im Stehen. Start: 30 Atemzüge, 1–2 Runden.",
dict,Метод Віма Хофа: що показують дослідження,Метод Віма Хофа: що показують дослідження,Método Wim Hof: qué muestran los estudios,Méthode Wim Hof : ce que montrent les études,Wim-Hof-Methode: Was Studien zeigen,
dict,"Метод поєднує гіпервентиляцію, затримки й холод — кожен компонент діє по-своєму. Більшість користі досі пояснюється стресостійкістю та спокоєм, а не «надздібностями».","Метод поєднує гіпервентиляцію, затримки й холод — кожен компонент діє по-своєму. Більшість користі досі пояснюється стресостійкістю та спокоєм, а не «надздібностями».","El método combina hiperventilación, retenciones y frío — cada parte actúa de forma distinta. La mayor parte del beneficio se explica aún por la resiliencia al estrés y la calma, no por ""superpoderes"".","La méthode combine hyperventilation, apnées et froid — chaque partie agit à sa façon. L'essentiel des bienfaits s'explique encore par la résistance au stress et le calme, pas par des « superpouvoirs ».","Die Methode verbindet Hyperventilation, Haltezeiten und Kälte — jeder Teil wirkt anders. Der Großteil des Nutzens erklärt sich weiterhin durch Stressresistenz und Ruhe, nicht durch „Superkräfte“.",
dict,Метрика,Метрика,Métrica,Métrique,Metrik,
dict,Мова,Мова,Idioma,Langue,Sprache,
dict,Мова інтерфейсу,Мова інтерфейсу,Idioma de la interfaz,Langue de l'interface,Sprache der Oberfläche,
dict,Мова інтерфейсу та меню швидкого доступу.,Мова інтерфейсу та меню швидкого доступу.,Idioma de la interfaz y menú de acceso rápido.,Langue de l'interface et menu d'accès rapide.,Sprache der Oberfläche und Schnellzugriffsmenü.,
dict,Можливий бонус для артеріального тиску,Можливий бонус для артеріального тиску,Posible beneficio para la presión arterial,Bonus possible pour la tension artérielle,Möglicher Bonus für den Blutdruck,
dict,Можна робити будь-де,Можна робити будь-де,Se puede hacer en cualquier lugar,Peut se faire n'importe où,Überall machbar,
dict,Мої ноги важкі.,Мої ноги важкі.,Mis piernas están pesadas.,Mes jambes sont lourdes.,Meine Beine sind schwer.,
dict,Мої ноги теплі.,Мої ноги теплі.,Mis piernas están cálidas.,Mes jambes sont chaudes.,Meine Beine sind warm.,
dict,Мої руки важкі.,Мої руки важкі.,Mis brazos están pesados.,Mes bras sont lourds.,Meine Arme sind schwer.,
dict,Мої руки теплі.,Мої руки теплі.,Mis brazos están cálidos.,Mes bras sont chauds.,Meine Arme sind warm.,
dict,Мої цілі,Мої цілі,Mis objetivos,Mes objectifs,Meine Ziele,
dict,Музика,Музика,Música,Musique,Musik,
dict,Музика по частотах,Музика по частотах,Música por frecuencias,Musique par fréquences,Frequenzmusik,
dict,Мій прогрес,Мій прогрес,Mi progreso,Ma progression,Mein Fortschritt,
dict,М’яко прогнись назад або вийди в місток лише в межах комфорту. Без болю в попереку. Тримай і рівно дихай.,М’яко прогнись назад або вийди в місток лише в межах комфорту. Без болю в попереку. Тримай і рівно дихай.,Arquéate suavemente hacia atrás o entra en puente solo dentro de tu comodidad. Sin dolor lumbar. Mantén y respira de forma uniforme.,Cambre-toi doucement en arrière ou passe en pont uniquement dans la limite du confort. Sans douleur lombaire. Tiens et respire régulièrement.,"Beuge dich sanft nach hinten oder gehe in die Brücke, nur im Rahmen des Komforts. Ohne Schmerzen im unteren Rücken. Halte und atme gleichmäßig.",
dict,На Головну,На Головну,A Inicio,Vers l'accueil,Zur Startseite,
dict,"На відміну від білого жиру, бура тканина виробляє тепло, спалюючи енергію. Холод її активує й може дещо збільшувати її кількість.","На відміну від білого жиру, бура тканина виробляє тепло, спалюючи енергію. Холод її активує й може дещо збільшувати її кількість.","A diferencia de la grasa blanca, la parda produce calor quemando energía. El frío la activa y puede aumentar algo su cantidad.","Contrairement à la graisse blanche, la brune produit de la chaleur en brûlant de l'énergie. Le froid l'active et peut en augmenter un peu la quantité.","Anders als weißes Fett erzeugt braunes Gewebe Wärme, indem es Energie verbrennt. Kälte aktiviert es und kann seine Menge etwas erhöhen.",
dict,"На частоті близько 0,1 Гц (приблизно 5,5 вдиху-видиху за хвилину) ритми серця й дихання входять у резонанс, і HRV помітно зростає. Це маркер гнучкості автономної нервової системи.","На частоті близько 0,1 Гц (приблизно 5,5 вдиху-видиху за хвилину) ритми серця й дихання входять у резонанс, і HRV помітно зростає. Це маркер гнучкості автономної нервової системи.","A una frecuencia de unos 0,1 Hz (aproximadamente 5,5 respiraciones por minuto), los ritmos del corazón y la respiración entran en resonancia y la VFC aumenta notablemente. Es un marcador de la flexibilidad del sistema nervioso autónomo.","À une fréquence d'environ 0,1 Hz (à peu près 5,5 respirations par minute), les rythmes du cœur et de la respiration entrent en résonance et la VFC augmente nettement. C'est un marqueur de la flexibilité du système nerveux autonome.","Bei einer Frequenz von etwa 0,1 Hz (ungefähr 5,5 Atemzüge pro Minute) geraten Herz- und Atemrhythmus in Resonanz, und die HRV steigt deutlich. Das ist ein Marker für die Flexibilität des autonomen Nervensystems.",
dict,Навігація та практики,Навігація та практики,Navegación y prácticas,Navigation et pratiques,Navigation und Praktiken,
dict,Навіщо цей застосунок,Навіщо цей застосунок,Para qué esta app,À quoi sert cette appli,Wozu diese App,
dict,Нагадування,Нагадування,Recordatorios,Rappels,Erinnerungen,
dict,Нагадування вимкнено,Нагадування вимкнено,Recordatorios desactivados,Rappels désactivés,Erinnerungen aus,
dict,Нагадування на пошту,Нагадування на пошту,Recordatorios por correo,Rappels par e-mail,E-Mail-Erinnerungen,
dict,Нагадування увімкнено,Нагадування увімкнено,Recordatorios activados,Rappels activés,Erinnerungen an,
dict,Надсилаю…,Надсилаю…,Enviando…,Envoi…,Senden…,
dict,Надіслано,Надіслано,Enviado,Envoyé,Gesendet,
dict,Назад,Назад,Atrás,Retour,Zurück,
dict,Назва,Назва,Nombre,Nom,Name,
dict,Назва звички,Назва звички,Nombre del hábito,Nom de l'habitude,Name der Gewohnheit,
dict,Назва книги *,Назва книги *,Título del libro *,Titre du livre *,Buchtitel *,
dict,Назва розмови:,Назва розмови:,Nombre de la conversación:,Nom de la conversation :,Name der Unterhaltung:,
dict,Назва спільноти,Назва спільноти,Nombre de la comunidad,Nom de la communauté,Name der Gemeinschaft,
dict,Назва цілі,Назва цілі,Nombre del objetivo,Nom de l'objectif,Name des Ziels,
dict,"Назви (подумки або вголос) 5 речей, які зараз бачиш. Розглянь деталі: кольори, форми, тіні.","Назви (подумки або вголос) 5 речей, які зараз бачиш. Розглянь деталі: кольори, форми, тіні.","Nombra (mentalmente o en voz alta) 5 cosas que ves ahora. Observa los detalles: colores, formas, sombras.","Nomme (mentalement ou à voix haute) 5 choses que tu vois maintenant. Observe les détails : couleurs, formes, ombres.","Benenne (still oder laut) 5 Dinge, die du jetzt siehst. Betrachte die Details: Farben, Formen, Schatten.",
dict,Назви 2 запахи. Якщо зараз не чуєш — згадай 2 улюблені.,Назви 2 запахи. Якщо зараз не чуєш — згадай 2 улюблені.,"Nombra 2 olores. Si ahora no percibes ninguno, recuerda 2 favoritos.","Nomme 2 odeurs. Si tu n'en sens aucune maintenant, rappelle-toi 2 préférées.",Benenne 2 Gerüche. Wenn du gerade keinen wahrnimmst — erinnere dich an 2 Lieblingsgerüche.,
dict,"Найвищий тон Solfeggio, «частота пробудження».","Найвищий тон Solfeggio, «частота пробудження».","El tono Solfeggio más alto, la ""frecuencia del despertar"".","Le ton Solfeggio le plus élevé, la « fréquence de l'éveil ».","Der höchste Solfeggio-Ton, die „Frequenz des Erwachens“.",
dict,"Найвищий тон, «частота богів»; заявляють активацію шишковидної залози. Без підтверджених механізмів.","Найвищий тон, «частота богів»; заявляють активацію шишковидної залози. Без підтверджених механізмів.","El tono más alto, la ""frecuencia de los dioses""; se afirma que activa la glándula pineal. Sin mecanismos confirmados.","Le ton le plus élevé, « fréquence des dieux » ; on prétend qu'il active la glande pinéale. Sans mécanismes confirmés.","Der höchste Ton, „Frequenz der Götter“; angeblich aktiviert er die Zirbeldrüse. Ohne bestätigte Mechanismen.",
dict,"Найкраща інвестиція — у себе. 1 хв практики = 1 очко досвіду. Тут видно, як інвестиція робить тебе кращим.","Найкраща інвестиція — у себе. 1 хв практики = 1 очко досвіду. Тут видно, як інвестиція робить тебе кращим.",La mejor inversión eres tú. 1 min de práctica = 1 punto de experiencia. Aquí ves cómo esa inversión te mejora.,"Le meilleur investissement, c'est toi. 1 min de pratique = 1 point d'expérience. Ici, tu vois comment cet investissement te rend meilleur.","Die beste Investition bist du selbst. 1 Min. Praktik = 1 Erfahrungspunkt. Hier siehst du, wie diese Investition dich besser macht.",
dict,Найкраще досліджений діапазон: невелике дослідження показало покращення пам'яті й концентрації при 40 Гц.,Найкраще досліджений діапазон: невелике дослідження показало покращення пам'яті й концентрації при 40 Гц.,El rango mejor estudiado: un estudio pequeño mostró mejoras de memoria y concentración a 40 Hz.,La gamme la mieux étudiée : une petite étude a montré une amélioration de la mémoire et de la concentration à 40 Hz.,Der am besten untersuchte Bereich: Eine kleine Studie zeigte bei 40 Hz bessere Gedächtnis- und Konzentrationsleistung.,
dict,Найнижчий діапазон мозкових хвиль. Малі дослідження пов'язують стимуляцію ~3 Гц з глибоким сном і фізичним відновленням.,Найнижчий діапазон мозкових хвиль. Малі дослідження пов'язують стимуляцію ~3 Гц з глибоким сном і фізичним відновленням.,El rango más bajo de ondas cerebrales. Estudios pequeños vinculan la estimulación de ~3 Hz con el sueño profundo y la recuperación física.,La gamme la plus basse des ondes cérébrales. De petites études lient la stimulation à ~3 Hz au sommeil profond et à la récupération physique.,Der niedrigste Bereich der Hirnwellen. Kleine Studien verbinden eine Stimulation von ~3 Hz mit Tiefschlaf und körperlicher Erholung.,
dict,Найнижчий тон шкали Solfeggio.,Найнижчий тон шкали Solfeggio.,El tono más bajo de la escala Solfeggio.,Le ton le plus bas de la gamme Solfeggio.,Der tiefste Ton der Solfeggio-Skala.,
dict,"Найповільніші мозкові хвилі (0,5–4 Гц), що домінують у глибокому сні без сновидінь.","Найповільніші мозкові хвилі (0,5–4 Гц), що домінують у глибокому сні без сновидінь.","Las ondas cerebrales más lentas (0,5–4 Hz), dominantes en el sueño profundo sin sueños.","Les ondes cérébrales les plus lentes (0,5–4 Hz), dominantes dans le sommeil profond sans rêves.","Die langsamsten Gehirnwellen (0,5–4 Hz), die im tiefen, traumlosen Schlaf dominieren.",
dict,"Найпопулярніший тон Solfeggio, «частота любові».","Найпопулярніший тон Solfeggio, «частота любові».","El tono Solfeggio más popular, la ""frecuencia del amor"".","Le ton Solfeggio le plus populaire, la « fréquence de l'amour ».","Der beliebteste Solfeggio-Ton, die „Frequenz der Liebe“.",
dict,"Найпопулярніший тон, «частота любові» / «ДНК-репарація». Маркетинговий міф без підтвердженого механізму.","Найпопулярніший тон, «частота любові» / «ДНК-репарація». Маркетинговий міф без підтвердженого механізму.","El tono más popular, la ""frecuencia del amor"" / ""reparación del ADN"". Un mito de marketing sin mecanismo confirmado.","Le ton le plus populaire, « fréquence de l'amour » / « réparation de l'ADN ». Un mythe marketing sans mécanisme confirmé.","Der beliebteste Ton, „Frequenz der Liebe“ / „DNA-Reparatur“. Ein Marketingmythos ohne bestätigten Mechanismus.",
dict,"Найшвидші хвилі (~40 Гц), повʼязані з піковою увагою й обробкою інформації.","Найшвидші хвилі (~40 Гц), повʼязані з піковою увагою й обробкою інформації.","Las ondas más rápidas (~40 Hz), ligadas a la atención máxima y al procesamiento de información.","Les ondes les plus rapides (~40 Hz), liées à l'attention maximale et au traitement de l'information.","Die schnellsten Wellen (~40 Hz), verbunden mit Spitzenaufmerksamkeit und Informationsverarbeitung.",
dict,Налаштування,Налаштування,Ajustes,Réglages,Einstellungen,
dict,"Напр. Резонанс, Макс, Наставниця","Напр. Резонанс, Макс, Наставниця","P. ej. Resonancia, Max, Mentora","P. ex. Résonance, Max, Mentor","z. B. Resonanz, Max, Mentorin",
dict,Напруж м'язи преса.,Напруж м'язи преса.,Tensa los músculos abdominales.,Contracte les muscles abdominaux.,Spanne die Bauchmuskeln an.,
dict,Напруж м'язи стегон.,Напруж м'язи стегон.,Tensa los músculos de los muslos.,Contracte les muscles des cuisses.,Spanne die Oberschenkelmuskeln an.,
dict,Наразі немає активних подій.,Наразі немає активних подій.,Por ahora no hay eventos activos.,Aucun événement actif pour le moment.,Derzeit keine aktiven Ereignisse.,
dict,Наразі немає актуальних подій.,Наразі немає актуальних подій.,Por ahora no hay eventos actuales.,Aucun événement actuel pour le moment.,Derzeit keine aktuellen Ereignisse.,
dict,Нарощуй поступово,Нарощуй поступово,Aumenta poco a poco,Augmente progressivement,Steigere dich schrittweise,
dict,Наставник,Наставник,Mentor,Mentor,Mentor,
dict,Наставник (ШІ),Наставник (ШІ),Mentor (IA),Mentor (IA),Mentor (KI),
dict,Наступний раунд ось-ось почнеться,Наступний раунд ось-ось почнеться,La siguiente ronda está por empezar,Le prochain tour va commencer,Die nächste Runde beginnt gleich,
dict,Науковий аналітик,Науковий аналітик,Analista científico,Analyste scientifique,Wissenschaftlicher Analyst,
dict,Наукових даних немає.,Наукових даних немає.,No hay datos científicos.,Aucune donnée scientifique.,Keine wissenschaftlichen Daten.,
dict,Наукових доказів специфічного впливу немає. Але спокійна музика й усвідомлене слухання самі по собі розслабляють.,Наукових доказів специфічного впливу немає. Але спокійна музика й усвідомлене слухання самі по собі розслабляють.,No hay pruebas científicas de un efecto específico. Pero la música tranquila y la escucha consciente ya relajan por sí solas.,Aucune preuve scientifique d'un effet spécifique. Mais une musique calme et une écoute consciente détendent déjà en soi.,Kein wissenschaftlicher Beleg für eine spezifische Wirkung. Aber ruhige Musik und bewusstes Hören entspannen an sich.,
dict,Наукових підтверджень немає; цінність — у налаштуванні уваги.,Наукових підтверджень немає; цінність — у налаштуванні уваги.,No hay confirmación científica; el valor está en enfocar la atención.,Aucune confirmation scientifique ; la valeur tient au réglage de l'attention.,Keine wissenschaftliche Bestätigung; der Wert liegt im Ausrichten der Aufmerksamkeit.,
dict,Нд,Нд,Do,Di,So,
dict,Не вдалося,Не вдалося,No se pudo,Échec,Fehlgeschlagen,
dict,Не вдалося (увійди),Не вдалося (увійди),No se pudo (inicia sesión),Échec (connecte-toi),Fehlgeschlagen (melde dich an),
dict,"Не вдалося завантажити профіль. Можливо, треба увійти.","Не вдалося завантажити профіль. Можливо, треба увійти.",No se pudo cargar el perfil. Quizá tengas que iniciar sesión.,Impossible de charger le profil. Il faut peut-être te connecter.,Profil konnte nicht geladen werden. Vielleicht musst du dich anmelden.,
dict,Не вдалося завантажити стан.,Не вдалося завантажити стан.,No se pudo cargar el estado.,Impossible de charger l'état.,Status konnte nicht geladen werden.,
dict,Не вдалося завантажити.,Не вдалося завантажити.,No se pudo cargar.,Impossible de charger.,Konnte nicht laden.,
dict,"Не вдалося завантажити. Можливо, треба увійти.","Не вдалося завантажити. Можливо, треба увійти.",No se pudo cargar. Quizá tengas que iniciar sesión.,Impossible de charger. Il faut peut-être te connecter.,Konnte nicht laden. Vielleicht musst du dich anmelden.,
dict,Не вдалося зберегти,Не вдалося зберегти,No se pudo guardar,Impossible d'enregistrer,Konnte nicht speichern,
dict,Не вдалося надіслати листа.,Не вдалося надіслати листа.,No se pudo enviar el correo.,Impossible d'envoyer l'e-mail.,E-Mail konnte nicht gesendet werden.,
dict,Не вдалося обробити фото,Не вдалося обробити фото,No se pudo procesar la foto,Impossible de traiter la photo,Foto konnte nicht verarbeitet werden,
dict,Не вдалося оновити пароль.,Не вдалося оновити пароль.,No se pudo actualizar la contraseña.,Impossible de mettre à jour le mot de passe.,Passwort konnte nicht aktualisiert werden.,
dict,"Не вдалося прочитати прогрес — можливо, треба увійти.","Не вдалося прочитати прогрес — можливо, треба увійти.",No se pudo leer el progreso — quizá haya que iniciar sesión.,Impossible de lire la progression — il faut peut-être se connecter.,Fortschritt konnte nicht gelesen werden — vielleicht musst du dich anmelden.,
dict,Не вдалося створити,Не вдалося створити,No se pudo crear,Impossible de créer,Konnte nicht erstellt werden,
dict,Не вживаєш з ,Не вживаєш з ,Limpio desde ,Propre depuis ,Sauber seit ,
dict,Не вийшло,Не вийшло,No funcionó,Ça n'a pas marché,Hat nicht geklappt,
dict,Не втрать серію,Не втрать серію,No pierdas la racha,Ne perds pas ta série,Verlier deine Serie nicht,
dict,Не затримуй дихання під час утримання,Не затримуй дихання під час утримання,No aguantes la respiración durante la retención,Ne bloque pas ta respiration pendant le maintien,Halte während der Haltung nicht die Luft an,
dict,Не затримуй дихання різко в холоді,Не затримуй дихання різко в холоді,No retengas la respiración de golpe en el frío,Ne retiens pas ta respiration brusquement dans le froid,Halte im Kalten nicht abrupt die Luft an,
dict,Не збережено,Не збережено,No guardado,Non enregistré,Nicht gespeichert,
dict,Не збережено (немає зʼєднання чи входу),Не збережено (немає зʼєднання чи входу),No guardado (sin conexión o sin sesión),Non enregistré (pas de connexion ni de session),Nicht gespeichert (keine Verbindung oder Anmeldung),
dict,Не знаєш з чого почати?,Не знаєш з чого почати?,¿No sabes por dónde empezar?,Tu ne sais pas par où commencer ?,"Weißt du nicht, wo du anfangen sollst?",
dict,Не пам'ятаєш пароль?,Не пам'ятаєш пароль?,¿Olvidaste la contraseña?,Mot de passe oublié ?,Passwort vergessen?,
dict,"Не поспішай. На кожному кроці справді знайди названу кількість речей, перш ніж іти далі.","Не поспішай. На кожному кроці справді знайди названу кількість речей, перш ніж іти далі.","No te apresures. En cada paso, encuentra de verdad el número indicado de cosas antes de continuar.","Ne te presse pas. À chaque étape, trouve vraiment le nombre indiqué de choses avant de continuer.","Beeil dich nicht. Finde bei jedem Schritt wirklich die genannte Anzahl an Dingen, bevor du weitergehst.",
dict,"Не практикуй у воді, за кермом або стоячи. Можливе запаморочення.","Не практикуй у воді, за кермом або стоячи. Можливе запаморочення.","No practiques en el agua, al conducir ni de pie. Puede dar mareo.","Ne pratique pas dans l'eau, au volant ni debout. Des vertiges sont possibles.","Übe nicht im Wasser, am Steuer oder im Stehen. Schwindel ist möglich.",
dict,Невпинний,Невпинний,Incansable,Infatigable,Unermüdlich,
dict,Невідома практика.,Невідома практика.,Práctica desconocida.,Pratique inconnue.,Unbekannte Praktik.,
dict,Невірна дата,Невірна дата,Fecha no válida,Date invalide,Ungültiges Datum,
dict,Невірна пошта або пароль.,Невірна пошта або пароль.,Correo o contraseña incorrectos.,E-mail ou mot de passe incorrect.,Falsche E-Mail oder falsches Passwort.,
dict,Незворушний,Незворушний,Imperturbable,Imperturbable,Unerschütterlich,
dict,Незламна Воля,Незламна Воля,Voluntad inquebrantable,Volonté inébranlable,Unbeugsamer Wille,
dict,Незламний,Незламний,Inquebrantable,Inébranlable,Unbeugsam,
dict,Немає акаунту? Зареєструватися,Немає акаунту? Зареєструватися,¿No tienes cuenta? Regístrate,Pas de compte ? Inscris-toi,Kein Konto? Registrieren,
dict,Немає активних челенджів,Немає активних челенджів,No hay retos activos,Aucun défi actif,Keine aktiven Challenges,
dict,Немає активності.,Немає активності.,Sin actividad.,Aucune activité.,Keine Aktivität.,
dict,Немає записів,Немає записів,Sin registros,Aucun enregistrement,Keine Einträge,
dict,Немає звичок. Додай їх у розділі «Звички».,Немає звичок. Додай їх у розділі «Звички».,No hay hábitos. Añádelos en la sección «Hábitos».,Aucune habitude. Ajoute-les dans la section « Habitudes ».,Keine Gewohnheiten. Füge sie im Bereich „Gewohnheiten“ hinzu.,
dict,Немає нових запрошень.,Немає нових запрошень.,No hay invitaciones nuevas.,Aucune nouvelle invitation.,Keine neuen Einladungen.,
dict,Немає нових сповіщень.,Немає нових сповіщень.,No hay notificaciones nuevas.,Aucune nouvelle notification.,Keine neuen Benachrichtigungen.,
dict,Немає оцінки за цей день.,Немає оцінки за цей день.,No hay valoración para este día.,Aucune note pour cette journée.,Keine Bewertung für diesen Tag.,
dict,Немає оцінок,Немає оцінок,Sin valoraciones,Aucune note,Keine Bewertungen,
dict,Немає челенджів,Немає челенджів,No hay retos,Aucun défi,Keine Challenges,
dict,"Нижня панель навігації. Перетягуй за ≡, щоб задати свій порядок. До 6 пунктів.","Нижня панель навігації. Перетягуй за ≡, щоб задати свій порядок. До 6 пунктів.",Barra de navegación inferior. Arrastra por ≡ para fijar tu orden. Hasta 6 elementos.,Barre de navigation du bas. Fais glisser par ≡ pour définir ton ordre. Jusqu'à 6 éléments.,"Untere Navigationsleiste. Zieh am ≡, um deine Reihenfolge festzulegen. Bis zu 6 Einträge.",
dict,"Нижня панель навігації. Утримай пункт і перетягни, щоб змінити порядок. До 4 у меню — решта у бічній панелі.","Нижня панель навігації. Утримай пункт і перетягни, щоб змінити порядок. До 4 у меню — решта у бічній панелі.",Barra de navegación inferior. Mantén pulsado un elemento y arrástralo para reordenar. Hasta 4 en el menú; el resto en el panel lateral.,Barre de navigation inférieure. Appuie longuement sur un élément et fais-le glisser pour réordonner. Jusqu'à 4 dans le menu — le reste dans le panneau latéral.,"Untere Navigationsleiste. Halte einen Eintrag gedrückt und ziehe ihn, um die Reihenfolge zu ändern. Bis zu 4 im Menü — der Rest in der Seitenleiste.",
dict,"Нижня панель навігації. Утримай пункт і перетягни, щоб змінити порядок. До 6 пунктів.","Нижня панель навігації. Утримай пункт і перетягни, щоб змінити порядок. До 6 пунктів.",Barra de navegación inferior. Mantén pulsado un elemento y arrástralo para reordenar. Hasta 6 elementos.,Barre de navigation inférieure. Appuie longuement sur un élément et fais-le glisser pour réordonner. Jusqu'à 6 éléments.,"Untere Navigationsleiste. Halte einen Eintrag gedrückt und ziehe ihn, um die Reihenfolge zu ändern. Bis zu 6 Einträge.",
dict,"Нижче видно, скільки відсотків кожної практики йде в яку навичку.","Нижче видно, скільки відсотків кожної практики йде в яку навичку.",Abajo puedes ver qué porcentaje de cada práctica va a cada habilidad.,"Ci-dessous, tu peux voir quel pourcentage de chaque pratique va à quelle compétence.","Unten siehst du, wie viel Prozent jeder Praxis in welche Fähigkeit geht.",
dict,Нова винагорода,Нова винагорода,Nueva recompensa,Nouvelle récompense,Neue Belohnung,
dict,Нова книга,Нова книга,Nuevo libro,Nouveau livre,Neues Buch,
dict,Нова розмова,Нова розмова,Nueva conversación,Nouvelle conversation,Neue Unterhaltung,
dict,Нова ціль,Нова ціль,Nuevo objetivo,Nouvel objectif,Neues Ziel,
dict,Новачок,Новачок,Novato,Novice,Neuling,
dict,Нове завдання,Нове завдання,Nueva tarea,Nouvelle tâche,Neue Aufgabe,
dict,Новий пароль,Новий пароль,Nueva contraseña,Nouveau mot de passe,Neues Passwort,
dict,Новий рівень!,Новий рівень!,¡Nuevo nivel!,Nouveau niveau !,Neues Level!,
dict,Новий челендж,Новий челендж,Nuevo reto,Nouveau défi,Neue Challenge,
dict,Новини,Новини,Novedades,Actualités,Neuigkeiten,
dict,Норадреналін і дофамін ростуть надовго,Норадреналін і дофамін ростуть надовго,La noradrenalina y la dopamina suben por horas,Noradrénaline et dopamine montent longtemps,Noradrenalin und Dopamin steigen lange an,
dict,Нотатка,Нотатка,Nota,Note,Notiz,
dict,Нотатки,Нотатки,Notas,Notes,Notizen,
dict,Нікого не знайдено.,Нікого не знайдено.,No se encontró a nadie.,Personne trouvé.,Niemand gefunden.,
dict,Ніколи не практикуй у воді чи за кермом,Ніколи не практикуй у воді чи за кермом,Nunca practiques en el agua ni al conducir,Ne pratique jamais dans l'eau ni au volant,Übe niemals im Wasser oder am Steuer,
dict,Нікотин,Нікотин,Nicotina,Nicotine,Nikotin,
dict,Нікотин і Алкоголь: 100 дн без зривів,Нікотин і Алкоголь: 100 дн без зривів,Nicotina y Alcohol: 100 días sin recaídas,Nicotine et Alcool : 100 jours sans rechute,Nikotin und Alkohol: 100 Tage ohne Rückfall,
dict,Нічого не знайдено.,Нічого не знайдено.,No se encontró nada.,Rien trouvé.,Nichts gefunden.,
dict,Об'єм порції,Об'єм порції,Tamaño de la porción,Taille de la portion,Portionsgröße,
dict,"Обери практику — таймер поведе тебе крок за кроком. У демо їх можна роздивитись, а проходити — вже зі своїм акаунтом.","Обери практику — таймер поведе тебе крок за кроком. У демо їх можна роздивитись, а проходити — вже зі своїм акаунтом.","Elige una práctica: el temporizador te guiará paso a paso. En la demo puedes verlas; para hacerlas, ya con tu propia cuenta.","Choisis une pratique — le minuteur te guidera pas à pas. En démo, tu peux les regarder ; pour les faire — avec ton propre compte.",Wähle eine Praxis — der Timer führt dich Schritt für Schritt. In der Demo kannst du sie ansehen; um sie zu machen — mit deinem eigenen Konto.,
dict,Обери техніку — кожна веде на свою сторінку з описом і таймером.,Обери техніку — кожна веде на свою сторінку з описом і таймером.,Elige una técnica: cada una abre su página con descripción y temporizador.,Choisis une technique : chacune ouvre sa page avec description et minuteur.,Wähle eine Technik — jede führt zu ihrer Seite mit Beschreibung und Timer.,
dict,Обери формат — кожен веде на свою сторінку з описом і таймером.,Обери формат — кожен веде на свою сторінку з описом і таймером.,Elige un formato: cada uno abre su página con descripción y temporizador.,Choisis un format : chacun ouvre sa page avec description et minuteur.,Wähle ein Format — jedes führt zu seiner Seite mit Beschreibung und Timer.,
dict,Обери хоча б один розділ,Обери хоча б один розділ,Elige al menos una sección,Choisis au moins une section,Wähle mindestens einen Abschnitt,
dict,"Обери частоту — на сторінці буде опис, користь і кілька треків у YouTube Music на вибір.","Обери частоту — на сторінці буде опис, користь і кілька треків у YouTube Music на вибір.","Elige una frecuencia: la página tiene descripción, beneficios y varios temas de YouTube Music para elegir.","Choisis une fréquence : la page a une description, des bienfaits et quelques titres YouTube Music au choix.","Wähle eine Frequenz — die Seite hat Beschreibung, Nutzen und ein paar YouTube-Music-Titel zur Auswahl.",
dict,"Обери, що включити у звіт:","Обери, що включити у звіт:",Elige qué incluir en el informe:,Choisis ce qu'il faut inclure dans le rapport :,"Wähle, was in den Bericht aufgenommen wird:",
dict,Оберіть хоча б одну звичку,Оберіть хоча б одну звичку,Elige al menos un hábito,Choisis au moins une habitude,Wähle mindestens eine Gewohnheit,
dict,Обличчя,Обличчя,Cara,Visage,Gesicht,
dict,Обміняти,Обміняти,Canjear,Échanger,Einlösen,
dict,Обід,Обід,Mediodía,Midi,Mittag,
dict,Оглянути в демо режимі,Оглянути в демо режимі,Explorar en modo demo,Explorer en mode démo,Im Demo-Modus erkunden,
dict,Одна практика підтримає серію.,Одна практика підтримає серію.,Una práctica mantiene la racha.,Une pratique maintient la série.,Eine Praktik hält die Serie.,
dict,Однаковий час підйому щодня стабілізує циркадний ритм сильніше за ґаджети.,Однаковий час підйому щодня стабілізує циркадний ритм сильніше за ґаджети.,Levantarse a la misma hora cada día estabiliza el ritmo circadiano más que los gadgets.,Se lever à la même heure chaque jour stabilise le rythme circadien plus que les gadgets.,Dieselbe Aufstehzeit täglich stabilisiert den zirkadianen Rhythmus stärker als Gadgets.,
dict,Окремо від рівня ти заробляєш очки навичок: 1 хвилина практики = 1 очко. Кожна практика розподіляє очки між навичками за фіксованим вектором — одна дія може качати кілька навичок водночас.,Окремо від рівня ти заробляєш очки навичок: 1 хвилина практики = 1 очко. Кожна практика розподіляє очки між навичками за фіксованим вектором — одна дія може качати кілька навичок водночас.,"Aparte del nivel, ganas puntos de habilidad: 1 minuto de práctica = 1 punto. Cada práctica reparte los puntos entre las habilidades según un vector fijo: una sola acción puede mejorar varias habilidades a la vez.","Indépendamment du niveau, tu gagnes des points de compétence : 1 minute de pratique = 1 point. Chaque pratique répartit les points entre les compétences selon un vecteur fixe — une seule action peut développer plusieurs compétences à la fois.",Unabhängig vom Level verdienst du Fähigkeitspunkte: 1 Minute Praxis = 1 Punkt. Jede Praxis verteilt die Punkte nach einem festen Vektor auf die Fähigkeiten — eine Handlung kann mehrere Fähigkeiten zugleich trainieren.,
dict,Олександр,Олександр,Alejandro,Alexandre,Alexander,
dict,Оновити оцінку,Оновити оцінку,Actualizar valoración,Mettre à jour la note,Bewertung aktualisieren,
dict,Опиши свій стан або проблему — наставник підкаже крок.,Опиши свій стан або проблему — наставник підкаже крок.,Describe tu estado o problema y el mentor te sugerirá un paso.,Décris ton état ou ton problème — le mentor te proposera une étape.,Beschreibe deinen Zustand oder dein Problem — der Mentor schlägt einen Schritt vor.,
dict,"Опора на одне передпліччя, тіло боком у пряму лінію. Таз не провисає. Зроби обидві сторони.","Опора на одне передпліччя, тіло боком у пряму лінію. Таз не провисає. Зроби обидві сторони.","Apóyate en un antebrazo, el cuerpo de lado en línea recta. La cadera no se hunde. Haz ambos lados.","Appuie-toi sur un avant-bras, le corps de côté en ligne droite. Le bassin ne s'affaisse pas. Fais les deux côtés.","Stütze dich auf einen Unterarm, der Körper seitlich in einer geraden Linie. Das Becken sackt nicht ab. Mach beide Seiten.",
dict,Орієнтир спальні — близько 18–19 °C,Орієнтир спальні — близько 18–19 °C,Referencia para el dormitorio: unos 18–19 °C,Repère pour la chambre : environ 18–19 °C,Richtwert fürs Schlafzimmer — etwa 18–19 °C,
dict,Орієнтир — 5–6 дихань за хвилину,Орієнтир — 5–6 дихань за хвилину,Referencia — 5–6 respiraciones por minuto,Repère — 5–6 respirations par minute,Richtwert — 5–6 Atemzüge pro Minute,
dict,Орієнтир: вдих 4 — видих 6,Орієнтир: вдих 4 — видих 6,Referencia: inhala 4 — exhala 6,Repère : inspire 4 — expire 6,Richtwert: 4 ein — 6 aus,
dict,Основний трек,Основний трек,Pista principal,Piste principale,Haupttitel,
dict,"Особисті цілі з автоматичним прогресом — він рахується сам із твоїх практик, звичок і книг.","Особисті цілі з автоматичним прогресом — він рахується сам із твоїх практик, звичок і книг.","Objetivos personales con progreso automático: se cuenta solo a partir de tus prácticas, hábitos y libros.","Objectifs personnels avec progression automatique — elle se compte d'elle-même à partir de tes pratiques, habitudes et livres.","Persönliche Ziele mit automatischem Fortschritt — er zählt sich selbst aus deinen Praktiken, Gewohnheiten und Büchern.",
dict,Особисті цілі з автоматичним прогресом.,Особисті цілі з автоматичним прогресом.,Objetivos personales con progreso automático.,Objectifs personnels avec progression automatique.,Persönliche Ziele mit automatischem Fortschritt.,
dict,"Особисті цілі, прогрес яких рахується автоматично — з твоїх практик, звичок і книг. На головній показуються активні цілі.","Особисті цілі, прогрес яких рахується автоматично — з твоїх практик, звичок і книг. На головній показуються активні цілі.","Objetivos personales cuyo progreso se cuenta automáticamente: de tus prácticas, hábitos y libros. La pantalla principal muestra los objetivos activos.","Des objectifs personnels dont la progression est comptée automatiquement — à partir de tes pratiques, habitudes et livres. L'écran d'accueil affiche les objectifs actifs.","Persönliche Ziele, deren Fortschritt automatisch gezählt wird — aus deinen Praktiken, Gewohnheiten und Büchern. Der Startbildschirm zeigt die aktiven Ziele.",
dict,Останні 14 днів,Останні 14 днів,Últimos 14 días,14 derniers jours,Letzte 14 Tage,
dict,Останні 7 днів,Останні 7 днів,Últimos 7 días,7 derniers jours,Letzte 7 Tage,
dict,Отримано 🎉,Отримано 🎉,Reclamado 🎉,Obtenu 🎉,Erhalten 🎉,
dict,Отримані,Отримані,Reclamadas,Obtenues,Erhaltene,
dict,Отримати,Отримати,Reclamar,Obtenir,Erhalten,
dict,Отримувати нагадування,Отримувати нагадування,Recibir recordatorios,Recevoir des rappels,Erinnerungen erhalten,
dict,Оціни день у три періоди за 100-бальною шкалою.,Оціни день у три періоди за 100-бальною шкалою.,Valora el día en tres períodos en una escala de 100 puntos.,Note la journée en trois périodes sur une échelle de 100 points.,Bewerte den Tag in drei Abschnitten auf einer 100-Punkte-Skala.,
dict,Оціни кілька днів — і тут з'явиться динаміка твого самопочуття.,Оціни кілька днів — і тут з'явиться динаміка твого самопочуття.,Valora unos días y aquí aparecerá la evolución de cómo te sientes.,Note quelques jours — et la tendance de ton ressenti apparaîtra ici.,Bewerte ein paar Tage — und hier erscheint der Verlauf deines Befindens.,
dict,Оціни свій день,Оціни свій день,Valora tu día,Note ta journée,Bewerte deinen Tag,
dict,Оцінити день,Оцінити день,Valorar el día,Noter la journée,Tag bewerten,
dict,Оцінка,Оцінка,Valoración,Note,Bewertung,
dict,Оцінка дня,Оцінка дня,Valoración del día,Note du jour,Tagesbewertung,
dict,Оцінка сьогодні,Оцінка сьогодні,Valoración de hoy,Note d'aujourd'hui,Heutige Bewertung,
dict,Оцінки,Оцінки,Valoraciones,Notes,Bewertungen,
dict,Оцінки · 7 днів,Оцінки · 7 днів,Valoraciones · 7 días,Notes · 7 jours,Bewertungen · 7 Tage,
dict,Оцінки днів,Оцінки днів,Valoraciones de los días,Notes des jours,Tagesbewertungen,
dict,Оцінки по днях,Оцінки по днях,Valoraciones por día,Notes par jour,Bewertungen nach Tagen,
dict,Оцінки по днях з коментарем,Оцінки по днях з коментарем,Valoraciones por día con comentario,Notes par jour avec commentaire,Bewertungen nach Tagen mit Kommentar,
dict,Оцінки і коментарі,Оцінки і коментарі,Valoraciones y comentarios,Notes et commentaires,Bewertungen und Kommentare,
dict,Оцінку збережено,Оцінку збережено,Valoración guardada,Note enregistrée,Bewertung gespeichert,
dict,"Оцінюй самопочуття вранці, вдень і ввечері — і бачитимеш динаміку за тиждень, а наставник враховуватиме її в порадах.","Оцінюй самопочуття вранці, вдень і ввечері — і бачитимеш динаміку за тиждень, а наставник враховуватиме її в порадах.","Valora cómo te sientes por la mañana, al mediodía y por la tarde, y verás la evolución de la semana; el mentor la tendrá en cuenta en sus consejos.","Note ton ressenti le matin, à midi et le soir — tu verras la tendance de la semaine, et le mentor en tiendra compte dans ses conseils.","Bewerte dein Befinden morgens, mittags und abends — du siehst den Wochenverlauf, und der Mentor berücksichtigt ihn in seinen Tipps.",
dict,Очки навичок,Очки навичок,Puntos de habilidad,Points de compétence,Fähigkeitspunkte,
dict,Пам'ять,Пам'ять,Memoria,Mémoire,Gedächtnis,
dict,Пароль,Пароль,Contraseña,Mot de passe,Passwort,
dict,Пароль має бути від 6 символів.,Пароль має бути від 6 символів.,La contraseña debe tener al menos 6 caracteres.,Le mot de passe doit comporter au moins 6 caractères.,Das Passwort muss mindestens 6 Zeichen haben.,
dict,Пароль має бути від 8 символів.,Пароль має бути від 8 символів.,La contraseña debe tener al menos 8 caracteres.,Le mot de passe doit comporter au moins 8 caractères.,Das Passwort muss mindestens 8 Zeichen haben.,
dict,Пароль оновлено.,Пароль оновлено.,Contraseña actualizada.,Mot de passe mis à jour.,Passwort aktualisiert.,
dict,Пауза,Пауза,Pausa,Pause,Pause,
dict,Передпліччя,Передпліччя,Antebrazos,Avant-bras,Unterarme,
dict,"Передпліччя й носки на підлозі, тіло — пряма лінія від голови до пʼят. Не провисай у попереку, дихай рівно. Тримай, скільки можеш із гарною технікою.","Передпліччя й носки на підлозі, тіло — пряма лінія від голови до пʼят. Не провисай у попереку, дихай рівно. Тримай, скільки можеш із гарною технікою.","Antebrazos y puntas de los pies en el suelo, el cuerpo en línea recta de la cabeza a los talones. No hundas la zona lumbar, respira parejo. Mantén todo lo que puedas con buena técnica.","Avant-bras et pointes de pieds au sol, le corps en ligne droite de la tête aux talons. Ne creuse pas le bas du dos, respire régulièrement. Tiens aussi longtemps que possible avec une bonne technique.","Unterarme und Fußspitzen am Boden, Körper eine gerade Linie von Kopf bis Ferse. Nicht im unteren Rücken durchhängen, gleichmäßig atmen. Halte, so lange du mit guter Technik kannst.",
dict,Перейменувати,Перейменувати,Renombrar,Renommer,Umbenennen,
dict,Перейти до Розвитку,Перейти до Розвитку,Ir a Desarrollo,Aller au Développement,Zur Entwicklung,
dict,Перейти до Цілей ›,Перейти до Цілей ›,Ir a Objetivos ›,Aller aux Objectifs ›,Zu den Zielen ›,
dict,Перша вправа,Перша вправа,Primer ejercicio,Premier exercice,Erste Übung,
dict,Перша затримка,Перша затримка,Primera retención,Première rétention,Erste Atempause,
dict,Перша книга,Перша книга,Primer libro,Premier livre,Erstes Buch,
dict,Перша медитація,Перша медитація,Primera meditación,Première méditation,Erste Meditation,
dict,Перша практика!,Перша практика!,¡Primera práctica!,Première pratique !,Erste Praxis!,
dict,Перший холод,Перший холод,Primer frío,Premier froid,Erste Kälte,
dict,Період,Період,Periodo,Période,Zeitraum,
dict,Період: ,Період: ,Período: ,Période : ,Zeitraum: ,
dict,Планка,Планка,Plancha,Planche,Plank,
dict,"Планка, прогин — утримання","Планка, прогин — утримання","Plancha, arco — retenciones","Planche, cambré — maintiens","Plank, Rückbeuge — Haltungen",
dict,Плечі,Плечі,Hombros,Épaules,Schultern,
dict,Пн,Пн,Lu,Lu,Mo,
dict,По черзі напружуй (~7 с) і повністю розслабляй (~12 с) групи м'язів — від кистей до стоп. Не напружуйся до болю.,По черзі напружуй (~7 с) і повністю розслабляй (~12 с) групи м'язів — від кистей до стоп. Не напружуйся до болю.,"Tensa (~7 s) y relaja por completo (~12 s), por turnos, cada grupo muscular, de las manos a los pies. No tenses hasta el dolor.","Contracte (~7 s) puis relâche complètement (~12 s), tour à tour, chaque groupe musculaire — des mains aux pieds. Ne te contracte pas jusqu'à la douleur.",Spanne (~7 s) und entspanne vollständig (~12 s) nacheinander die Muskelgruppen — von den Händen bis zu den Füßen. Spanne nicht bis zum Schmerz an.,
dict,Побудь у повному розслабленні. Все тіло відпочиває.,Побудь у повному розслабленні. Все тіло відпочиває.,Quédate en total relajación. Todo el cuerpo descansa.,Reste dans une détente totale. Tout le corps se repose.,Bleib in völliger Entspannung. Der ganze Körper ruht.,
dict,Побудь у спокої. Потім повільно поворуши пальцями й розплющ очі.,Побудь у спокої. Потім повільно поворуши пальцями й розплющ очі.,Quédate en calma. Luego mueve despacio los dedos y abre los ojos.,Reste dans le calme. Puis bouge lentement les doigts et ouvre les yeux.,Bleib in Ruhe. Bewege dann langsam die Finger und öffne die Augen.,
dict,Повертає у момент «тут і зараз»,Повертає у момент «тут і зараз»,Te devuelve al «aquí y ahora»,Te ramène à l'« ici et maintenant »,Bringt dich ins „Hier und Jetzt“ zurück,
dict,"Повисни на прямих руках, плечі активні. Розслаб хребет. Тримай, скільки комфортно для хвата.","Повисни на прямих руках, плечі активні. Розслаб хребет. Тримай, скільки комфортно для хвата.","Cuélgate con los brazos rectos, hombros activos. Relaja la columna. Mantén tanto como el agarre sea cómodo.","Suspends-toi bras tendus, épaules actives. Relâche la colonne. Tiens tant que la prise reste confortable.","Häng an gestreckten Armen, Schultern aktiv. Entspanne die Wirbelsäule. Halte, solange der Griff bequem ist.",
dict,"Повністю відпусти напругу. Відчуй, як м'яз стає важким і теплим.","Повністю відпусти напругу. Відчуй, як м'яз стає важким і теплим.",Suelta por completo la tensión. Siente cómo el músculo se vuelve pesado y cálido.,Relâche complètement la tension. Sens le muscle devenir lourd et chaud.,"Lass die Anspannung völlig los. Spüre, wie der Muskel schwer und warm wird.",
dict,Повторюй подумки короткі формули про важкість і тепло в тілі — це вмикає розслаблення нервової системи.,Повторюй подумки короткі формули про важкість і тепло в тілі — це вмикає розслаблення нервової системи.,Repite mentalmente frases breves sobre la pesadez y el calor en el cuerpo: eso activa la relajación del sistema nervioso.,Répète mentalement de courtes formules sur la lourdeur et la chaleur dans le corps — cela déclenche la relaxation du système nerveux.,Wiederhole innerlich kurze Formeln über Schwere und Wärme im Körper — das schaltet die Entspannung des Nervensystems ein.,
dict,Повільне дихання близько 5–6 циклів за хвилину підвищує варіабельність серцевого ритму.,Повільне дихання близько 5–6 циклів за хвилину підвищує варіабельність серцевого ритму.,"Respirar despacio, unos 5–6 ciclos por minuto, aumenta la variabilidad de la frecuencia cardíaca.","Une respiration lente, environ 5–6 cycles par minute, augmente la variabilité de la fréquence cardiaque.","Langsames Atmen, etwa 5–6 Zyklen pro Minute, erhöht die Herzratenvariabilität.",
dict,"Повільне рівне дихання ~5,5 секунди вдих і видих (≈5,5 циклів за хвилину). Максимізує варіабельність серцевого ритму (HRV) — показник стресостійкості й балансу нервової системи.","Повільне рівне дихання ~5,5 секунди вдих і видих (≈5,5 циклів за хвилину). Максимізує варіабельність серцевого ритму (HRV) — показник стресостійкості й балансу нервової системи.","Respiración lenta y uniforme, ~5,5 segundos de inhalación y exhalación (≈5,5 ciclos por minuto). Maximiza la variabilidad de la frecuencia cardíaca (VFC): un indicador de resistencia al estrés y equilibrio del sistema nervioso.","Respiration lente et régulière, ~5,5 secondes à l'inspiration et à l'expiration (≈5,5 cycles par minute). Maximise la variabilité de la fréquence cardiaque (VFC) — un indicateur de résistance au stress et d'équilibre du système nerveux.","Langsames, gleichmäßiges Atmen, ~5,5 Sekunden Ein- und Ausatmen (≈5,5 Zyklen pro Minute). Maximiert die Herzratenvariabilität (HRV) — ein Indikator für Stressresistenz und das Gleichgewicht des Nervensystems.",
dict,Повільне рівне дихання за патерном на екрані.,Повільне рівне дихання за патерном на екрані.,Respiración lenta y uniforme según el patrón en pantalla.,Respiration lente et régulière selon le motif à l'écran.,"Langsames, gleichmäßiges Atmen nach dem Muster auf dem Bildschirm.",
dict,"Повільно проведи увагою по тілу від маківки до стоп, помічаючи й відпускаючи напругу в кожній ділянці.","Повільно проведи увагою по тілу від маківки до стоп, помічаючи й відпускаючи напругу в кожній ділянці.","Lleva la atención despacio por el cuerpo, de la coronilla a los pies, notando y soltando la tensión en cada zona.","Promène lentement ton attention à travers le corps, du sommet du crâne aux pieds, en repérant et en relâchant la tension dans chaque zone.",Führe die Aufmerksamkeit langsam durch den Körper vom Scheitel bis zu den Füßen und bemerke und löse die Anspannung in jedem Bereich.,
dict,Погляд удалечінь і природа відновлюють фокус,Погляд удалечінь і природа відновлюють фокус,Mirar a lo lejos y la naturaleza recuperan el foco,Regarder au loin et la nature restaurent le focus,Blick in die Ferne und Natur stellen den Fokus wieder her,
dict,Подвійний вдих-зітхання знімає напругу швидко,Подвійний вдих-зітхання знімає напругу швидко,El suspiro de doble inhalación alivia la tensión rápido,Le soupir à double inspiration soulage vite la tension,Der Doppel-Einatem-Seufzer löst Spannung schnell,
dict,Подвійний тап по екрану — завершити,Подвійний тап по екрану — завершити,Doble toque en la pantalla para terminar,Double tap sur l'écran pour terminer,Doppeltippen auf den Bildschirm zum Beenden,
dict,Подовжений видих заспокоює,Подовжений видих заспокоює,Un exhale prolongado calma,Une expiration allongée apaise,Ein verlängertes Ausatmen beruhigt,
dict,"Позив вдихнути дає CO₂, не нестача кисню","Позив вдихнути дає CO₂, не нестача кисню","El impulso de inhalar lo da el CO₂, no la falta de oxígeno","L'envie d'inspirer vient du CO₂, pas du manque d'oxygène","Der Atemdrang kommt vom CO₂, nicht vom Sauerstoffmangel",
dict,"Познач лише дні, коли вжив (зрив). Решта вважаються чистими.","Познач лише дні, коли вжив (зрив). Решта вважаються чистими.",Marca solo los días de recaída. El resto cuenta como limpio.,Marque seulement les jours de rechute. Le reste compte comme propre.,Markiere nur die Tage mit Rückfall. Der Rest gilt als sauber.,
dict,Позначити зрив,Позначити зрив,Marcar recaída,Marquer une rechute,Rückfall markieren,
dict,Показувати мій прогрес спільноті,Показувати мій прогрес спільноті,Mostrar mi progreso a la comunidad,Montrer ma progression à la communauté,Meinen Fortschritt der Gemeinschaft zeigen,
dict,Поки немає новин.,Поки немає новин.,Aún no hay novedades.,Pas encore d'actualités.,Noch keine Neuigkeiten.,
dict,Поки немає нотаток. Постав оцінку дня на головній.,Поки немає нотаток. Постав оцінку дня на головній.,Aún no hay notas. Valora tu día en la pantalla principal.,Pas encore de notes. Note ta journée sur l'écran d'accueil.,Noch keine Notizen. Bewerte deinen Tag auf dem Startbildschirm.,
dict,Поки немає оцінок. Постав оцінку дня на головній.,Поки немає оцінок. Постав оцінку дня на головній.,Aún no hay valoraciones. Valora un día en la pantalla principal.,Pas encore de notes. Note une journée sur l'écran d'accueil.,Noch keine Bewertungen. Bewerte einen Tag auf dem Startbildschirm.,
dict,"Поки нічого. Додай книгу, яку читаєш зараз.","Поки нічого. Додай книгу, яку читаєш зараз.",Nada aún. Añade un libro que estés leyendo ahora.,Rien pour l'instant. Ajoute un livre que tu lis en ce moment.,"Noch nichts. Füge ein Buch hinzu, das du gerade liest.",
dict,Поки ти єдиний учасник.,Поки ти єдиний учасник.,"Por ahora, no hay más participantes.","Pour l'instant, aucun autre participant.",Bisher bist du allein hier.,
dict,Поки що немає записів. Зроби першу практику — і я почну відстежувати твій прогрес!,Поки що немає записів. Зроби першу практику — і я почну відстежувати твій прогрес!,Aún no hay registros. Haz tu primera práctica y empezaré a seguir tu progreso.,Pas encore d'enregistrements. Fais ta première pratique et je commencerai à suivre ta progression.,"Noch keine Einträge. Mach deine erste Praktik — und ich beginne, deinen Fortschritt zu verfolgen!",
dict,Поки що немає збережених розмов. Почни нову — вона збережеться автоматично.,Поки що немає збережених розмов. Почни нову — вона збережеться автоматично.,Aún no hay conversaciones guardadas. Empieza una nueva — se guarda sola.,Pas encore de conversations enregistrées. Commences-en une — elle s'enregistre toute seule.,Noch keine gespeicherten Unterhaltungen. Beginne eine neue — sie speichert sich automatisch.,
dict,Покращує концентрацію,Покращує концентрацію,Mejora la concentración,Améliore la concentration,Verbessert die Konzentration,
dict,Покращує кровообіг,Покращує кровообіг,Mejora la circulación,Améliore la circulation,Verbessert die Durchblutung,
dict,Покращує усвідомлення тіла,Покращує усвідомлення тіла,Mejora la conciencia corporal,Améliore la conscience du corps,Verbessert das Körperbewusstsein,
dict,Покращує фокус і настрій,Покращує фокус і настрій,Mejora el foco y el ánimo,Améliore le focus et l'humeur,Verbessert Fokus und Stimmung,
dict,Покращує і засинання ввечері,Покращує і засинання ввечері,También mejora el sueño por la noche,Améliore aussi l'endormissement le soir,Verbessert auch das Einschlafen am Abend,
dict,Помилка,Помилка,Error,Erreur,Fehler,
dict,Помилка зʼєднання.,Помилка зʼєднання.,Error de conexión.,Erreur de connexion.,Verbindungsfehler.,
dict,Попередні дані,Попередні дані,Datos preliminares,Données préliminaires,Vorläufige Daten,
dict,Попередні дослідження є; сприйняття індивідуальне. Краще в навушниках.,Попередні дослідження є; сприйняття індивідуальне. Краще в навушниках.,Hay estudios preliminares; la percepción es individual. Mejor con auriculares.,Des études préliminaires existent ; la perception est individuelle. Mieux au casque.,Vorläufige Studien existieren; die Wahrnehmung ist individuell. Besser mit Kopfhörern.,
dict,Порожньо,Порожньо,Vacío,Vide,Leer,
dict,Порівнюй із власним базовим рівнем,Порівнюй із власним базовим рівнем,Compara con tu propio nivel base,Compare à ton propre niveau de référence,Vergleiche mit deinem eigenen Ausgangswert,
dict,Послухати частоти,Послухати частоти,Escuchar frecuencias,Écouter les fréquences,Frequenzen hören,
dict,Постав оцінку сьогоднішнього дня,Постав оцінку сьогоднішнього дня,Valora el día de hoy,Note la journée d'aujourd'hui,Bewerte den heutigen Tag,
dict,Постав першу ціль,Постав першу ціль,Fija tu primer objetivo,Fixe ton premier objectif,Setze dein erstes Ziel,
dict,Постав ціль ›,Постав ціль ›,Fija un objetivo ›,Fixe un objectif ›,Ziel setzen ›,
dict,Постава,Постава,Postura,Posture,Haltung,
dict,Постійні сповіщення працюють навпаки: вони дроблять увагу й підсилюють відчуття втоми.,Постійні сповіщення працюють навпаки: вони дроблять увагу й підсилюють відчуття втоми.,Las notificaciones constantes hacen lo contrario: fragmentan la atención y aumentan la sensación de cansancio.,Les notifications constantes font l'inverse : elles fragmentent l'attention et amplifient la fatigue.,Ständige Benachrichtigungen wirken umgekehrt: Sie zersplittern die Aufmerksamkeit und verstärken das Müdigkeitsgefühl.,
dict,Поточне читання і прочитане. Час читання йде в навичку Знання.,Поточне читання і прочитане. Час читання йде в навичку Знання.,Lectura actual y libros leídos. El tiempo de lectura va a la habilidad Conocimiento.,Lecture en cours et livres lus. Le temps de lecture va à la compétence Savoir.,Aktuelle Lektüre und Gelesenes. Die Lesezeit geht in die Fähigkeit Wissen.,
dict,Потягни носки стоп на себе.,Потягни носки стоп на себе.,Lleva las puntas de los pies hacia ti.,Tire les pointes des pieds vers toi.,Zieh die Fußspitzen zu dir heran.,
dict,Почати,Почати,Empezar,Commencer,Starten,
dict,Почати практику,Почати практику,Empezar una práctica,Commencer une pratique,Praxis beginnen,
dict,Почати утримання,Почати утримання,Empezar el mantenimiento,Commencer le maintien,Halten beginnen,
dict,Початківець,Початківець,Principiante,Débutant,Anfänger,
dict,"Починай з кінцівок, дихай спокійно","Починай з кінцівок, дихай спокійно","Empieza por las extremidades, respira con calma","Commence par les extrémités, respire calmement","Beginne bei den Gliedmaßen, atme ruhig",
dict,"Почни з малого й сталого: 1) одна дихальна практика (для старту — Когерентне або Квадратне), 2) 20–30 с прохолодного душу в кінці звичайного, 3) відмічай усе в календарі. 5 хвилин щодня кращі за годину раз на тиждень.","Почни з малого й сталого: 1) одна дихальна практика (для старту — Когерентне або Квадратне), 2) 20–30 с прохолодного душу в кінці звичайного, 3) відмічай усе в календарі. 5 хвилин щодня кращі за годину раз на тиждень.","Empieza pequeño y constante: 1) una práctica de respiración (para empezar, Coherente o en Caja), 2) 20–30 s de agua fresca al final de la ducha, 3) anota todo en el calendario. 5 minutos al día valen más que una hora una vez por semana.","Commence petit et régulier : 1) une pratique de respiration (pour démarrer, Cohérente ou Carrée), 2) 20–30 s d'eau fraîche à la fin de la douche, 3) note tout dans le calendrier. 5 minutes par jour valent mieux qu'une heure une fois par semaine.","Fang klein und beständig an: 1) eine Atempraktik (zum Start Kohärent oder Box), 2) 20–30 s kühles Wasser am Ende der Dusche, 3) trag alles im Kalender ein. 5 Minuten täglich sind besser als eine Stunde einmal pro Woche.",
dict,Пошта,Пошта,Correo,E-mail,E-Mail,
dict,Практика,Практика,Práctica,Pratique,Praktik,
dict,Практика від стресу,Практика від стресу,Una práctica para el estrés,Une pratique contre le stress,Eine Praktik gegen Stress,
dict,Практика для сну,Практика для сну,Una práctica para dormir,Une pratique pour dormir,Eine Praktik zum Schlafen,
dict,"Практика проста й безпечна: рівні вдих і видих приблизно по 5–6 секунд, без напруження.","Практика проста й безпечна: рівні вдих і видих приблизно по 5–6 секунд, без напруження.","La práctica es simple y segura: inhala y exhala por igual, unos 5–6 segundos cada uno, sin esfuerzo.","La pratique est simple et sûre : inspire et expire de façon égale, environ 5–6 secondes chacune, sans forcer.","Die Praktik ist einfach und sicher: gleichmäßig ein- und ausatmen, je etwa 5–6 Sekunden, ohne Anstrengung.",
dict,Практика холоду,Практика холоду,Práctica de frío,Pratique du froid,Kältepraktik,
dict,Практики,Практики,Prácticas,Pratiques,Praktiken,
dict,Практики (порожньо = усі),Практики (порожньо = усі),Prácticas (vacío = todas),Pratiques (vide = toutes),Praktiken (leer = alle),
dict,Практики дихання,Практики дихання,Prácticas de respiración,Pratiques de respiration,Atempraktiken,
dict,Практики по днях,Практики по днях,Prácticas por día,Pratiques par jour,Praktiken nach Tagen,
dict,"Практики тут — дихання, холод, статичні утримання, увага — це тренування адаптації. Тіло й нервова система вчаться зберігати рівновагу там, де раніше ламалися під тиском.","Практики тут — дихання, холод, статичні утримання, увага — це тренування адаптації. Тіло й нервова система вчаться зберігати рівновагу там, де раніше ламалися під тиском.","Las prácticas de aquí —respiración, frío, sujeciones estáticas, atención— son un entrenamiento de adaptación. El cuerpo y el sistema nervioso aprenden a mantener el equilibrio donde antes se rompían bajo presión.","Les pratiques ici — respiration, froid, maintiens statiques, attention — sont un entraînement à l'adaptation. Le corps et le système nerveux apprennent à garder l'équilibre là où ils cédaient auparavant sous la pression.","Die Praktiken hier — Atmung, Kälte, statisches Halten, Aufmerksamkeit — sind ein Training der Anpassung. Körper und Nervensystem lernen, das Gleichgewicht dort zu halten, wo sie früher unter Druck zerbrachen.",
dict,Практики холоду,Практики холоду,Prácticas de frío,Pratiques du froid,Kältepraktiken,
dict,Практику завершено,Практику завершено,Práctica completada,Pratique terminée,Praktik abgeschlossen,
dict,Практику зупинено,Практику зупинено,Práctica detenida,Pratique arrêtée,Praktik gestoppt,
dict,Практику сьогодні виконано,Практику сьогодні виконано,Práctica de hoy completada,Pratique du jour effectuée,Praxis heute erledigt,
dict,"Працює за секунди, не хвилини","Працює за секунди, не хвилини","Funciona en segundos, no en minutos","Agit en secondes, pas en minutes","Wirkt in Sekunden, nicht Minuten",
dict,Прибрати,Прибрати,Quitar,Retirer,Entfernen,
dict,Приватність,Приватність,Privacidad,Confidentialité,Datenschutz,
dict,Привіт! Я твій наставник Resonance. ,Привіт! Я твій наставник Resonance. ,¡Hola! Soy tu mentor de Resonance. ,Salut ! Je suis ton mentor Resonance. ,Hallo! Ich bin dein Resonance-Mentor. ,
dict,Приготуйся,Приготуйся,Prepárate,Prépare-toi,Mach dich bereit,
dict,Прийняти,Прийняти,Aceptar,Accepter,Annehmen,
dict,Прийняти участь,Прийняти участь,Unirse,Participer,Teilnehmen,
dict,Прискорює відновлення мʼязів,Прискорює відновлення мʼязів,Acelera la recuperación muscular,Accélère la récupération musculaire,Beschleunigt die Muskelerholung,
dict,Прислухайся й назви 4 звуки навколо себе.,Прислухайся й назви 4 звуки навколо себе.,Escucha y nombra 4 sonidos a tu alrededor.,Écoute et nomme 4 sons autour de toi.,Höre hin und benenne 4 Geräusche um dich herum.,
dict,"Прихильники називають його «заземлювальним» — таким, що допомагає розслабитися й синхронізуватися з природним ритмом планети. Корисний для спокою та м'якої медитації.","Прихильники називають його «заземлювальним» — таким, що допомагає розслабитися й синхронізуватися з природним ритмом планети. Корисний для спокою та м'якої медитації.","Sus defensores lo llaman ""enraizante"": ayuda a relajarse y a sincronizarse con el ritmo natural del planeta. Útil para la calma y una meditación suave.",Ses adeptes le disent « ancrant » : il aide à se détendre et à se synchroniser avec le rythme naturel de la planète. Utile pour le calme et une méditation douce.,Befürworter nennen ihn „erdend“ — er helfe zu entspannen und sich mit dem natürlichen Rhythmus des Planeten zu synchronisieren. Nützlich für Ruhe und sanfte Meditation.,
dict,Прогин (місток),Прогин (місток),Arco (puente),Cambré (pont),Rückbeuge (Brücke),
dict,Прогрес прихований,Прогрес прихований,Progreso oculto,Progression masquée,Fortschritt verborgen,
dict,"Прогрес — це спокій, а не лише секунди","Прогрес — це спокій, а не лише секунди","El progreso es calma, no solo segundos","Le progrès, c'est le calme, pas seulement des secondes","Fortschritt ist Ruhe, nicht nur Sekunden",
dict,Прогресивна м'язова релаксація,Прогресивна м'язова релаксація,Relajación muscular progresiva,Relaxation musculaire progressive,Progressive Muskelentspannung,
dict,Прогресивна м'язова релаксація для зняття напруги.,Прогресивна м'язова релаксація для зняття напруги.,Relajación muscular progresiva para aliviar la tensión.,Relaxation musculaire progressive pour relâcher la tension.,Progressive Muskelentspannung zum Lösen der Anspannung.,
dict,Продовжити,Продовжити,Continuar,Reprendre,Fortsetzen,
dict,Продовжити огляд,Продовжити огляд,Seguir explorando,Continuer à explorer,Weiter erkunden,
dict,Пройди першу практику,Пройди першу практику,Haz tu primera práctica,Fais ta première pratique,Mach deine erste Praxis,
dict,"Прокачуй себе, як персонажа: дихання, холод, звички, рівні розвитку.","Прокачуй себе, як персонажа: дихання, холод, звички, рівні розвитку.","Mejórate como un personaje: respiración, frío, hábitos, niveles de desarrollo.","Fais-toi monter comme un personnage : respiration, froid, habitudes, niveaux de développement.","Level dich wie eine Figur: Atmung, Kälte, Gewohnheiten, Entwicklungslevel.",
dict,"Прокачуєш не аватар, а себе. Сталість важливіша за інтенсивність.","Прокачуєш не аватар, а себе. Сталість важливіша за інтенсивність.","Mejoras a ti, no a un avatar. La constancia importa más que la intensidad.","Tu progresses toi-même, pas un avatar. La régularité prime sur l'intensité.","Du entwickelst dich selbst, keinen Avatar. Beständigkeit zählt mehr als Intensität.",
dict,Прокидайся в один час щодня,Прокидайся в один час щодня,Despiértate a la misma hora cada día,Réveille-toi à la même heure chaque jour,Wach jeden Tag zur selben Zeit auf,
dict,Пропустити,Пропустити,Saltar,Passer,Überspringen,
dict,Просвітлений,Просвітлений,Iluminado,Éclairé,Erleuchtet,
dict,"Простий протокол: вдих на 4 рахунки, видих на 6. Кілька хвилин достатньо, щоб знизити збудження.","Простий протокол: вдих на 4 рахунки, видих на 6. Кілька хвилин достатньо, щоб знизити збудження.","Protocolo simple: inhala en 4 tiempos, exhala en 6. Unos minutos bastan para bajar la activación.","Protocole simple : inspire sur 4 temps, expire sur 6. Quelques minutes suffisent pour baisser l'excitation.","Einfaches Protokoll: 4 Zähler einatmen, 6 ausatmen. Ein paar Minuten genügen, um die Erregung zu senken.",
dict,"Прості важелі впливу: повільне дихання з довгим видихом, холод на обличчя, спокійний голос і навіть наспівування — все це підвищує вагусний тонус.","Прості важелі впливу: повільне дихання з довгим видихом, холод на обличчя, спокійний голос і навіть наспівування — все це підвищує вагусний тонус.","Palancas simples: respiración lenta con exhalación larga, frío en la cara, voz tranquila e incluso tararear — todo eso sube el tono vagal.","Leviers simples : respiration lente à longue expiration, froid sur le visage, voix calme et même fredonner — tout cela augmente le tonus vagal.","Einfache Hebel: langsames Atmen mit langem Ausatmen, Kälte im Gesicht, ruhige Stimme und sogar Summen — all das erhöht den Vagustonus.",
dict,Професія,Професія,Profesión,Profession,Beruf,
dict,Профіль,Профіль,Perfil,Profil,Profil,
dict,Прохолодна кімната — глибший сон,Прохолодна кімната — глибший сон,"Una habitación fresca, un sueño más profundo","Une chambre fraîche, un sommeil plus profond",Kühles Zimmer — tieferer Schlaf,
dict,Прочитано,Прочитано,Leído,Lu,Gelesen,
dict,Прочитано книг,Прочитано книг,Libros leídos,Livres lus,Gelesene Bücher,
dict,Прочитані книги й час читання.,Прочитані книги й час читання.,Libros leídos y tiempo de lectura.,Livres lus et temps de lecture.,Gelesene Bücher und Lesezeit.,
dict,Прочитати книги,Прочитати книги,Leer libros,Lire des livres,Bücher lesen,
dict,Пт,Пт,Vi,Ve,Fr,
dict,"Під час видиху активність блукаючого нерва зростає, і серцевий ритм природно сповільнюється — це називають дихальною аритмією. Якщо видих довший за вдих, заспокійливий ефект сильніший.","Під час видиху активність блукаючого нерва зростає, і серцевий ритм природно сповільнюється — це називають дихальною аритмією. Якщо видих довший за вдих, заспокійливий ефект сильніший.","Al exhalar, la actividad del nervio vago aumenta y el ritmo cardíaco baja de forma natural — se llama arritmia respiratoria. Si la exhalación es más larga que la inhalación, el efecto calmante es mayor.","À l'expiration, l'activité du nerf vague augmente et le rythme cardiaque ralentit naturellement — c'est l'arythmie respiratoire. Si l'expiration est plus longue que l'inspiration, l'effet apaisant est plus fort.","Beim Ausatmen steigt die Aktivität des Vagusnervs und der Herzschlag verlangsamt sich natürlich — das nennt man respiratorische Arrhythmie. Ist das Ausatmen länger als das Einatmen, ist die beruhigende Wirkung stärker.",
dict,Підвищує HRV (стресостійкість),Підвищує HRV (стресостійкість),Sube la HRV (resiliencia al estrés),Augmente la HRV (résistance au stress),Erhöht die HRV (Stressresistenz),
dict,Підвищує варіабельність серцевого ритму,Підвищує варіабельність серцевого ритму,Aumenta la variabilidad de la frecuencia cardíaca,Augmente la variabilité de la fréquence cardiaque,Erhöht die Herzratenvariabilität,
dict,Підвищує ментальну стійкість,Підвищує ментальну стійкість,Aumenta la resiliencia mental,Renforce la résilience mentale,Steigert die mentale Widerstandskraft,
dict,Підготовка,Підготовка,Preparación,Préparation,Vorbereitung,
dict,Підніми плечі до вух.,Підніми плечі до вух.,Sube los hombros hacia las orejas.,Monte les épaules vers les oreilles.,Zieh die Schultern zu den Ohren.,
dict,"Підтверди пошту, перш ніж входити.","Підтверди пошту, перш ніж входити.",Confirma tu correo antes de iniciar sesión.,Confirme ton e-mail avant de te connecter.,"Bestätige deine E-Mail, bevor du dich anmeldest.",
dict,Підтримка імунітету,Підтримка імунітету,Apoyo a la inmunidad,Soutien de l'immunité,Unterstützung der Immunität,
dict,Підходить для щоденного заспокоєння,Підходить для щоденного заспокоєння,Ideal para calmarse a diario,Idéal pour un apaisement quotidien,Gut zur täglichen Beruhigung,
dict,Разом,Разом,Juntos,Ensemble,Zusammen,
dict,Разом легше тримати ритм і мотивацію.,Разом легше тримати ритм і мотивацію.,Juntos es más fácil mantener el ritmo y la motivación.,"Ensemble, c'est plus facile de garder le rythme et la motivation.","Zusammen fällt es leichter, Rhythmus und Motivation zu halten.",
dict,Разом легше тримати ритм.,Разом легше тримати ритм.,Juntos es más fácil mantener el ritmo.,"Ensemble, c'est plus facile de garder le rythme.","Zusammen fällt es leichter, den Rhythmus zu halten.",
dict,Разом легше тримати ритм: спільні челенджі й підтримка. Долучення — зі своїм акаунтом.,Разом легше тримати ритм: спільні челенджі й підтримка. Долучення — зі своїм акаунтом.,"Juntos es más fácil mantener el ritmo: retos compartidos y apoyo. Para unirte, con tu propia cuenta.","Ensemble, c'est plus facile de garder le rythme : défis communs et soutien. Pour rejoindre — avec ton propre compte.","Zusammen fällt es leichter, den Rhythmus zu halten: gemeinsame Challenges und Unterstützung. Beitritt — mit deinem eigenen Konto.",
dict,Ранги й звання за рівнями,Ранги й звання за рівнями,Rangos y títulos por niveles,Rangs et titres par niveaux,Ränge und Titel nach Level,
dict,"Ранкове світло, особливо денне надворі, задає циркадний ритм: піднімає денну бадьорість і зміщує вечірню сонливість у потрібний бік. Це одна з найсильніших і найдешевших звичок для сну.","Ранкове світло, особливо денне надворі, задає циркадний ритм: піднімає денну бадьорість і зміщує вечірню сонливість у потрібний бік. Це одна з найсильніших і найдешевших звичок для сну.","La luz de la mañana, sobre todo la luz del día al aire libre, marca el ritmo circadiano: sube la vitalidad diurna y desplaza la somnolencia nocturna en la dirección correcta. Es uno de los hábitos más potentes y baratos para el sueño.","La lumière du matin, surtout la lumière du jour dehors, règle le rythme circadien : elle augmente la vivacité diurne et décale la somnolence du soir dans le bon sens. C'est l'une des habitudes les plus puissantes et les moins chères pour le sommeil.","Morgenlicht, besonders Tageslicht im Freien, gibt den zirkadianen Rhythmus vor: Es hebt die Wachheit am Tag und verschiebt die abendliche Müdigkeit in die richtige Richtung. Es ist eine der stärksten und günstigsten Schlafgewohnheiten.",
dict,Ранок,Ранок,Mañana,Matin,Morgen,
dict,Раундів,Раундів,Rondas,Rounds,Runden,
dict,"Регулярне читання підтримує концентрацію, словник і робочу память.","Регулярне читання підтримує концентрацію, словник і робочу память.","La lectura regular apoya la concentración, el vocabulario y la memoria de trabajo.","La lecture régulière soutient la concentration, le vocabulaire et la mémoire de travail.","Regelmäßiges Lesen unterstützt Konzentration, Wortschatz und Arbeitsgedächtnis.",
dict,"Регулярний холод активує буру жирову тканину, що спалює енергію заради тепла.","Регулярний холод активує буру жирову тканину, що спалює енергію заради тепла.","El frío regular activa la grasa parda, que quema energía para generar calor.","Le froid régulier active la graisse brune, qui brûle de l'énergie pour produire de la chaleur.","Regelmäßige Kälte aktiviert braunes Fettgewebe, das Energie verbrennt, um Wärme zu erzeugen.",
dict,"Регулярний час пробудження — навіть на вихідних — тримає внутрішній годинник у фазі. Це впливає на сон сильніше, ніж більшість «розумних» девайсів.","Регулярний час пробудження — навіть на вихідних — тримає внутрішній годинник у фазі. Це впливає на сон сильніше, ніж більшість «розумних» девайсів.","Una hora de despertar regular —incluso los fines de semana— mantiene el reloj interno en fase. Influye en el sueño más que la mayoría de los dispositivos ""inteligentes"".",Une heure de réveil régulière — même le week-end — maintient l'horloge interne en phase. Cela influence le sommeil plus que la plupart des appareils « intelligents ».,Eine regelmäßige Aufwachzeit — auch am Wochenende — hält die innere Uhr in Phase. Das beeinflusst den Schlaf stärker als die meisten „smarten“ Geräte.,
dict,Регулярність > ідеальна тривалість однієї ночі,Регулярність > ідеальна тривалість однієї ночі,Regularidad > la duración perfecta de una noche,Régularité > la durée parfaite d'une nuit,Regelmäßigkeit > perfekte Länge einer Nacht,
dict,Регулярність важливіша за тривалість,Регулярність важливіша за тривалість,La regularidad importa más que la duración,La régularité prime sur la durée,Regelmäßigkeit zählt mehr als Dauer,
dict,Редагувати,Редагувати,Editar,Modifier,Bearbeiten,
dict,Редагувати персонажа,Редагувати персонажа,Editar personaje,Modifier le personnage,Charakter bearbeiten,
dict,Редагувати спільноту,Редагувати спільноту,Editar comunidad,Modifier la communauté,Gemeinschaft bearbeiten,
dict,Резонанс Шумана,Резонанс Шумана,Resonancia Schumann,Résonance de Schumann,Schumann-Resonanz,
dict,"Резонанс електромагнітного поля Землі (≈7,83 Гц), на межі альфа/тета.","Резонанс електромагнітного поля Землі (≈7,83 Гц), на межі альфа/тета.","La resonancia del campo electromagnético de la Tierra (≈7,83 Hz), en el límite alfa/theta.","La résonance du champ électromagnétique de la Terre (≈7,83 Hz), à la frontière alpha/thêta.","Die Resonanz des elektromagnetischen Feldes der Erde (≈7,83 Hz), an der Grenze zwischen Alpha und Theta.",
dict,"Резонанс електромагнітного поля Землі. Напряму нечутний; тут відтворюється як бінаурал-ритм 7,83 Гц.","Резонанс електромагнітного поля Землі. Напряму нечутний; тут відтворюється як бінаурал-ритм 7,83 Гц.","La resonancia del campo electromagnético de la Tierra. Inaudible de forma directa; aquí se reproduce como un ritmo binaural de 7,83 Hz.","La résonance du champ électromagnétique de la Terre. Inaudible directement ; reproduite ici comme un battement binaural de 7,83 Hz.","Die Resonanz des elektromagnetischen Feldes der Erde. Direkt nicht hörbar; hier als binauraler Beat mit 7,83 Hz wiedergegeben.",
dict,"Резонанс — це бути в такті зі світом. Умови навколо задають ритм: холод, стрес, втома, невизначеність. Питання не в тому, щоб уникнути їх, а в тому, щоб навчитися відповідати на них спокійно й точно.","Резонанс — це бути в такті зі світом. Умови навколо задають ритм: холод, стрес, втома, невизначеність. Питання не в тому, щоб уникнути їх, а в тому, щоб навчитися відповідати на них спокійно й точно.","La resonancia es estar en sintonía con el mundo. Las condiciones que te rodean marcan el ritmo: frío, estrés, fatiga, incertidumbre. La cuestión no es evitarlas, sino aprender a responder a ellas con calma y precisión.","La résonance, c'est être en phase avec le monde. Les conditions autour de toi donnent le rythme : froid, stress, fatigue, incertitude. La question n'est pas de les éviter, mais d'apprendre à y répondre avec calme et justesse.","Resonanz bedeutet, im Einklang mit der Welt zu sein. Die Bedingungen um dich herum geben den Takt vor: Kälte, Stress, Müdigkeit, Ungewissheit. Die Frage ist nicht, wie du ihnen ausweichst, sondern wie du lernst, ihnen ruhig und präzise zu begegnen.",
dict,Результат,Результат,Resultado,Résultat,Ergebnis,
dict,Результати учасників,Результати учасників,Resultados de los participantes,Résultats des participants,Ergebnisse der Teilnehmer,
dict,Рекорд,Рекорд,Récord,Record,Rekord,
dict,Рекорд затримки,Рекорд затримки,Récord de retención,Record de rétention,Rekord-Atempause,
dict,Рекорд утримання,Рекорд утримання,Récord de mantenimiento,Record de maintien,Rekord-Halten,
dict,Релаксація,Релаксація,Relajación,Relaxation,Entspannung,
dict,Релаксація Якобсона,Релаксація Якобсона,Relajación de Jacobson,Relaxation de Jacobson,Jacobson-Entspannung,
dict,Релаксація і зняття тривоги,Релаксація і зняття тривоги,Relajación y alivio de la ansiedad,Relaxation et réduction de l'anxiété,Entspannung und Angstlösung,
dict,Роби видих довшим за вдих,Роби видих довшим за вдих,Haz la exhalación más larga que la inhalación,Fais l'expiration plus longue que l'inspiration,Mach das Ausatmen länger als das Einatmen,
dict,Роби короткі перерви свідомо,Роби короткі перерви свідомо,Haz pausas cortas a propósito,Fais des pauses courtes volontairement,Mach bewusst kurze Pausen,
dict,Розвиток,Розвиток,Desarrollo,Développement,Entwicklung,
dict,Розвиток учасника,Розвиток учасника,Progreso del miembro,Progression du membre,Fortschritt des Mitglieds,
dict,Розкриття грудей,Розкриття грудей,Apertura del pecho,Ouverture de la poitrine,Öffnung der Brust,
dict,Розмови,Розмови,Conversaciones,Conversations,Unterhaltungen,
dict,Розум,Розум,Mente,Esprit,Geist,
dict,Рівень ,Рівень ,Nivel ,Niveau ,Level ,
dict,"Рівень не падає. Він тримається на твоїй найкращій серії: якщо пропустиш день, поточна серія почнеться заново, але рівень залишиться на місці.","Рівень не падає. Він тримається на твоїй найкращій серії: якщо пропустиш день, поточна серія почнеться заново, але рівень залишиться на місці.","El nivel no baja. Se apoya en tu mejor racha: si te saltas un día, la racha actual empieza de nuevo, pero el nivel se mantiene.","Le niveau ne baisse pas. Il repose sur ta meilleure série : si tu manques un jour, la série actuelle recommence, mais le niveau reste en place.","Das Level sinkt nicht. Es beruht auf deiner besten Serie: Wenn du einen Tag auslässt, beginnt die aktuelle Serie von vorn, aber das Level bleibt bestehen.",
dict,Рівень і досвід,Рівень і досвід,Nivel y experiencia,Niveau et expérience,Level und Erfahrung,
dict,"Рівномірний розвиток тіла й розуму. Гармонія, стабільність і стійкість.","Рівномірний розвиток тіла й розуму. Гармонія, стабільність і стійкість.","Desarrollo equilibrado del cuerpo y la mente. Armonía, estabilidad y resiliencia.","Développement équilibré du corps et de l'esprit. Harmonie, stabilité et résilience.","Ausgewogene Entwicklung von Körper und Geist. Harmonie, Stabilität und Widerstandskraft.",
dict,Рівні за серією,Рівні за серією,Niveles por racha,Niveaux par série,Level nach Serie,
dict,"Рівні фази 4-4-4-4: вдих, затримка, видих, затримка. Заспокоює, повертає контроль над собою у стресі, гострить концентрацію. Використовують військові та спортсмени перед навантаженням.","Рівні фази 4-4-4-4: вдих, затримка, видих, затримка. Заспокоює, повертає контроль над собою у стресі, гострить концентрацію. Використовують військові та спортсмени перед навантаженням.","Fases iguales 4-4-4-4: inhala, retén, exhala, retén. Calma, devuelve el autocontrol bajo estrés, afila la concentración. La usan militares y deportistas antes del esfuerzo.","Phases égales 4-4-4-4 : inspire, retiens, expire, retiens. Calme, restaure la maîtrise de soi sous stress, aiguise la concentration. Utilisée par les militaires et les sportifs avant l'effort.","Gleiche Phasen 4-4-4-4: einatmen, halten, ausatmen, halten. Beruhigt, gibt unter Stress die Selbstkontrolle zurück, schärft die Konzentration. Wird von Militär und Sportlern vor Belastung genutzt.",
dict,Сам по собі нечутний; відтворюється як бінаурал-ритм. Доказів специфічного впливу немає.,Сам по собі нечутний; відтворюється як бінаурал-ритм. Доказів специфічного впливу немає.,Inaudible por sí mismo; se reproduce como ritmo binaural. Sin pruebas de un efecto específico.,Inaudible en soi ; reproduit comme rythme binaural. Aucune preuve d'effet spécifique.,An sich nicht hörbar; wird als binauraler Beat wiedergegeben. Kein Beleg für eine spezifische Wirkung.,
dict,Самонавіювання відчуттів важкості й тепла.,Самонавіювання відчуттів важкості й тепла.,Autosugestión de sensaciones de pesadez y calor.,Autosuggestion de sensations de lourdeur et de chaleur.,Selbstsuggestion von Schwere- und Wärmeempfindungen.,
dict,Сб,Сб,Sá,Sa,Sa,
dict,Світло вранці — головний регулятор сну,Світло вранці — головний регулятор сну,La luz matinal es el principal regulador del sueño,La lumière du matin est le principal régulateur du sommeil,Morgenlicht ist der wichtigste Schlafregler,
dict,Середня оцінка: ,Середня оцінка: ,Valoración media: ,Note moyenne : ,Durchschnittsbewertung: ,
dict,Серпень,Серпень,Agosto,Août,August,
dict,Серце,Серце,Corazón,Cœur,Herz,
dict,Серце б'ється спокійно й рівно.,Серце б'ється спокійно й рівно.,El corazón late tranquilo y regular.,Le cœur bat calmement et régulièrement.,Das Herz schlägt ruhig und gleichmäßig.,
dict,Серія без,Серія без,Racha sin,Série sans,Serie ohne,
dict,"Серія глибоких дихань насичує кров киснем і знижує CO₂, після чого затримка на видиху тренує стійкість до стресу. Регулярна практика додає енергії, покращує настрій, зміцнює імунітет і підвищує переносимість холоду.","Серія глибоких дихань насичує кров киснем і знижує CO₂, після чого затримка на видиху тренує стійкість до стресу. Регулярна практика додає енергії, покращує настрій, зміцнює імунітет і підвищує переносимість холоду.","Una serie de respiraciones profundas satura la sangre de oxígeno y baja el CO₂; luego la retención en la exhalación entrena la resiliencia al estrés. La práctica regular da energía, mejora el ánimo, refuerza la inmunidad y sube la tolerancia al frío.","Une série de respirations profondes sature le sang d'oxygène et baisse le CO₂ ; ensuite la rétention sur l'expiration entraîne la résistance au stress. Une pratique régulière donne de l'énergie, améliore l'humeur, renforce l'immunité et augmente la tolérance au froid.","Eine Reihe tiefer Atemzüge sättigt das Blut mit Sauerstoff und senkt CO₂, danach trainiert das Halten beim Ausatmen die Stressresistenz. Regelmäßiges Üben gibt Energie, hebt die Stimmung, stärkt die Immunität und erhöht die Kältetoleranz.",
dict,Серія практики,Серія практики,Racha de práctica,Série de pratique,Praxis-Serie,
dict,Сесій,Сесій,Sesiones,Séances,Sitzungen,
dict,Сесію завершено,Сесію завершено,Sesión completada,Séance terminée,Session abgeschlossen,
dict,Сесію зупинено,Сесію зупинено,Sesión detenida,Séance arrêtée,Session gestoppt,
dict,Сесія холоду,Сесія холоду,Sesión de frío,Séance de froid,Kälte-Session,
dict,Сесії,Сесії,Sesiones,Séances,Sessionen,
dict,Сесії практики,Сесії практики,Sesiones de práctica,Séances de pratique,Praxis-Sitzungen,
dict,Сила звички,Сила звички,El poder de los hábitos,Le Pouvoir des habitudes,Die Macht der Gewohnheit,
dict,Сила й стабільність без руху,Сила й стабільність без руху,Fuerza y estabilidad sin movimiento,Force et stabilité sans mouvement,Kraft und Stabilität ohne Bewegung,
dict,Сила кора,Сила кора,Fuerza del core,Force du gainage,Core-Kraft,
dict,Сила хвата,Сила хвата,Fuerza de agarre,Force de préhension,Griffkraft,
dict,Силові,Силові,De fuerza,De force,Kraft,
dict,Силові тренування,Силові тренування,Entrenamiento de fuerza,Entraînement de force,Krafttraining,
dict,Сканування тіла,Сканування тіла,Escaneo corporal,Scan corporel,Body-Scan,
dict,Скасувати,Скасувати,Cancelar,Annuler,Abbrechen,
dict,Скинути день,Скинути день,Reiniciar el día,Réinitialiser la journée,Tag zurücksetzen,
dict,Скільки % кожної практики йде в які навички,Скільки % кожної практики йде в які навички,Qué % de cada práctica va a qué habilidades,Quel % de chaque pratique va à quelles compétences,Wie viel % jeder Praxis in welche Fähigkeiten geht,
dict,Скільки води випито сьогодні.,Скільки води випито сьогодні.,Cuánta agua bebiste hoy.,Combien d'eau tu as bue aujourd'hui.,Wie viel Wasser du heute getrunken hast.,
dict,Скільки днів,Скільки днів,Cuántos días,Combien de jours,Wie viele Tage,
dict,Скільки днів ти тримаєшся без шкідливих звичок. Кожна звичка рахується окремо — серія обнуляється лише при зриві.,Скільки днів ти тримаєшся без шкідливих звичок. Кожна звичка рахується окремо — серія обнуляється лише при зриві.,Cuántos días te mantienes libre de malos hábitos. Cada hábito cuenta por separado: la racha se pone a cero solo con una recaída.,Combien de jours tu tiens sans mauvaises habitudes. Chaque habitude compte séparément — la série se remet à zéro uniquement en cas de rechute.,Wie viele Tage du frei von schlechten Gewohnheiten bleibst. Jede Gewohnheit zählt einzeln — die Serie wird nur bei einem Rückfall auf null gesetzt.,
dict,Скільки разів,Скільки разів,Cuántas veces,Combien de fois,Wie oft,
dict,Скільки секунд?,Скільки секунд?,¿Cuántos segundos?,Combien de secondes ?,Wie viele Sekunden?,
dict,Скільки хвилин прослухано? (1 хв = 1 бал),Скільки хвилин прослухано? (1 хв = 1 бал),¿Cuántos minutos escuchaste? (1 min = 1 punto),Combien de minutes as-tu écoutées ? (1 min = 1 point),Wie viele Minuten hast du gehört? (1 Min = 1 Punkt),
dict,"Слухай частоти у навушниках, розслаблено, у спокої.","Слухай частоти у навушниках, розслаблено, у спокої.","Escucha las frecuencias con auriculares, relajado, en calma.","Écoute les fréquences au casque, détendu, au repos.","Höre die Frequenzen über Kopfhörer, entspannt, in Ruhe.",
dict,Слухати в YouTube Music,Слухати в YouTube Music,Escuchar en YouTube Music,Écouter sur YouTube Music,Auf YouTube Music hören,
dict,Солодке,Солодке,Dulces,Sucre,Süßes,
dict,Солодке: 30 дн без зривів,Солодке: 30 дн без зривів,Dulces: 30 días sin recaídas,Sucre : 30 jours sans rechute,Süßes: 30 Tage ohne Rückfall,
dict,Сон,Сон,Sueño,Sommeil,Schlaf,
dict,"Сон, дихання й рух впливають найдужче","Сон, дихання й рух впливають найдужче","El sueño, la respiración y el movimiento influyen más","Le sommeil, la respiration et le mouvement pèsent le plus","Schlaf, Atmung und Bewegung wirken am stärksten",
dict,Сонячне сплетіння,Сонячне сплетіння,Plexo solar,Plexus solaire,Sonnengeflecht,
dict,"Спина до стіни, стегна паралельно підлозі, коліна під кутом 90°. Тримай статично.","Спина до стіни, стегна паралельно підлозі, коліна під кутом 90°. Тримай статично.","Espalda contra la pared, muslos paralelos al suelo, rodillas a 90°. Mantén de forma estática.","Dos au mur, cuisses parallèles au sol, genoux à 90°. Tiens en statique.","Rücken an der Wand, Oberschenkel parallel zum Boden, Knie im 90°-Winkel. Halte statisch.",
dict,Список учасників спільноти,Список учасників спільноти,Lista de miembros de la comunidad,Liste des membres de la communauté,Mitgliederliste der Gemeinschaft,
dict,Спитай щось…,Спитай щось…,Pregunta algo…,Demande quelque chose…,Frag etwas…,
dict,Сповіщення,Сповіщення,Notificaciones,Notifications,Benachrichtigungen,
dict,Сповіщення — головний крадій уваги,Сповіщення — головний крадій уваги,Las notificaciones son el mayor ladrón de atención,Les notifications sont le premier voleur d'attention,Benachrichtigungen sind der größte Aufmerksamkeitsdieb,
dict,Споглядач розуму,Споглядач розуму,Contemplador de la mente,Contemplateur de l'esprit,Betrachter des Geistes,
dict,Спокій,Спокій,Calma,Calme,Ruhe,
dict,Спокій і концентрація під тиском,Спокій і концентрація під тиском,Calma y concentración bajo presión,Calme et concentration sous pression,Ruhe und Fokus unter Druck,
dict,"Спокійна зосередженість, знижений стрес, у деяких дослідженнях — більше креативності.","Спокійна зосередженість, знижений стрес, у деяких дослідженнях — більше креативності.","Concentración tranquila, menos estrés y, en algunos estudios, más creatividad.","Concentration calme, moins de stress et, dans certaines études, plus de créativité.","Ruhige Konzentration, weniger Stress und in manchen Studien mehr Kreativität.",
dict,Спокійний наставник,Спокійний наставник,Mentor tranquilo,Mentor calme,Ruhiger Mentor,
dict,Спостерігач,Спостерігач,Observador,Observateur,Beobachter,
dict,"Спрямована увага — обмежений ресурс. Перебування на природі або хоча б погляд удалечінь дає мозку «мʼяке» відновлення, після якого легше фокусуватися.","Спрямована увага — обмежений ресурс. Перебування на природі або хоча б погляд удалечінь дає мозку «мʼяке» відновлення, після якого легше фокусуватися.","La atención dirigida es un recurso limitado. Estar en la naturaleza, o al menos mirar a lo lejos, da al cerebro una recuperación ""suave"" tras la cual es más fácil concentrarse.","L'attention dirigée est une ressource limitée. Être dans la nature, ou au moins regarder au loin, offre au cerveau une récupération « douce » après laquelle il est plus facile de se concentrer.","Gerichtete Aufmerksamkeit ist eine begrenzte Ressource. Zeit in der Natur oder auch nur der Blick in die Ferne gibt dem Gehirn eine „sanfte“ Erholung, nach der es leichter fällt, sich zu fokussieren.",
dict,Спільнота,Спільнота,Comunidad,Communauté,Gemeinschaft,
dict,Спільнота · ,Спільнота · ,Comunidad · ,Communauté · ,Gemeinschaft · ,
dict,Спільноти,Спільноти,Comunidades,Communautés,Gemeinschaften,
dict,Спільноти немає.,Спільноти немає.,No hay comunidad.,Aucune communauté.,Keine Gemeinschaft.,
dict,Спільноту видалено,Спільноту видалено,Comunidad eliminada,Communauté supprimée,Gemeinschaft gelöscht,
dict,Спільноту не знайдено.,Спільноту не знайдено.,Comunidad no encontrada.,Communauté introuvable.,Gemeinschaft nicht gefunden.,
dict,Спільноту створено,Спільноту створено,Comunidad creada,Communauté créée,Gemeinschaft erstellt,
dict,Спільні виклики й прогрес,Спільні виклики й прогрес,Retos compartidos y progreso,Défis communs et progression,Gemeinsame Challenges und Fortschritt,
dict,Спільні виклики. Прогрес рахується з календаря.,Спільні виклики. Прогрес рахується з календаря.,Retos compartidos. El progreso se cuenta desde tu calendario.,Défis communs. La progression est comptée depuis ton calendrier.,Gemeinsame Challenges. Der Fortschritt wird aus deinem Kalender gezählt.,
dict,Ср,Ср,Mi,Me,Mi,
dict,Стабільна практика,Стабільна практика,Práctica estable,Pratique régulière,Beständige Praxis,
dict,Стабільний час — недооцінена звичка,Стабільний час — недооцінена звичка,"Un horario estable, un hábito infravalorado","Un horaire régulier, une habitude sous-estimée",Feste Zeiten — eine unterschätzte Gewohnheit,
dict,Стабільність таза,Стабільність таза,Estabilidad de la pelvis,Stabilité du bassin,Beckenstabilität,
dict,Стабільність хребта,Стабільність хребта,Estabilidad de la columna,Stabilité de la colonne,Stabilität der Wirbelsäule,
dict,Стабілізує пульс і тиск,Стабілізує пульс і тиск,Estabiliza el pulso y la presión,Stabilise le pouls et la tension,Stabilisiert Puls und Blutdruck,
dict,"Сталість важливіша за ідеальну тривалість окремої ночі: одна недоспана ніч менш шкідлива, ніж постійний хаос у графіку.","Сталість важливіша за ідеальну тривалість окремої ночі: одна недоспана ніч менш шкідлива, ніж постійний хаос у графіку.",La constancia importa más que la duración perfecta de una noche: una noche corta daña menos que el caos constante del horario.,La régularité prime sur la durée parfaite d'une seule nuit : une nuit courte nuit moins qu'un chaos permanent de l'horaire.,Beständigkeit zählt mehr als die perfekte Länge einer einzelnen Nacht: Eine kurze Nacht schadet weniger als ständiges Zeitplan-Chaos.,
dict,Сталість важливіша за інтенсивність.,Сталість важливіша за інтенсивність.,La constancia importa más que la intensidad.,La régularité prime sur l'intensité.,Beständigkeit zählt mehr als Intensität.,
dict,Сталість і пауза від стимулів відновлюють чутливість,Сталість і пауза від стимулів відновлюють чутливість,La constancia y una pausa de estímulos recuperan la sensibilidad,La régularité et une pause des stimuli restaurent la sensibilité,Beständigkeit und eine Reizpause stellen die Empfindlichkeit wieder her,
dict,Статична сила ніг,Статична сила ніг,Fuerza estática de piernas,Force statique des jambes,Statische Beinkraft,
dict,Статичні,Статичні,Estáticos,Statiques,Statische,
dict,Статичні вправи,Статичні вправи,Ejercicios estáticos,Exercices statiques,Statische Übungen,
dict,"Статичні вправи: планка, прогин, вис, стілець біля стіни.","Статичні вправи: планка, прогин, вис, стілець біля стіни.","Ejercicios estáticos: plancha, arqueo, suspensión, silla en la pared.","Exercices statiques : planche, cambré, suspension, chaise au mur.","Statische Übungen: Plank, Rückbeuge, Hang, Wandsitz.",
dict,Статичні утримання зміцнюють мʼязи й сухожилля та вчать тримати напругу.,Статичні утримання зміцнюють мʼязи й сухожилля та вчать тримати напругу.,Las retenciones estáticas fortalecen músculos y tendones y enseñan a mantener la tensión.,Les maintiens statiques renforcent muscles et tendons et apprennent à tenir la tension.,"Statische Haltungen stärken Muskeln und Sehnen und lehren, Spannung zu halten.",
dict,Стать,Стать,Sexo,Sexe,Geschlecht,
dict,Створи перший спільний виклик для команди.,Створи перший спільний виклик для команди.,Crea el primer reto compartido para el equipo.,Crée le premier défi commun pour l'équipe.,Erstelle die erste gemeinsame Challenge für das Team.,
dict,Створи свою спільноту або прийми запрошення від друга — дзвіночок угорі.,Створи свою спільноту або прийми запрошення від друга — дзвіночок угорі.,Crea tu propia comunidad o acepta la invitación de un amigo: la campana de arriba.,Crée ta propre communauté ou accepte l'invitation d'un ami — la cloche en haut.,Erstelle deine eigene Gemeinschaft oder nimm die Einladung eines Freundes an — die Glocke oben.,
dict,Створити,Створити,Crear,Créer,Erstellen,
dict,Створити PDF,Створити PDF,Crear PDF,Créer le PDF,PDF erstellen,
dict,Створити акаунт,Створити акаунт,Crear cuenta,Créer un compte,Konto erstellen,
dict,Створити нову спільноту,Створити нову спільноту,Crear una nueva comunidad,Créer une nouvelle communauté,Neue Gemeinschaft erstellen,
dict,Створити спільноту,Створити спільноту,Crear una comunidad,Créer une communauté,Gemeinschaft erstellen,
dict,Створити ціль,Створити ціль,Crear objetivo,Créer l'objectif,Ziel erstellen,
dict,Створити челендж,Створити челендж,Crear reto,Créer un défi,Challenge erstellen,
dict,Стегна,Стегна,Muslos,Cuisses,Oberschenkel,
dict,Стисни кулаки якомога міцніше.,Стисни кулаки якомога міцніше.,Aprieta los puños lo más fuerte que puedas.,Serre les poings aussi fort que possible.,Balle die Fäuste so fest wie möglich.,
dict,Стисни пальці ніг.,Стисни пальці ніг.,Encoge los dedos de los pies.,Recroqueville les orteils.,Krümme die Zehen.,
dict,Стисни сідничні м'язи.,Стисни сідничні м'язи.,Aprieta los músculos glúteos.,Serre les muscles fessiers.,Spanne die Gesäßmuskeln an.,
dict,Стоп,Стоп,Parar,Stop,Stopp,
dict,Стопи,Стопи,Pies,Pieds,Füße,
dict,Стосунки,Стосунки,Relaciones,Relations,Beziehungen,
dict,Стрес,Стрес,Estrés,Stress,Stress,
dict,Строй,Строй,Afinación,Accordage,Stimmung,
dict,Стійкий,Стійкий,Firme,Solide,Standhaft,
dict,Стійкість до стресу й холоду,Стійкість до стресу й холоду,Resistencia al estrés y al frío,Résistance au stress et au froid,Widerstandskraft gegen Stress und Kälte,
dict,Стілець біля стіни,Стілець біля стіни,Silla en la pared,Chaise contre le mur,Wandsitz,
dict,Суворий тренер,Суворий тренер,Entrenador severo,Coach strict,Strenger Coach,
dict,Судинна гімнастика,Судинна гімнастика,Gimnasia vascular,Gymnastique vasculaire,Gefäßtraining,
dict,Судинна гімнастика й тонус,Судинна гімнастика й тонус,Gimnasia vascular y tono,Gymnastique vasculaire et tonus,Gefäßtraining und Tonus,
dict,Суто езотерична основа.,Суто езотерична основа.,Base puramente esotérica.,Base purement ésotérique.,Rein esoterische Grundlage.,
dict,Сховати,Сховати,Ocultar,Masquer,Verbergen,
dict,Сьогодні,Сьогодні,Hoy,Aujourd'hui,Heute,
dict,Сьогодні ще без практики — навіть 3 хвилини відновлять серію.,Сьогодні ще без практики — навіть 3 хвилини відновлять серію.,Hoy aún sin práctica: incluso 3 minutos mantienen tu racha.,Pas encore de pratique aujourd'hui — même 3 minutes suffisent à garder ta série.,Heute noch keine Praxis — schon 3 Minuten erhalten deine Serie.,
dict,Сьогодні ще нема практики,Сьогодні ще нема практики,Hoy aún no hay práctica,Pas encore de pratique aujourd'hui,Heute noch keine Praktik,
dict,Сьогодні ще немає активності.,Сьогодні ще немає активності.,Hoy aún no hay actividad.,Pas encore d'activité aujourd'hui.,Heute noch keine Aktivität.,
dict,Сядь або ляж зручно. Кілька спокійних вдихів і видихів.,Сядь або ляж зручно. Кілька спокійних вдихів і видихів.,Siéntate o túmbate cómodamente. Unas cuantas respiraciones tranquilas.,Assieds-toi ou allonge-toi confortablement. Quelques respirations calmes.,Setz oder leg dich bequem hin. Ein paar ruhige Atemzüge ein und aus.,
dict,Сідниці,Сідниці,Glúteos,Fessiers,Gesäß,
dict,Січень,Січень,Enero,Janvier,Januar,
dict,ТІЛО,ТІЛО,CUERPO,CORPS,KÖRPER,
dict,"Таймер рахує час утримання. Зупини, коли завершиш.","Таймер рахує час утримання. Зупини, коли завершиш.",El temporizador cuenta el tiempo de sujeción. Detente cuando termines.,Le minuteur compte le temps de maintien. Arrête quand tu as fini.,"Der Timer zählt die Haltezeit. Stoppe, wenn du fertig bist.",
dict,Така пошта вже зареєстрована.,Така пошта вже зареєстрована.,Este correo ya está registrado.,Cet e-mail est déjà enregistré.,Diese E-Mail ist bereits registriert.,
dict,Твоя активність у динаміці,Твоя активність у динаміці,Tu actividad a lo largo del tiempo,Ton activité au fil du temps,Deine Aktivität im Verlauf,
dict,Твоя динаміка практик.,Твоя динаміка практик.,Tu evolución de prácticas.,Ta dynamique de pratiques.,Deine Praktik-Entwicklung.,
dict,Твоя стабільність робить тебе кращим. Так тримати!,Твоя стабільність робить тебе кращим. Так тримати!,Tu constancia te hace mejor. ¡Así se hace!,Ta régularité te rend meilleur. Continue comme ça !,Deine Beständigkeit macht dich besser. Weiter so!,
dict,Твої цілі,Твої цілі,Tus objetivos,Tes objectifs,Deine Ziele,
dict,"Твій загальний рівень залежить від найдовшої серії практики — скільки днів поспіль виконувалась хоча б одна практика, без жодного пропуску. Що довша серія — то вищий рівень.","Твій загальний рівень залежить від найдовшої серії практики — скільки днів поспіль виконувалась хоча б одна практика, без жодного пропуску. Що довша серія — то вищий рівень.","Tu nivel general depende de tu racha de práctica más larga: cuántos días seguidos hiciste al menos una práctica, sin un solo salto. Cuanto más larga la racha, más alto el nivel.","Ton niveau global dépend de ta plus longue série de pratique — combien de jours d'affilée tu as fait au moins une pratique, sans un seul manquement. Plus la série est longue, plus le niveau est élevé.","Dein Gesamtlevel hängt von deiner längsten Praxis-Serie ab — wie viele Tage am Stück du mindestens eine Praxis gemacht hast, ohne eine einzige Auslassung. Je länger die Serie, desto höher das Level.",
dict,Твій клас залежить від балансу між Тілом і Ментальністю — і змінюється разом із розвитком.,Твій клас залежить від балансу між Тілом і Ментальністю — і змінюється разом із розвитком.,"Tu clase depende del equilibrio entre Cuerpo y Mente, y cambia a medida que te desarrollas.",Ta classe dépend de l'équilibre entre le Corps et le Mental — et évolue avec ton développement.,Deine Klasse hängt vom Gleichgewicht zwischen Körper und Geist ab — und ändert sich mit deiner Entwicklung.,
dict,Твій персонаж: рівні й навички,Твій персонаж: рівні й навички,Tu personaje: niveles y habilidades,Ton personnage : niveaux et compétences,Dein Charakter: Level und Fähigkeiten,
dict,"Твій персонаж: імʼя, аватар, рівень, звання й клас, що змінюються разом із розвитком.","Твій персонаж: імʼя, аватар, рівень, звання й клас, що змінюються разом із розвитком.","Tu personaje: nombre, avatar, nivel, rango y clase que cambian a medida que te desarrollas.","Ton personnage : nom, avatar, niveau, rang et classe qui évoluent avec ta progression.","Deine Figur: Name, Avatar, Level, Rang und Klasse, die sich mit deiner Entwicklung ändern.",
dict,Твій профіль,Твій профіль,Tu perfil,Ton profil,Dein Profil,
dict,Твій результат: ,Твій результат: ,Tu resultado: ,Ton résultat : ,Dein Ergebnis: ,
dict,Твій стан,Твій стан,Tu estado,Ton état,Dein Status,
dict,Твій шлях почався. Крок за кроком ти стаєш сильнішим.,Твій шлях почався. Крок за кроком ти стаєш сильнішим.,"Tu camino ha comenzado. Paso a paso, te vuelves más fuerte.","Ton chemin a commencé. Pas à pas, tu gagnes en force.",Dein Weg hat begonnen. Schritt für Schritt wirst du stärker.,
dict,Тема,Тема,Tema,Thème,Thema,
dict,"Темп дихання, с","Темп дихання, с","Ritmo de respiración, s","Rythme de respiration, s","Atemtempo, s",
dict,Тепла ванна за годину до сну теж працює — після неї тіло активніше віддає тепло й охолоджується.,Тепла ванна за годину до сну теж працює — після неї тіло активніше віддає тепло й охолоджується.,Un baño caliente una hora antes de dormir también funciona: después el cuerpo libera calor más rápido y se enfría.,Un bain chaud une heure avant le coucher marche aussi : ensuite le corps évacue la chaleur plus vite et se refroidit.,Ein warmes Bad eine Stunde vor dem Schlaf wirkt ebenfalls — danach gibt der Körper Wärme schneller ab und kühlt aus.,
dict,Тепла ванна перед сном допомагає через охолодження,Тепла ванна перед сном допомагає через охолодження,El baño caliente antes de dormir ayuda por el enfriamiento posterior,Le bain chaud avant le lit aide grâce au refroidissement,Warmes Bad vor dem Schlaf hilft durch das Abkühlen,
dict,Тепло ніг,Тепло ніг,Calor de las piernas,Chaleur des jambes,Wärme der Beine,
dict,Тепло рук,Тепло рук,Calor de los brazos,Chaleur des bras,Wärme der Arme,
dict,Термін,Термін,Plazo,Délai,Frist,
dict,"Тета-стан — це межа між сном і неспанням: розслаблення, інтуїція, творчі осяяння, зняття стресу. Допомагає легше входити в медитацію та відпускати напругу.","Тета-стан — це межа між сном і неспанням: розслаблення, інтуїція, творчі осяяння, зняття стресу. Допомагає легше входити в медитацію та відпускати напругу.","El estado theta es el borde entre el sueño y la vigilia: relajación, intuición, chispazos creativos, alivio del estrés. Ayuda a entrar en meditación con más facilidad y a soltar la tensión.","L'état thêta est la frontière entre sommeil et veille : relaxation, intuition, éclairs créatifs, apaisement du stress. Il aide à entrer plus facilement en méditation et à relâcher la tension.","Der Theta-Zustand ist die Grenze zwischen Schlaf und Wachsein: Entspannung, Intuition, kreative Eingebungen, Stressabbau. Er erleichtert den Einstieg in die Meditation und das Loslassen von Spannung.",
dict,"Техніки, що знімають тривогу й напругу. Обери — кожна веде на свою сторінку з таймером.","Техніки, що знімають тривогу й напругу. Обери — кожна веде на свою сторінку з таймером.",Técnicas que alivian la ansiedad y la tensión. Elige una: cada una lleva a su propia página con temporizador.,Des techniques qui apaisent l'anxiété et la tension. Choisis-en une — chacune mène à sa propre page avec minuteur.,"Techniken, die Angst und Anspannung lösen. Wähle eine — jede führt zu ihrer eigenen Seite mit Timer.",
dict,Ти адміністратор,Ти адміністратор,Rol: administrador,Rôle : administrateur,Rolle: Administrator,
dict,Ти в челенджі,Ти в челенджі,Estás en el reto,Tu es dans le défi,Du bist in der Challenge,
dict,Ти власник,Ти власник,Rol: propietario,Tu es le propriétaire,Rolle: Besitzer,
dict,Ти не входиш у жодну спільноту,Ти не входиш у жодну спільноту,No perteneces a ninguna comunidad,Tu n'appartiens à aucune communauté,Du gehörst keiner Gemeinschaft an,
dict,Ти не входиш у спільноту,Ти не входиш у спільноту,No perteneces a ninguna comunidad,Tu n'appartiens à aucune communauté,Du gehörst keiner Gemeinschaft an,
dict,Ти у моменті,Ти у моменті,Estás en el momento,Tu es dans l'instant,Du bist im Moment,
dict,Ти у спільноті,Ти у спільноті,Estás en la comunidad,Tu es dans la communauté,Du bist in der Gemeinschaft,
dict,"Ти — свій персонаж. Кожна реальна практика стає досвідом (XP) гілок розвитку, рівнями й рангами; окрема «Воля» винагороджує сталість. Прокачуєш не аватар, а себе.","Ти — свій персонаж. Кожна реальна практика стає досвідом (XP) гілок розвитку, рівнями й рангами; окрема «Воля» винагороджує сталість. Прокачуєш не аватар, а себе.","Tú eres tu personaje. Cada práctica real se convierte en experiencia (XP) de las ramas de desarrollo, niveles y rangos; una «Voluntad» aparte recompensa la constancia. No mejoras un avatar, sino a ti.","Tu es ton personnage. Chaque pratique réelle devient de l'expérience (XP) pour tes branches de développement, tes niveaux et tes rangs ; une « Volonté » distincte récompense la régularité. Tu fais monter non pas un avatar, mais toi-même.","Du bist deine Figur. Jede echte Praxis wird zu Erfahrung (XP) für deine Entwicklungszweige, Level und Ränge; ein eigener „Wille“ belohnt Beständigkeit. Du levelst nicht einen Avatar, sondern dich selbst.",
dict,Ти — твій персонаж,Ти — твій персонаж,Tú eres tu personaje,Tu es ton personnage,Du bist dein Charakter,
dict,"Ти — твій персонаж. Прокачуєш не аватар, а себе.","Ти — твій персонаж. Прокачуєш не аватар, а себе.","Tú eres tu personaje. Mejoras a ti, no a un avatar.","Tu es ton personnage. Tu progresses toi-même, pas un avatar.","Du bist dein Charakter. Du entwickelst dich selbst, keinen Avatar.",
dict,Тип практики,Тип практики,Tipo de práctica,Type de pratique,Praxistyp,
dict,Тон Solfeggio. Заявлено як «природний анестетик» — нібито знімає біль і дає відчуття безпеки. Доказів немає.,Тон Solfeggio. Заявлено як «природний анестетик» — нібито знімає біль і дає відчуття безпеки. Доказів немає.,"Un tono Solfeggio. Presentado como ""anestésico natural"": supuestamente alivia el dolor y da sensación de seguridad. Sin pruebas.",Un ton Solfeggio. Présenté comme un « anesthésique naturel » : soulagerait la douleur et donnerait un sentiment de sécurité. Aucune preuve.,Ein Solfeggio-Ton. Als „natürliches Anästhetikum“ beworben — soll Schmerz lindern und Sicherheit geben. Keine Belege.,
dict,Тон підтримки,Тон підтримки,Tono de apoyo,Ton du soutien,Ton der Unterstützung,
dict,Тон інтуїції.,Тон інтуїції.,Un tono de intuición.,Un ton d'intuition.,Ein Ton der Intuition.,
dict,"Тон, повʼязаний зі стосунками.","Тон, повʼязаний зі стосунками.",Un tono asociado a las relaciones.,Un ton associé aux relations.,"Ein Ton, der mit Beziehungen assoziiert wird.",
dict,Тонус і бадьорість,Тонус і бадьорість,Tono y vitalidad,Tonus et vivacité,Tonus und Frische,
dict,Травень,Травень,Mayo,Mai,Mai,
dict,"Традиційно асоціюється зі звільненням від страху й провини, перетворенням тривоги на спокій. Слухають під час роботи з емоціями та рефлексії.","Традиційно асоціюється зі звільненням від страху й провини, перетворенням тривоги на спокій. Слухають під час роботи з емоціями та рефлексії.","Tradicionalmente se asocia a liberarse del miedo y la culpa, y a transformar la ansiedad en calma. Se escucha al trabajar las emociones y reflexionar.","Traditionnellement associée à se libérer de la peur et de la culpabilité, à transformer l'anxiété en calme. On l'écoute en travaillant ses émotions et en réfléchissant.","Traditionell assoziiert mit dem Loslassen von Angst und Schuld, dem Verwandeln von Angst in Ruhe. Man hört sie bei der Arbeit mit Emotionen und beim Nachdenken.",
dict,"Традиційно вважається «природним знеболювачем»: нібито знімає фізичну й емоційну напругу, дає відчуття безпеки та опори. Підходить для заземлення перед сном.","Традиційно вважається «природним знеболювачем»: нібито знімає фізичну й емоційну напругу, дає відчуття безпеки та опори. Підходить для заземлення перед сном.","Tradicionalmente se considera un ""analgésico natural"": supuestamente alivia la tensión física y emocional y da sensación de seguridad y apoyo. Bueno para enraizarse antes de dormir.",Traditionnellement vu comme un « antidouleur naturel » : soulagerait les tensions physiques et émotionnelles et donnerait un sentiment de sécurité et d'appui. Bon pour s'ancrer avant de dormir.,Traditionell gilt er als „natürliches Schmerzmittel“: soll körperliche und emotionale Spannung lösen und Sicherheit und Halt geben. Gut zum Erden vor dem Schlaf.,
dict,"Традиційно — про гармонію у відносинах, комунікацію, емпатію та примирення («серцева чакра»). Слухають, налаштовуючись на тепло до людей.","Традиційно — про гармонію у відносинах, комунікацію, емпатію та примирення («серцева чакра»). Слухають, налаштовуючись на тепло до людей.","Por tradición, va de armonía en las relaciones, comunicación, empatía y reconciliación (""chakra del corazón""). Se escucha sintonizando con el afecto hacia los demás.","Par tradition — l'harmonie dans les relations, la communication, l'empathie et la réconciliation (« chakra du cœur »). On l'écoute en se mettant au diapason de la chaleur envers les autres.","Traditionell — um Harmonie in Beziehungen, Kommunikation, Empathie und Versöhnung („Herzchakra“). Man hört ihn, um sich auf Wärme gegenüber Menschen einzustimmen.",
dict,Тренує контроль над стресом,Тренує контроль над стресом,Entrena el control del estrés,Entraîne le contrôle du stress,Trainiert die Stresskontrolle,
dict,Тренує увагу й мову водночас,Тренує увагу й мову водночас,Entrena atención y lenguaje a la vez,Entraîne l'attention et le langage à la fois,Trainiert Aufmerksamkeit und Sprache zugleich,
dict,Тривалість,Тривалість,Duración,Durée,Dauer,
dict,Тримай,Тримай,Mantén,Tiens,Halte,
dict,Тримайся,Тримайся,Aguanta,Tiens bon,Halte durch,
dict,Турботливий,Турботливий,Cariñoso,Bienveillant,Fürsorglich,
dict,Тут збиратимуться прочитані книги — твоя полиця знань.,Тут збиратимуться прочитані книги — твоя полиця знань.,Aquí se reunirán los libros leídos — tu estante de conocimiento.,Ici se rassembleront les livres lus — ton étagère de savoir.,Hier sammeln sich gelesene Bücher — dein Wissensregal.,
dict,"Тут можна все роздивитися. А щоб проходити практики, ставити цілі й зберігати свій прогрес — створи безкоштовний акаунт. Це швидко.","Тут можна все роздивитися. А щоб проходити практики, ставити цілі й зберігати свій прогрес — створи безкоштовний акаунт. Це швидко.","Aquí puedes verlo todo. Y para hacer prácticas, fijar objetivos y guardar tu progreso, crea una cuenta gratuita. Es rápido.","Ici, tu peux tout explorer. Et pour faire des pratiques, fixer des objectifs et enregistrer ta progression — crée un compte gratuit. C'est rapide.","Hier kannst du dir alles ansehen. Und um Praktiken zu machen, Ziele zu setzen und deinen Fortschritt zu speichern — erstelle ein kostenloses Konto. Das geht schnell.",
dict,Тут поки порожньо,Тут поки порожньо,Aquí todavía está vacío,C'est encore vide ici,Hier ist es noch leer,
dict,"Тут — твій рівень, звання й клас. Рівень росте від найдовшої серії практик поспіль. Коло скілів показує, наскільки розвинена кожна навичка. Тисни на елементи, щоб дізнатись більше.","Тут — твій рівень, звання й клас. Рівень росте від найдовшої серії практик поспіль. Коло скілів показує, наскільки розвинена кожна навичка. Тисни на елементи, щоб дізнатись більше.","Aquí están tu nivel, tu rango y tu clase. El nivel crece a partir de tu racha más larga de prácticas seguidas. La rueda de habilidades muestra cuán desarrollada está cada habilidad. Pulsa los elementos para saber más.","Voici ton niveau, ton rang et ta classe. Le niveau croît à partir de ta plus longue série de pratiques d'affilée. La roue de compétences montre à quel point chaque compétence est développée. Appuie sur les éléments pour en savoir plus.","Hier sind dein Level, dein Rang und deine Klasse. Das Level wächst aus deiner längsten Serie von Praktiken am Stück. Das Fähigkeitsrad zeigt, wie entwickelt jede Fähigkeit ist. Tippe auf die Elemente, um mehr zu erfahren.",
dict,Тіло,Тіло,Cuerpo,Corps,Körper,
dict,Тіло · ,Тіло · ,Cuerpo · ,Corps · ,Körper · ,
dict,Тіло випереджає ментальність,Тіло випереджає ментальність,El cuerpo va por delante de la mente,Le corps devance le mental,Der Körper liegt vor dem Geist,
dict,Тіло й ментальність урівноважені,Тіло й ментальність урівноважені,Cuerpo y mente en equilibrio,Le corps et le mental sont en équilibre,Körper und Geist im Gleichgewicht,
dict,"Тіло має охолонути, щоб заснути","Тіло має охолонути, щоб заснути",El cuerpo debe enfriarse para dormir,Le corps doit se refroidir pour dormir,"Der Körper muss abkühlen, um zu schlafen",
dict,"У відомому дослідженні 2014 року учасники, навчені методу, змогли свідомо вплинути на запальну відповідь після введення ендотоксину. Це цікавий результат, але група була невеликою, тож узагальнювати рано.","У відомому дослідженні 2014 року учасники, навчені методу, змогли свідомо вплинути на запальну відповідь після введення ендотоксину. Це цікавий результат, але група була невеликою, тож узагальнювати рано.","En un conocido estudio de 2014, los participantes entrenados en el método pudieron influir conscientemente en su respuesta inflamatoria tras una inyección de endotoxina. Un resultado interesante, pero el grupo era pequeño, así que es pronto para generalizar.","Dans une étude connue de 2014, les participants formés à la méthode ont pu influencer consciemment leur réponse inflammatoire après une injection d'endotoxine. Résultat intéressant, mais le groupe était petit : il est tôt pour généraliser.","In einer bekannten Studie von 2014 konnten in der Methode geschulte Teilnehmer ihre Entzündungsreaktion nach einer Endotoxin-Injektion bewusst beeinflussen. Ein interessantes Ergebnis, aber die Gruppe war klein, daher ist es früh zu verallgemeinern.",
dict,"У людей ефект на загальний метаболізм помірний та індивідуальний. Холод корисний багатьма способами, але це не інструмент для швидкого схуднення.","У людей ефект на загальний метаболізм помірний та індивідуальний. Холод корисний багатьма способами, але це не інструмент для швидкого схуднення.","En humanos el efecto sobre el metabolismo total es moderado e individual. El frío ayuda de muchas formas, pero no es una herramienta para adelgazar rápido.","Chez l'humain, l'effet sur le métabolisme global est modéré et individuel. Le froid aide de bien des façons, mais ce n'est pas un outil pour maigrir vite.","Beim Menschen ist die Wirkung auf den Gesamtstoffwechsel mäßig und individuell. Kälte hilft auf viele Arten, ist aber kein Mittel zum schnellen Abnehmen.",
dict,"У моменті стресу — квадратне дихання 4-4-4-4 кілька циклів, найшвидше повертає контроль. Для щоденної стійкості — когерентне дихання.","У моменті стресу — квадратне дихання 4-4-4-4 кілька циклів, найшвидше повертає контроль. Для щоденної стійкості — когерентне дихання.","En el momento de estrés: respiración en caja 4-4-4-4 unos ciclos, lo que más rápido devuelve el control. Para la resiliencia diaria: respiración coherente.","Dans un moment de stress : respiration carrée 4-4-4-4 quelques cycles, ce qui redonne le contrôle le plus vite. Pour la résilience quotidienne : respiration cohérente.","Im Stressmoment — Box-Atmung 4-4-4-4 einige Zyklen, das gibt am schnellsten die Kontrolle zurück. Für tägliche Widerstandskraft — kohärente Atmung.",
dict,У полицю прочитаних,У полицю прочитаних,Al estante de leídos,Sur l'étagère des livres lus,Ins Regal der gelesenen Bücher,
dict,У сліпих тестах різниці у впливі не знаходять — але як музика звучить добре.,У сліпих тестах різниці у впливі не знаходять — але як музика звучить добре.,En pruebas ciegas no se halla diferencia en el efecto — pero como música suena bien.,"En tests aveugles, aucune différence d'effet — mais comme musique, ça sonne bien.",In Blindtests findet man keinen Wirkungsunterschied — als Musik klingt es aber gut.,
dict,Увага виснажується — і відновлюється,Увага виснажується — і відновлюється,La atención se agota — y se recupera,L'attention s'épuise — et se recharge,Aufmerksamkeit erschöpft sich — und erholt sich,
dict,Увесь час,Увесь час,Todo el tiempo,Tout le temps,Gesamt,
dict,"Увійди, щоб бачити аналітику.","Увійди, щоб бачити аналітику.",Inicia sesión para ver la analítica.,Connecte-toi pour voir les statistiques.,"Melde dich an, um die Analyse zu sehen.",
dict,"Увійди, щоб зберігати","Увійди, щоб зберігати",Inicia sesión para guardar,Connecte-toi pour enregistrer,"Melde dich an, um zu speichern",
dict,"Увійди, щоб зберігати розмови.","Увійди, щоб зберігати розмови.",Inicia sesión para guardar las conversaciones.,Connecte-toi pour enregistrer les conversations.,"Melde dich an, um Unterhaltungen zu speichern.",
dict,"Увійди, щоб користуватися завданнями.","Увійди, щоб користуватися завданнями.",Inicia sesión para usar las tareas.,Connecte-toi pour utiliser les tâches.,"Melde dich an, um Aufgaben zu nutzen.",
dict,"Увійди, щоб користуватися спільнотами.","Увійди, щоб користуватися спільнотами.",Inicia sesión para usar las comunidades.,Connecte-toi pour utiliser les communautés.,"Melde dich an, um die Gemeinschaften zu nutzen.",
dict,"Увійди, щоб користуватися спільнотою.","Увійди, щоб користуватися спільнотою.",Inicia sesión para usar la comunidad.,Connecte-toi pour utiliser la communauté.,"Melde dich an, um die Gemeinschaft zu nutzen.",
dict,Увійди.,Увійди.,Inicia sesión.,Connecte-toi.,Melde dich an.,
dict,Увійти,Увійти,Iniciar sesión,Se connecter,Anmelden,
dict,Уповільнює серцебиття,Уповільнює серцебиття,Ralentiza el latido,Ralentit les battements,Verlangsamt den Herzschlag,
dict,Усього,Усього,Total,Total,Gesamt,
dict,Усього медитації,Усього медитації,Total de meditación,Total de méditation,Meditation gesamt,
dict,Усього у холоді,Усього у холоді,Total en el frío,Total dans le froid,Gesamt in der Kälte,
dict,Усього часу,Усього часу,Tiempo total,Temps total,Gesamtzeit,
dict,Усі,Усі,Todas,Toutes,Alle,
dict,Усі ефекти,Усі ефекти,Todos los efectos,Tous les effets,Alle Wirkungen,
dict,Усі практики,Усі практики,Todas las prácticas,Toutes les pratiques,Alle Praktiken,
dict,Утримання 1 хв,Утримання 1 хв,Mantenimiento de 1 min,Maintien de 1 min,Halten 1 Min,
dict,Утримання 2 хв,Утримання 2 хв,Mantenimiento de 2 min,Maintien de 2 min,Halten 2 Min,
dict,Утримання 3 хв,Утримання 3 хв,Mantenimiento de 3 min,Maintien de 3 min,Halten 3 Min,
dict,Утримання від звичок,Утримання від звичок,Abstinencia de hábitos,Abstinence des habitudes,Enthaltsamkeit von Gewohnheiten,
dict,Утримання від шкідливих звичок,Утримання від шкідливих звичок,Mantenerse libre de malos hábitos,Se tenir à l'écart des mauvaises habitudes,Frei von schlechten Gewohnheiten bleiben,
dict,"Утримання на час. Обери вправу — таймер рахує, скільки протримаєшся.","Утримання на час. Обери вправу — таймер рахує, скільки протримаєшся.",Retención cronometrada. Elige un ejercicio: el temporizador cuenta cuánto aguantas.,Maintien chronométré. Choisis un exercice : le minuteur compte combien de temps tu tiens.,"Zeitgemessenes Halten. Wähle eine Übung — der Timer zählt, wie lange du hältst.",
dict,Учасник,Учасник,Miembro,Membre,Mitglied,
dict,Учасники,Учасники,Miembros,Membres,Mitglieder,
dict,Факт дня,Факт дня,Dato del día,Fait du jour,Fakt des Tages,
dict,Фокус,Фокус,Foco,Focus,Fokus,
dict,"Фокус, знання й ментальні практики. Ясність, спокій і глибина уваги.","Фокус, знання й ментальні практики. Ясність, спокій і глибина уваги.","Enfoque, conocimiento y prácticas mentales. Claridad, calma y profundidad de la atención.","Concentration, savoir et pratiques mentales. Clarté, calme et profondeur de l'attention.","Fokus, Wissen und mentale Praktiken. Klarheit, Ruhe und Tiefe der Aufmerksamkeit.",
dict,Фото додано,Фото додано,Foto añadida,Photo ajoutée,Foto hinzugefügt,
dict,"Хват, розвантаження хребта","Хват, розвантаження хребта","Agarre, descompresión de la columna","Prise, décompression de la colonne","Griff, Entlastung der Wirbelsäule",
dict,Хвилин,Хвилин,Minutos,Minutes,Minuten,
dict,Хвилин практики: ,Хвилин практики: ,Minutos de práctica: ,Minutes de pratique : ,Praxisminuten: ,
dict,Хвилин?,Хвилин?,¿Minutos?,Minutes ?,Minuten?,
dict,Хвилини,Хвилини,Minutos,Minutes,Minuten,
dict,Хвилини за практиками,Хвилини за практиками,Minutos por práctica,Minutes par pratique,Minuten nach Praktik,
dict,Хвилини практики,Хвилини практики,Minutos de práctica,Minutes de pratique,Praxisminuten,
dict,"Хвилі 12–30 Гц — активне мислення, концентрація, пильність.","Хвилі 12–30 Гц — активне мислення, концентрація, пильність.","Ondas de 12–30 Hz: pensamiento activo, concentración, alerta.","Ondes de 12–30 Hz : pensée active, concentration, vigilance.","Wellen von 12–30 Hz — aktives Denken, Konzentration, Wachsamkeit.",
dict,"Хвилі 4–8 Гц — стан глибокої релаксації, дрімоти, медитації та фази сну зі сновидіннями.","Хвилі 4–8 Гц — стан глибокої релаксації, дрімоти, медитації та фази сну зі сновидіннями.","Ondas de 4–8 Hz: estado de relajación profunda, somnolencia, meditación y fase de sueño con ensueños.","Ondes de 4–8 Hz : état de relaxation profonde, somnolence, méditation et phase de sommeil paradoxal.","Wellen von 4–8 Hz — Zustand tiefer Entspannung, Schläfrigkeit, Meditation und Traumschlafphase.",
dict,"Хвилі 8–12 Гц — спокійне, але уважне неспання.","Хвилі 8–12 Гц — спокійне, але уважне неспання.",Ondas de 8–12 Hz: vigilia tranquila pero atenta.,Ondes de 8–12 Hz : veille calme mais attentive.,"Wellen von 8–12 Hz — ruhige, aber aufmerksame Wachheit.",
dict,Хоббі / про себе,Хоббі / про себе,Aficiones / sobre ti,Loisirs / à propos de toi,Hobbys / über dich,
dict,Холод,Холод,Frío,Froid,Kälte,
dict,Холод різко підвищує норадреналін і дофамін — звідси бадьорість і ясність.,Холод різко підвищує норадреналін і дофамін — звідси бадьорість і ясність.,El frío eleva de golpe la noradrenalina y la dopamina — de ahí la vitalidad y la lucidez.,Le froid augmente brusquement la noradrénaline et la dopamine — d'où la vivacité et la clarté.,Kälte hebt Noradrenalin und Dopamin stark an — daher Frische und Klarheit.,
dict,Холод і бура жирова тканина,Холод і бура жирова тканина,El frío y la grasa parda,Le froid et la graisse brune,Kälte und braunes Fettgewebe,
dict,Холод її активує,Холод її активує,El frío la activa,Le froid l'active,Kälte aktiviert es,
dict,"Холод — це керований стрес: тіло кричить «вийди», а ти лишаєшся спокійним і дихаєш рівно. Ця навичка самовладання переноситься й на інші ситуації.","Холод — це керований стрес: тіло кричить «вийди», а ти лишаєшся спокійним і дихаєш рівно. Ця навичка самовладання переноситься й на інші ситуації.","El frío es estrés controlado: el cuerpo grita ""sal"" y tú te mantienes en calma y respiras parejo. Ese autocontrol se traslada a otras situaciones.",Le froid est un stress maîtrisé : le corps crie « sors » et tu restes calme en respirant régulièrement. Cette maîtrise de soi se transpose à d'autres situations.,"Kälte ist kontrollierter Stress: Der Körper schreit „raus“, und du bleibst ruhig und atmest gleichmäßig. Diese Selbstbeherrschung überträgt sich auf andere Situationen.",
dict,Холод — це тренування стресостійкості,Холод — це тренування стресостійкості,El frío es entrenamiento de resiliencia al estrés,Le froid est un entraînement à la résistance au stress,Kälte ist Training für Stressresistenz,
dict,"Холод, дихання, фізичні утримання. Сила, витривалість і контроль над тілом.","Холод, дихання, фізичні утримання. Сила, витривалість і контроль над тілом.","Frío, respiración, sujeciones físicas. Fuerza, resistencia y control del cuerpo.","Froid, respiration, maintiens physiques. Force, endurance et contrôle du corps.","Kälte, Atmung, körperliches Halten. Kraft, Ausdauer und Kontrolle über den Körper.",
dict,"Холод: почни з 15–30 с прохолодного душу в кінці звичайного, дихай повільно й рівно. Дає бадьорість і дофамін надовго, гартує судини й імунітет. Поступово знижуй температуру. Виходь, якщо німіють кінцівки.","Холод: почни з 15–30 с прохолодного душу в кінці звичайного, дихай повільно й рівно. Дає бадьорість і дофамін надовго, гартує судини й імунітет. Поступово знижуй температуру. Виходь, якщо німіють кінцівки.","Frío: empieza con 15–30 s de agua fresca al final de la ducha, respira despacio y parejo. Da vitalidad y dopamina duraderas, endurece vasos e inmunidad. Baja la temperatura poco a poco. Sal si se te entumecen las extremidades.","Froid : commence par 15–30 s d'eau fraîche à la fin de la douche, respire lentement et régulièrement. Donne vivacité et dopamine durables, endurcit vaisseaux et immunité. Baisse la température progressivement. Sors si tes extrémités s'engourdissent.","Kälte: Beginne mit 15–30 s kühlem Wasser am Ende der Dusche, atme langsam und gleichmäßig. Gibt anhaltende Frische und Dopamin, stärkt Gefäße und Immunität. Senke die Temperatur schrittweise. Steig aus, wenn die Gliedmaßen taub werden.",
dict,Холодний душ,Холодний душ,Ducha fría,Douche froide,Kalte Dusche,
dict,"Холодний душ або занурення: заходь поступово, дихай повільно й рівно, тримай скільки комфортно.","Холодний душ або занурення: заходь поступово, дихай повільно й рівно, тримай скільки комфортно.","Ducha fría o inmersión: entra gradualmente, respira lento y de forma uniforme, aguanta lo que resulte cómodo.","Douche froide ou immersion : entre progressivement, respire lentement et régulièrement, tiens tant que c'est confortable.","Kalte Dusche oder Eintauchen: geh langsam hinein, atme ruhig und gleichmäßig, halte so lange es angenehm ist.",
dict,Холодний душ і крижані ванни. (Холод на 15% живить Спокій.),Холодний душ і крижані ванни. (Холод на 15% живить Спокій.),Duchas frías y baños de hielo. (El frío nutre un 15% la Calma.),Douches froides et bains glacés. (Le froid nourrit la Sérénité à 15%.),Kalte Duschen und Eisbäder. (Die Kälte speist zu 15% die Ruhe.),
dict,Хронологія подій учасників,Хронологія подій учасників,Cronología de la actividad de los miembros,Chronologie de l'activité des membres,Chronik der Mitgliederaktivität,
dict,Це демо режим,Це демо режим,Este es el modo demo,Ceci est le mode démo,Dies ist der Demo-Modus,
dict,"Це демо-наставник Resonance. Судячи з твоїх даних, серія тримається впевнено — сьогодні варто закріпити результат короткою дихальною практикою для фокусу.","Це демо-наставник Resonance. Судячи з твоїх даних, серія тримається впевнено — сьогодні варто закріпити результат короткою дихальною практикою для фокусу.","Este es el mentor demo de Resonance. A juzgar por tus datos, tu racha se mantiene con firmeza; hoy conviene reforzar el resultado con una breve práctica de respiración para el enfoque.","Ceci est le mentor démo de Resonance. À en juger par tes données, ta série tient bon — aujourd'hui, il vaut mieux consolider le résultat avec une courte pratique de respiration pour la concentration.","Das ist der Demo-Mentor von Resonance. Deinen Daten nach hält deine Serie stabil — heute lohnt es sich, das Ergebnis mit einer kurzen Atemübung für den Fokus zu festigen.",
dict,"Це пояснює, чому з практикою затримки стають довшими: змінюється не обʼєм легень, а реакція нервової системи на дискомфорт.","Це пояснює, чому з практикою затримки стають довшими: змінюється не обʼєм легень, а реакція нервової системи на дискомфорт.","Esto explica por qué con la práctica las retenciones se alargan: no cambia el volumen pulmonar, sino la respuesta del sistema nervioso a la incomodidad.","Cela explique pourquoi les apnées s'allongent avec la pratique : ce n'est pas le volume pulmonaire qui change, mais la réponse du système nerveux à l'inconfort.","Das erklärt, warum die Haltezeiten mit der Übung länger werden: Nicht das Lungenvolumen ändert sich, sondern die Reaktion des Nervensystems auf Unbehagen.",
dict,Це природний механізм — ми робимо так уві сні та після плачу. Свідомо 1–3 цикли часто достатньо.,Це природний механізм — ми робимо так уві сні та після плачу. Свідомо 1–3 цикли часто достатньо.,"Es un mecanismo natural — lo hacemos al dormir y tras llorar. De forma consciente, 1–3 ciclos suelen bastar.","C'est un mécanisme naturel — on le fait en dormant et après avoir pleuré. Consciemment, 1–3 cycles suffisent souvent.",Es ist ein natürlicher Mechanismus — wir tun das im Schlaf und nach dem Weinen. Bewusst genügen oft 1–3 Zyklen.,
dict,Цей учасник не ділиться своїм прогресом.,Цей учасник не ділиться своїм прогресом.,Este miembro no comparte su progreso.,Ce membre ne partage pas sa progression.,Dieses Mitglied teilt seinen Fortschritt nicht.,
dict,Циклів,Циклів,Ciclos,Cycles,Zyklen,
dict,Цікаве та корисне,Цікаве та корисне,Interesante y útil,Intéressant et utile,Interessant und nützlich,
dict,Цікаві факти,Цікаві факти,Datos interesantes,Faits intéressants,Interessante Fakten,
dict,Ціль,Ціль,Objetivo,Objectif,Ziel,
dict,Ціль створено,Ціль створено,Objetivo creado,Objectif créé,Ziel erstellt,
dict,Ціль:,Ціль:,Objetivo:,Objectif :,Ziel:,
dict,Цілі,Цілі,Objetivos,Objectifs,Ziele,
dict,Цілі ›,Цілі ›,Objetivos ›,Objectifs ›,Ziele ›,
dict,Ціна в балах,Ціна в балах,Precio en puntos,Prix en points,Preis in Punkten,
dict,"Цінності продукту: чесність, зокрема щодо науки (без псевдообіцянок); сталість важливіша за інтенсивність; мінімум «води»; вимірюваний прогрес. Тон — спокійний і дорослий.","Цінності продукту: чесність, зокрема щодо науки (без псевдообіцянок); сталість важливіша за інтенсивність; мінімум «води»; вимірюваний прогрес. Тон — спокійний і дорослий.","Valores del producto: honestidad, también sobre la ciencia (sin pseudopromesas); la constancia sobre la intensidad; mínima paja; progreso medible. El tono es tranquilo y adulto.","Valeurs du produit : honnêteté, y compris sur la science (sans pseudo-promesses) ; la régularité prime sur l'intensité ; un minimum de remplissage ; un progrès mesurable. Le ton est calme et adulte.","Produktwerte: Ehrlichkeit, auch zur Wissenschaft (keine Pseudoversprechen); Beständigkeit vor Intensität; minimales Geschwafel; messbarer Fortschritt. Der Ton ist ruhig und erwachsen.",
dict,Чарлз Дахіґґ,Чарлз Дахіґґ,Charles Duhigg,Charles Duhigg,Charles Duhigg,
dict,Час,Час,Tiempo,Temps,Zeit,
dict,Час збережено,Час збережено,Hora guardada,Heure enregistrée,Zeit gespeichert,
dict,Час нагадування,Час нагадування,Hora del recordatorio,Heure du rappel,Erinnerungszeit,
dict,Час у затримці,Час у затримці,Tiempo en apnea,Temps en apnée,Zeit im Halten,
dict,Час читання,Час читання,Tiempo de lectura,Temps de lecture,Lesezeit,
dict,Частоти,Частоти,Frecuencias,Fréquences,Frequenzen,
dict,"Частоти, дихання Віма Хофа та холод — у синхроні між пристроями.","Частоти, дихання Віма Хофа та холод — у синхроні між пристроями.","Frecuencias, respiración Wim Hof y frío: en sincronía entre dispositivos.","Fréquences, respiration Wim Hof et froid — synchronisés entre appareils.","Frequenzen, Wim-Hof-Atmung und Kälte — synchron über alle Geräte.",
dict,Частоту не знайдено.,Частоту не знайдено.,Frecuencia no encontrada.,Fréquence introuvable.,Frequenz nicht gefunden.,
dict,Челендж створено,Челендж створено,Reto creado,Défi créé,Challenge erstellt,
dict,Челенджі,Челенджі,Retos,Défis,Challenges,
dict,Червень,Червень,Junio,Juin,Juni,
dict,Чергування гарячого й холодного дає бадьорість і відчуття відновлення.,Чергування гарячого й холодного дає бадьорість і відчуття відновлення.,Alternar calor y frío da vitalidad y sensación de recuperación.,Alterner chaud et froid donne de la vivacité et une sensation de récupération.,Der Wechsel von heiß und kalt gibt Frische und ein Gefühl der Erholung.,
dict,"Чергуй гарячу й холодну воду (≈30 с холодної на цикл, 3–5 циклів), завершуй холодною. Тренує судини (звуження/розширення), піднімає тонус і кровообіг.","Чергуй гарячу й холодну воду (≈30 с холодної на цикл, 3–5 циклів), завершуй холодною. Тренує судини (звуження/розширення), піднімає тонус і кровообіг.","Alterna agua caliente y fría (≈30 s de fría por ciclo, 3–5 ciclos), termina en fría. Entrena los vasos (constricción/dilatación), sube el tono y la circulación.","Alterne eau chaude et froide (≈30 s de froide par cycle, 3–5 cycles), termine par la froide. Entraîne les vaisseaux (constriction/dilatation), augmente le tonus et la circulation.","Wechsle heißes und kaltes Wasser (≈30 s kalt pro Zyklus, 3–5 Zyklen), beende kalt. Trainiert die Gefäße (Verengung/Erweiterung), hebt Tonus und Durchblutung.",
dict,Чергуй тепло й холод,Чергуй тепло й холод,Alterna calor y frío,Alterne chaud et froid,Wechsle Wärme und Kälte,
dict,Чесно про бінаурали та «зцілюючі частоти»,Чесно про бінаурали та «зцілюючі частоти»,"Con honestidad sobre los binaurales y las ""frecuencias curativas""",Honnêtement sur les binauraux et les « fréquences de guérison »,Ehrlich über Binaurals und „Heilfrequenzen“,
dict,Число,Число,Número,Nombre,Zahl,
dict,Чистих днів,Чистих днів,Días limpios,Jours propres,Saubere Tage,
dict,Читай і відмічай хвилини — вони рахуються в розвиток.,Читай і відмічай хвилини — вони рахуються в розвиток.,Lee y registra los minutos: cuentan para tu desarrollo.,Lis et enregistre les minutes — elles comptent pour ton développement.,Lies und erfasse die Minuten — sie zählen für deine Entwicklung.,
dict,"Читання задіює увагу, мову й уяву одночасно. Регулярна практика підтримує когнітивні навички й глибину мислення, на відміну від поверхневого гортання стрічки.","Читання задіює увагу, мову й уяву одночасно. Регулярна практика підтримує когнітивні навички й глибину мислення, на відміну від поверхневого гортання стрічки.","Leer activa a la vez la atención, el lenguaje y la imaginación. La práctica regular apoya las habilidades cognitivas y la profundidad de pensamiento, a diferencia del scroll superficial.","Lire mobilise à la fois l'attention, le langage et l'imagination. Une pratique régulière soutient les capacités cognitives et la profondeur de pensée, contrairement au scroll superficiel.","Lesen beansprucht Aufmerksamkeit, Sprache und Vorstellungskraft zugleich. Regelmäßiges Üben unterstützt kognitive Fähigkeiten und Denktiefe — anders als oberflächliches Feed-Scrollen.",
dict,Читання — це тренування мозку,Читання — це тренування мозку,Leer es un entrenamiento para el cerebro,Lire est un entraînement pour le cerveau,Lesen ist Training fürs Gehirn,
dict,Читаю зараз,Читаю зараз,Leyendo ahora,En cours de lecture,Lese gerade,
dict,Читаю знову,Читаю знову,Leyendo de nuevo,Je le relis,Ich lese es erneut,
dict,Чоло,Чоло,Frente,Front,Stirn,
dict,Чоло приємно прохолодне.,Чоло приємно прохолодне.,La frente está agradablemente fresca.,Le front est agréablement frais.,Die Stirn ist angenehm kühl.,
dict,Чоловіча,Чоловіча,Masculino,Masculin,Männlich,
dict,Чому після холодного душу гарний настрій,Чому після холодного душу гарний настрій,Por qué mejora el ánimo tras una ducha fría,Pourquoi la douche froide améliore l'humeur,Warum die Stimmung nach einer kalten Dusche gut ist,
dict,Чому саме така оцінка?,Чому саме така оцінка?,¿Por qué esta valoración?,Pourquoi cette note ?,Warum diese Bewertung?,
dict,Чт,Чт,Ju,Je,Do,
dict,Чудова сталість! Так тримати.,Чудова сталість! Так тримати.,¡Gran constancia! Sigue así.,Belle régularité ! Continue comme ça.,Tolle Beständigkeit! Weiter so.,
dict,"ШІ-наставник щодня підказує, на чому зробити акцент. З акаунтом йому можна ставити будь-які питання про твій розвиток.","ШІ-наставник щодня підказує, на чому зробити акцент. З акаунтом йому можна ставити будь-які питання про твій розвиток.",El mentor de IA sugiere cada día en qué poner el acento. Con una cuenta puedes hacerle cualquier pregunta sobre tu desarrollo.,"Le mentor IA suggère chaque jour sur quoi mettre l'accent. Avec un compte, tu peux lui poser n'importe quelle question sur ton développement.","Der KI-Mentor schlägt jeden Tag vor, worauf du dich konzentrieren solltest. Mit einem Konto kannst du ihm beliebige Fragen zu deiner Entwicklung stellen.",
dict,Швидко повернутись у момент,Швидко повернутись у момент,Volver rápido al momento,Revenir vite à l'instant,Schnell in den Moment zurückkehren,
dict,Швидко повернутися в теперішній момент через органи чуття.,Швидко повернутися в теперішній момент через органи чуття.,Volver rápidamente al momento presente a través de los sentidos.,Revenir vite au moment présent à travers les sens.,Über die Sinne schnell in den gegenwärtigen Moment zurückkehren.,
dict,Шия,Шия,Cuello,Cou,Nacken,
dict,Шлях сили,Шлях сили,Camino de la fuerza,Chemin de la force,Pfad der Stärke,
dict,Шукач рівноваги,Шукач рівноваги,Buscador del equilibrio,Chercheur d'équilibre,Suchender der Balance,
dict,Ще немає активності учасників.,Ще немає активності учасників.,Aún no hay actividad de los miembros.,Pas encore d'activité des membres.,Noch keine Aktivität der Mitglieder.,
dict,Ще немає даних,Ще немає даних,Aún no hay datos,Pas encore de données,Noch keine Daten,
dict,Ще немає звичок. Додай першу нижче.,Ще немає звичок. Додай першу нижче.,Aún no hay hábitos. Añade el primero abajo.,Pas encore d'habitudes. Ajoute la première ci-dessous.,Noch keine Gewohnheiten. Füge unten die erste hinzu.,
dict,Ще немає оцінок за сьогодні.,Ще немає оцінок за сьогодні.,Aún no hay valoraciones de hoy.,Pas encore de notes pour aujourd'hui.,Noch keine Bewertungen für heute.,
dict,Ще немає оцінок. Внеси дані за сьогодні.,Ще немає оцінок. Внеси дані за сьогодні.,Aún no hay valoraciones. Introduce los datos de hoy.,Pas encore de notes. Saisis les données d'aujourd'hui.,Noch keine Bewertungen. Gib die Daten für heute ein.,
dict,Ще немає цілей. Додай першу нижче.,Ще немає цілей. Додай першу нижче.,Aún no hay objetivos. Añade el primero abajo.,Pas encore d'objectifs. Ajoute le premier ci-dessous.,Noch keine Ziele. Füge unten dein erstes hinzu.,
dict,Ще немає цілей. Створи першу — і бачитимеш прогрес тут і на головній.,Ще немає цілей. Створи першу — і бачитимеш прогрес тут і на головній.,Aún no hay objetivos. Crea el primero y verás el progreso aquí y en la pantalla principal.,Pas encore d'objectifs. Crée le premier — et tu verras la progression ici et sur l'écran d'accueil.,Noch keine Ziele. Erstelle das erste — und du siehst den Fortschritt hier und auf dem Startbildschirm.,
dict,Ще раз,Ще раз,Otra vez,Encore,Nochmal,
dict,Що таке бінаурал?,Що таке бінаурал?,¿Qué es el binaural?,Qu'est-ce que le binaural ?,Was ist binaural?,
dict,Що таке резонанс,Що таке резонанс,Qué es la resonancia,Qu'est-ce que la résonance,Was ist Resonanz,
dict,Що читаю і що прочитано,Що читаю і що прочитано,Qué leo y qué he leído,Ce que je lis et ai lu,Was ich lese und gelesen habe,
dict,"Щоб заснути, тіло знижує внутрішню температуру; прохолода цьому допомагає.","Щоб заснути, тіло знижує внутрішню температуру; прохолода цьому допомагає.","Para dormirse, el cuerpo baja su temperatura interna; el frescor ayuda.","Pour s'endormir, le corps baisse sa température interne ; la fraîcheur y aide.",Zum Einschlafen senkt der Körper seine Kerntemperatur; Kühle hilft dabei.,
dict,Щоденна бадьорість і гартування,Щоденна бадьорість і гартування,Vitalidad diaria y endurecimiento,Vitalité quotidienne et endurcissement,Tägliche Frische und Abhärtung,
dict,"Я підкажу по практиках, частотах, холоду й твоєму прогресу. Спитай, наприклад: «з чого почати?», «яка практика для сну?» або «мій прогрес».","Я підкажу по практиках, частотах, холоду й твоєму прогресу. Спитай, наприклад: «з чого почати?», «яка практика для сну?» або «мій прогрес».","Te ayudo con prácticas, frecuencias, frío y tu progreso. Pregunta, por ejemplo: ""¿por dónde empiezo?"", ""¿qué práctica para dormir?"" o ""mi progreso"".","Je t'aide avec les pratiques, les fréquences, le froid et ta progression. Demande par exemple : « par où commencer ? », « quelle pratique pour dormir ? » ou « ma progression ».","Ich helfe bei Praktiken, Frequenzen, Kälte und deinem Fortschritt. Frag z. B.: „Wo fange ich an?“, „Welche Praktik zum Schlafen?“ oder „Mein Fortschritt“.",
dict,Я цілком спокійний і розслаблений.,Я цілком спокійний і розслаблений.,Estoy en completa calma y relajación.,Je suis dans un calme et une détente complets.,Ich bin völlig ruhig und entspannt.,
dict,Як зараховується (вектор по гілках),Як зараховується (вектор по гілках),Cómo se contabiliza (vector por ramas),Comment c'est compté (vecteur par branches),Wie es zählt (Vektor über Zweige),
dict,Як зараховується досвід,Як зараховується досвід,Cómo se cuenta la experiencia,Comment l'expérience est comptée,Wie Erfahrung gezählt wird,
dict,Як рахується рівень,Як рахується рівень,Cómo se calcula el nivel,Comment le niveau est calculé,Wie das Level berechnet wird,
dict,Яка вправа,Яка вправа,Qué ejercicio,Quel exercice,Welche Übung,
dict,"Якщо весь час підживлювати його легкими стимулами (стрічки, цукор, сповіщення), базовий драйв до складніших цілей знижується. Сталі зусилля й відпочинок від стимулів повертають чутливість.","Якщо весь час підживлювати його легкими стимулами (стрічки, цукор, сповіщення), базовий драйв до складніших цілей знижується. Сталі зусилля й відпочинок від стимулів повертають чутливість.","Si lo alimentas todo el tiempo con estímulos fáciles (feeds, azúcar, notificaciones), baja tu impulso de base hacia metas más difíciles. El esfuerzo constante y un descanso de estímulos devuelven la sensibilidad.","Si tu le nourris sans cesse de stimuli faciles (fils d'actualité, sucre, notifications), ton élan de base vers des objectifs plus durs diminue. Un effort régulier et une pause des stimuli restaurent la sensibilité.","Wenn du es ständig mit leichten Reizen fütterst (Feeds, Zucker, Benachrichtigungen), sinkt dein Grundantrieb für schwerere Ziele. Beständige Anstrengung und eine Reizpause stellen die Empfindlichkeit wieder her.",
dict,"Якщо о цей час сьогодні ще не буде практики — нагадаємо push-сповіщенням (або листом), щоб не втратити серію.","Якщо о цей час сьогодні ще не буде практики — нагадаємо push-сповіщенням (або листом), щоб не втратити серію.","Si a esta hora aún no has practicado hoy, te lo recordaremos con una notificación push (o un correo) para que no pierdas la racha.","Si à cette heure tu n'as pas encore pratiqué aujourd'hui, nous te le rappellerons par notification push (ou e-mail) pour ne pas perdre ta série.","Wenn du bis zu dieser Uhrzeit heute noch nicht geübt hast, erinnern wir dich per Push-Benachrichtigung (oder E-Mail), damit du deine Serie nicht verlierst.",
dict,Якщо о цей час сьогодні ще не буде практики — надішлемо лист-нагадування.,Якщо о цей час сьогодні ще не буде практики — надішлемо лист-нагадування.,"Si a esta hora aún no has practicado hoy, te enviaremos un correo de recordatorio.","Si à cette heure tu n'as pas encore pratiqué aujourd'hui, nous t'enverrons un e-mail de rappel.","Wenn du bis zu dieser Uhrzeit heute noch nicht geübt hast, senden wir dir eine Erinnerungs-E-Mail.",
dict,Яскраве світло у перші години після пробудження налаштовує внутрішній годинник.,Яскраве світло у перші години після пробудження налаштовує внутрішній годинник.,La luz intensa en las primeras horas tras despertar ajusta el reloj interno.,Une lumière vive dans les premières heures après le réveil règle l'horloge interne.,Helles Licht in den ersten Stunden nach dem Aufwachen stellt die innere Uhr.,
dict,Ясний,Ясний,Lúcido,Lucide,Klar,
dict,або,або,o,ou,oder,
dict,адміністратор,адміністратор,administrador,administrateur,Administrator,
dict,активних днів,активних днів,días activos,jours actifs,aktive Tage,
dict,активних тижнів,активних тижнів,semanas activas,semaines actives,aktive Wochen,
dict,без зривів,без зривів,sin recaídas,sans rechutes,ohne Rückfälle,
dict,будь-яка затримка,будь-яка затримка,cualquier retención,toute rétention,beliebige Atempause,
dict,будь-яке утримання,будь-яке утримання,cualquier mantenimiento,tout maintien,beliebiges Halten,
dict,версія ,версія ,versión ,version ,Version ,
dict,видих,видих,exhalación,expiration,Ausatmen,
dict,власник,власник,propietario,propriétaire,Besitzer,
dict,води,води,de agua,d'eau,Wasser,
dict,год практики,год практики,h de práctica,h de pratique,Std Praxis,
dict,готово,готово,listo,prêt,fertig,
dict,груди,груди,el pecho,la poitrine,die Brust,
dict,день поспіль,день поспіль,día seguido,jour d'affilée,Tag in Folge,
dict,детально ›,детально ›,detalles ›,détails ›,Details ›,
dict,дн,дн,d,j,T,
dict,днів поспіль,днів поспіль,días seguidos,jours d'affilée,Tage in Folge,
dict,днів практики поспіль,днів практики поспіль,días de práctica seguidos,jours de pratique d'affilée,Tage Praxis am Stück,
dict,до всього XP,до всього XP,a todo el XP,à tout l'XP,zu allem XP,
dict,живіт,живіт,el vientre,le ventre,den Bauch,
dict,завершено,завершено,finalizado,terminé,abgeschlossen,
dict,затримка ,затримка ,retención ,rétention ,Atempause ,
dict,змінити ›,змінити ›,editar ›,modifier ›,bearbeiten ›,
dict,книг,книг,libros,livres,Bücher,
dict,коліна й гомілки,коліна й гомілки,las rodillas y las pantorrillas,les genoux et les mollets,Knie und Waden,
dict,л,л,l,l,l,
dict,л/день,л/день,l/día,l/jour,l/Tag,
dict,літрів на день,літрів на день,litros por día,litres par jour,Liter pro Tag,
dict,макс,макс,máx,max,max,
dict,максимальний рівень,максимальний рівень,nivel máximo,niveau maximum,maximales Level,
dict,максимум ✓,максимум ✓,máximo ✓,maximum ✓,Maximum ✓,
dict,маківку голови,маківку голови,la coronilla,le sommet du crâne,den Scheitel,
dict,мету досягнуто,мету досягнуто,meta alcanzada,cible atteinte,Ziel erreicht,
dict,найдовша затримка (с),найдовша затримка (с),retención más larga (s),rétention la plus longue (s),längste Atempause (s),
dict,найдовше ,найдовше ,más largo ,le plus long ,am längsten ,
dict,напр. Тиждень холоду,напр. Тиждень холоду,p. ej. Semana de frío,p. ex. Semaine du froid,z. B. Kälte-Woche,
dict,напр. Улюблена кава,напр. Улюблена кава,p. ej. Café favorito,p. ex. Café préféré,z. B. Lieblingskaffee,
dict,напр. Холодний душ зранку,напр. Холодний душ зранку,p. ej. Ducha fría por la mañana,p. ex. Douche froide le matin,z. B. Kalte Dusche am Morgen,
dict,обличчя й щелепу,обличчя й щелепу,la cara y la mandíbula,le visage et la mâchoire,Gesicht und Kiefer,
dict,одна сесія ≥ 180 с,одна сесія ≥ 180 с,una sesión ≥ 180 s,une séance ≥ 180 s,eine Sitzung ≥ 180 s,
dict,одна сесія ≥ 60 с,одна сесія ≥ 60 с,una sesión ≥ 60 s,une séance ≥ 60 s,eine Sitzung ≥ 60 s,
dict,оцінених днів,оцінених днів,días valorados,jours notés,bewertete Tage,
dict,оцінка за день,оцінка за день,valoración por día,note par jour,Bewertung pro Tag,
dict,оцінки за день,оцінки за день,valoraciones por día,notes par jour,Bewertungen pro Tag,
dict,оцінки за тиждень,оцінки за тиждень,valoraciones por semana,notes par semaine,Bewertungen pro Woche,
dict,очок розвитку,очок розвитку,puntos de desarrollo,points de développement,Entwicklungs-XP,
dict,показати,показати,mostrar,afficher,anzeigen,
dict,порада на сьогодні,порада на сьогодні,consejo para hoy,conseil du jour,Tipp für heute,
dict,початок,початок,inicio,début,Beginn,
dict,практик,практик,prácticas,pratiques,Praktiken,
dict,приховано,приховано,oculto,masqué,verborgen,
dict,прогрес прихований,прогрес прихований,progreso oculto,progression masquée,Fortschritt verborgen,
dict,прочитай 1 книгу,прочитай 1 книгу,lee 1 libro,lis 1 livre,lies 1 Buch,
dict,прочитай 3,прочитай 3,lee 3,lis-en 3,lies 3,
dict,разово,разово,una vez,une fois,einmalig,
dict,руки й кисті,руки й кисті,los brazos y las manos,les bras et les mains,Arme und Hände,
dict,рів.,рів.,niv.,niv.,Lvl,
dict,рівень,рівень,nivel,niveau,Level,
dict,сер. оцінка,сер. оцінка,valor. media,note moy.,Ø-Bewertung,
dict,середня оцінка,середня оцінка,valoración media,note moyenne,Durchschnittsbewertung,
dict,середня оцінка за тиждень,середня оцінка за тиждень,valoración media por semana,note moyenne par semaine,Durchschnittsbewertung pro Woche,
dict,сесій,сесій,sesiones,séances,Sessionen,
dict,сесія ≥ 4 хв,сесія ≥ 4 хв,sesión ≥ 4 min,séance ≥ 4 min,Sitzung ≥ 4 Min,
dict,сесії за день,сесії за день,sesiones por día,séances par jour,Sitzungen pro Tag,
dict,сесії за тиждень,сесії за тиждень,sesiones por semana,séances par semaine,Sitzungen pro Woche,
dict,спину,спину,la espalda,le dos,den Rücken,
dict,стегна,стегна,los muslos,les cuisses,die Oberschenkel,
dict,стопи,стопи,los pies,les pieds,die Füße,
dict,сумарно 180 хв,сумарно 180 хв,180 min en total,180 min au total,180 Min insgesamt,
dict,сумарно 60 хв,сумарно 60 хв,60 min en total,60 min au total,60 Min insgesamt,
dict,сумарно 600 хв,сумарно 600 хв,600 min en total,600 min au total,600 Min insgesamt,
dict,сховати,сховати,ocultar,masquer,verbergen,
dict,таз і сідниці,таз і сідниці,la pelvis y los glúteos,le bassin et les fessiers,Becken und Gesäß,
dict,термін вийшов,термін вийшов,plazo cumplido,délai écoulé,Frist abgelaufen,
dict,у холоді,у холоді,en frío,dans le froid,in der Kälte,
dict,утримай 120 с,утримай 120 с,mantén 120 s,tiens 120 s,halte 120 s,
dict,утримай 180 с,утримай 180 с,mantén 180 s,tiens 180 s,halte 180 s,
dict,утримай 240 с,утримай 240 с,mantén 240 s,tiens 240 s,halte 240 s,
dict,утримай 300 с,утримай 300 с,mantén 300 s,tiens 300 s,halte 300 s,
dict,утримай 60 с,утримай 60 с,mantén 60 s,tiens 60 s,halte 60 s,
dict,утримання,утримання,mantenimiento,maintien,Halten,
dict,хв,хв,min,min,Min,
dict,хв практики,хв практики,min de práctica,min de pratique,Min. Praktik,
dict,хвилини за день,хвилини за день,minutos por día,minutes par jour,Minuten pro Tag,
dict,хвилини за тиждень,хвилини за тиждень,minutos por semana,minutes par semaine,Minuten pro Woche,
dict,шию та плечі,шию та плечі,el cuello y los hombros,le cou et les épaules,Nacken und Schultern,
dict,щодня,щодня,cada día,chaque jour,täglich,
dict,— будь-яка вправа —,— будь-яка вправа —,— cualquier ejercicio —,— n'importe quel exercice —,— beliebige Übung —,
dict,‹ Головна,‹ Головна,‹ Inicio,‹ Accueil,‹ Start,
dict,‹ Назад,‹ Назад,‹ Atrás,‹ Retour,‹ Zurück,
dict,‹ Розвиток,‹ Розвиток,‹ Desarrollo,‹ Développement,‹ Entwicklung,
dict,‹ Спільнота,‹ Спільнота,‹ Comunidad,‹ Communauté,‹ Gemeinschaft,
dict,‹ Спільноти,‹ Спільноти,‹ Comunidades,‹ Communautés,‹ Gemeinschaften,
dict,← Антистрес,← Антистрес,← Antiestrés,← Anti-stress,← Anti-Stress,
dict,← Вправи,← Вправи,← Ejercicios,← Exercices,← Übungen,
dict,← Календар,← Календар,← Calendario,← Calendrier,← Kalender,
dict,← Практики,← Практики,← Prácticas,← Pratiques,← Praktiken,
dict,← Розвиток,← Розвиток,← Desarrollo,← Développement,← Entwicklung,
dict,← Холод,← Холод,← Frío,← Froid,← Kälte,
dict,← Частоти,← Частоти,← Frecuencias,← Fréquences,← Frequenzen,
dict,− відняти,− відняти,− restar,− soustraire,− abziehen,
dict,≥ 120 с,≥ 120 с,≥ 120 s,≥ 120 s,≥ 120 s,
dict,≥ 180 с,≥ 180 с,≥ 180 s,≥ 180 s,≥ 180 s,
dict,≥ 60 с,≥ 60 с,≥ 60 s,≥ 60 s,≥ 60 s,
dict,♪ Увімкнути музику в YouTube Music,♪ Увімкнути музику в YouTube Music,♪ Poner música en YouTube Music,♪ Lancer la musique sur YouTube Music,♪ Musik auf YouTube Music starten,
dict,✓ Відмітити прослуховування,✓ Відмітити прослуховування,✓ Registrar la escucha,✓ Enregistrer l'écoute,✓ Anhören eintragen,
dict,✓ прочитано,✓ прочитано,✓ leído,✓ lu,✓ gelesen,
dict,⤓ Експорт у PDF,⤓ Експорт у PDF,⤓ Exportar a PDF,⤓ Exporter en PDF,⤓ Als PDF exportieren,
dict,＋ Додати звичку,＋ Додати звичку,＋ Añadir hábito,＋ Ajouter une habitude,＋ Gewohnheit hinzufügen,
dict,＋ Нова розмова,＋ Нова розмова,＋ Nueva conversación,＋ Nouvelle conversation,＋ Neue Unterhaltung,
dict,＋ Оцінити день,＋ Оцінити день,＋ Valorar el día,＋ Noter la journée,＋ Tag bewerten,
dict,＋ час,＋ час,＋ tiempo,＋ temps,＋ Zeit,
dict,🎉 Ціль досягнута,🎉 Ціль досягнута,🎉 Objetivo alcanzado,🎉 Objectif atteint,🎉 Ziel erreicht,
pattern,p0,^(\d+) сесій · (.+)$,$1 sesiones · $2,$1 séances · $2,$1 Sitzungen · $2,"uk-колонка = regex, що матчить зібраний uk-рядок; $1..$4 — плейсхолдери"
pattern,p1,^(\d+) сесій$,$1 sesiones,$1 séances,$1 Sitzungen,"uk-колонка = regex, що матчить зібраний uk-рядок; $1..$4 — плейсхолдери"
pattern,p2,^(\d+) хв$,$1 min,$1 min,$1 Min,"uk-колонка = regex, що матчить зібраний uk-рядок; $1..$4 — плейсхолдери"
pattern,p3,^(\d+) днів$,$1 días,$1 jours,$1 Tage,"uk-колонка = regex, що матчить зібраний uk-рядок; $1..$4 — плейсхолдери"
pattern,p4,^(\d+) год читання$,$1 h de lectura,$1 h de lecture,$1 Std Lesen,"uk-колонка = regex, що матчить зібраний uk-рядок; $1..$4 — плейсхолдери"
pattern,p5,^(\d+) год$,$1 h,$1 h,$1 Std,"uk-колонка = regex, що матчить зібраний uk-рядок; $1..$4 — плейсхолдери"
pattern,p6,^(\d+) очок розвитку$,$1 puntos de desarrollo,$1 points de développement,$1 Entwicklungspunkte,"uk-колонка = regex, що матчить зібраний uk-рядок; $1..$4 — плейсхолдери"
pattern,p7,^часу читання · (\d+) прочитано$,tiempo de lectura · $1 leídos,temps de lecture · $1 lus,Lesezeit · $1 gelesen,"uk-колонка = regex, що матчить зібраний uk-рядок; $1..$4 — плейсхолдери"
pattern,p8,^Прочитані · (\d+)$,Leídos · $1,Lus · $1,Gelesen · $1,"uk-колонка = regex, що матчить зібраний uk-рядок; $1..$4 — плейсхолдери"
pattern,p9,^Тіло · (\d+)$,Cuerpo · $1,Corps · $1,Körper · $1,"uk-колонка = regex, що матчить зібраний uk-рядок; $1..$4 — плейсхолдери"
pattern,p10,^Ментальність · (\d+)$,Mente · $1,Mental · $1,Geist · $1,"uk-колонка = regex, що матчить зібраний uk-рядок; $1..$4 — плейсхолдери"
pattern,p11,^Дихання · (\d+) р\.$,Respiración · $1 rondas,Respiration · $1 tours,Atmung · $1 Runden,"uk-колонка = regex, що матчить зібраний uk-рядок; $1..$4 — плейсхолдери"
pattern,p12,^Р(\d+)$,R$1,R$1,R$1,"uk-колонка = regex, що матчить зібраний uk-рядок; $1..$4 — плейсхолдери"
pattern,p13,^ще (\d+) балів$,faltan $1 puntos,encore $1 points,noch $1 Punkte,"uk-колонка = regex, що матчить зібраний uk-рядок; $1..$4 — плейсхолдери"
pattern,p14,^ще (\d+) дн до наступного рівня$,$1 d para el próximo nivel,$1 j jusqu'au niveau suivant,$1 T bis zum nächsten Level,"uk-колонка = regex, що матчить зібраний uk-рядок; $1..$4 — плейсхолдери"
pattern,p15,^Серія (\d+) дн · рекорд (\d+) дн · активних днів (\d+)\. Підсилює весь XP\.$,Racha $1 d · récord $2 d · días activos $3. Potencia todo el XP.,Série $1 j · record $2 j · jours actifs $3. Booste tout l'XP.,Serie $1 T · Rekord $2 T · aktive Tage $3. Verstärkt alle XP.,"uk-колонка = regex, що матчить зібраний uk-рядок; $1..$4 — плейсхолдери"
pattern,p16,^Меню швидкого доступу · (\d+)/(\d+)$,Menú de acceso rápido · $1/$2,Menu d'accès rapide · $1/$2,Schnellzugriffsmenü · $1/$2,"uk-колонка = regex, що матчить зібраний uk-рядок; $1..$4 — плейсхолдери"
pattern,p17,^Максимум (\d+)$,Máximo $1,Maximum $1,Maximum $1,"uk-колонка = regex, що матчить зібраний uk-рядок; $1..$4 — плейсхолдери"
pattern,p18,^≈ (.+) практики$,≈ $1 de práctica,≈ $1 de pratique,≈ $1 Praxis,"uk-колонка = regex, що матчить зібраний uk-рядок; $1..$4 — плейсхолдери"
pattern,p19,^Живиться від: (.+)$,Se nutre de: $1,Alimenté par : $1,Gespeist von: $1,"uk-колонка = regex, що матчить зібраний uk-рядок; $1..$4 — плейсхолдери"
pattern,p20,"^Доказовість: «(.+)»\. Матеріал загальноосвітній, не медична порада\.$","Evidencia: «$1». Material educativo, no es consejo médico.","Preuves : « $1 ». Contenu éducatif, pas un avis médical.","Evidenz: „$1“. Bildungsmaterial, keine medizinische Beratung.","uk-колонка = regex, що матчить зібраний uk-рядок; $1..$4 — плейсхолдери"
pattern,p21,^Рівень (\d+) · (.+)$,Nivel $1 · $2,Niveau $1 · $2,Level $1 · $2,"uk-колонка = regex, що матчить зібраний uk-рядок; $1..$4 — плейсхолдери"
pattern,p22,^Клас: (.+)$,Clase: $1,Classe : $1,Klasse: $1,"uk-колонка = regex, що матчить зібраний uk-рядок; $1..$4 — плейсхолдери"
pattern,p23,^(.+) · ванна$,$1 · baño,$1 · bain,$1 · Bad,"uk-колонка = regex, що матчить зібраний uk-рядок; $1..$4 — плейсхолдери"
pattern,p24,^(.+) · душ$,$1 · ducha,$1 · douche,$1 · Dusche,"uk-колонка = regex, що матчить зібраний uk-рядок; $1..$4 — плейсхолдери"
pattern,p25,^версія (.+)$,versión $1,version $1,Version $1,"uk-колонка = regex, що матчить зібраний uk-рядок; $1..$4 — плейсхолдери"
pattern,p26,^рів (\d+)$,Niv$1,Niv$1,Lvl$1,"uk-колонка = regex, що матчить зібраний uk-рядок; $1..$4 — плейсхолдери"
pattern,p27,^р\.(\d+)$,Niv$1,Niv$1,Lvl$1,"uk-колонка = regex, що матчить зібраний uk-рядок; $1..$4 — плейсхолдери"
pattern,p28,^(.+) завершено$,$1 completado,$1 terminé,$1 abgeschlossen,"uk-колонка = regex, що матчить зібраний uk-рядок; $1..$4 — плейсхолдери"
pattern,p29,^днів до (\d+) рівня$,días para el nivel $1,jours jusqu'au niveau $1,Tage bis Level $1,"uk-колонка = regex, що матчить зібраний uk-рядок; $1..$4 — плейсхолдери"
pattern,p30,^(.+): (\d+) дн без зривів$,$1: $2 días sin recaídas,$1 : $2 jours sans rechute,$1: $2 Tage sauber,"uk-колонка = regex, що матчить зібраний uk-рядок; $1..$4 — плейсхолдери"
pattern,p31,^(.+): (\d+) сесій$,$1: $2 sesiones,$1 : $2 séances,$1: $2 Sitzungen,"uk-колонка = regex, що матчить зібраний uk-рядок; $1..$4 — плейсхолдери"
pattern,p32,^(.+): (\d+) хв практики$,$1: $2 min de práctica,$1 : $2 min de pratique,$1: $2 Min Praxis,"uk-колонка = regex, що матчить зібраний uk-рядок; $1..$4 — плейсхолдери"
pattern,p33,^(\d+) дн практики поспіль$,$1 días de práctica seguidos,$1 jours de pratique d'affilée,$1 Tage Praxis am Stück,"uk-колонка = regex, що матчить зібраний uk-рядок; $1..$4 — плейсхолдери"
pattern,p34,^Прочитати (\d+) книг$,Leer $1 libros,Lire $1 livres,$1 Bücher lesen,"uk-колонка = regex, що матчить зібраний uk-рядок; $1..$4 — плейсхолдери"
pattern,p35,^Досягти (\d+) рівня$,Alcanzar el nivel $1,Atteindre le niveau $1,Level $1 erreichen,"uk-колонка = regex, що матчить зібраний uk-рядок; $1..$4 — плейсхолдери"
pattern,p36,^(\d+) / (\d+) (.+) · (\d+)%$,$1 / $2 $3 · $4%,$1 / $2 $3 · $4 %,$1 / $2 $3 · $4 %,"uk-колонка = regex, що матчить зібраний uk-рядок; $1..$4 — плейсхолдери"
pattern,p37,^(\d+)/(\d+) (.+)$,$1/$2 $3,$1/$2 $3,$1/$2 $3,"uk-колонка = regex, що матчить зібраний uk-рядок; $1..$4 — плейсхолдери"
pattern,p38,^Ще (\d+) ›$,$1 más ›,$1 de plus ›,$1 weitere ›,"uk-колонка = regex, що матчить зібраний uk-рядок; $1..$4 — плейсхолдери"
pattern,p39,^ще (\d+) ›$,$1 más ›,$1 de plus ›,$1 weitere ›,"uk-колонка = regex, що матчить зібраний uk-рядок; $1..$4 — плейсхолдери"
pattern,p40,^Перенеси увагу на (.+)$,Lleva la atención a $1,Porte ton attention sur $1,Richte deine Aufmerksamkeit auf $1,"uk-колонка = regex, що матчить зібраний uk-рядок; $1..$4 — плейсхолдери"
pattern,p41,^Твій клас: (.+)$,Tu clase: $1,Ta classe : $1,Deine Klasse: $1,"uk-колонка = regex, що матчить зібраний uk-рядок; $1..$4 — плейсхолдери"
pattern,p42,^Крок (\d+)$,Paso $1,Étape $1,Schritt $1,"uk-колонка = regex, що матчить зібраний uk-рядок; $1..$4 — плейсхолдери"
pattern,p43,^Крок (\d+) / (\d+)$,Paso $1 / $2,Étape $1 / $2,Schritt $1 / $2,"uk-колонка = regex, що матчить зібраний uk-рядок; $1..$4 — плейсхолдери"
pattern,p44,^Крок (\d+)/(\d+)$,Paso $1/$2,Étape $1/$2,Schritt $1/$2,"uk-колонка = regex, що матчить зібраний uk-рядок; $1..$4 — плейсхолдери"
pattern,p45,^Видалити розмову «(.+)»\?$,¿Eliminar la conversación «$1»?,Supprimer la conversation « $1 » ?,Chat „$1“ löschen?,"uk-колонка = regex, що матчить зібраний uk-рядок; $1..$4 — плейсхолдери"
pattern,p46,^Видалити «(.+)»\?$,¿Eliminar «$1»?,Supprimer « $1 » ?,„$1“ löschen?,"uk-колонка = regex, що матчить зібраний uk-рядок; $1..$4 — плейсхолдери"
pattern,p47,^Повільно повторюй подумки: «(.+)» Відчуй це у тілі\.$,Repite despacio para ti: «$1» Siéntelo en tu cuerpo.,Répète lentement pour toi : « $1 » Sens-le dans ton corps.,Wiederhole langsam für dich: „$1“ Spüre es in deinem Körper.,"uk-колонка = regex, що матчить зібраний uk-рядок; $1..$4 — плейсхолдери"
pattern,p48,^Всього: (.+) л · Днів з водою: (\d+)$,Total: $1 l · Días con agua: $2,Total : $1 l · Jours avec eau : $2,Gesamt: $1 l · Tage mit Wasser: $2,"uk-колонка = regex, що матчить зібраний uk-рядок; $1..$4 — плейсхолдери"
pattern,p49,"^Зараз: найдовша серія — (\d+) дн, це (\d+) рівень\. До (\d+) рівня — ще (\d+) дн поспіль\.$","Ahora: racha más larga — $1 d, es el nivel $2. Para el nivel $3 — $4 días más seguidos.","Maintenant : plus longue série — $1 j, c'est le niveau $2. Pour le niveau $3 — encore $4 jours d'affilée.","Jetzt: längste Serie — $1 T, das ist Level $2. Bis Level $3 — noch $4 Tage am Stück.","uk-колонка = regex, що матчить зібраний uk-рядок; $1..$4 — плейсхолдери"
pattern,p50,"^Зараз: найдовша серія — (\d+) дн, це (\d+) рівень\.$","Ahora: racha más larga — $1 d, es el nivel $2.","Maintenant : plus longue série — $1 j, c'est le niveau $2.","Jetzt: längste Serie — $1 T, das ist Level $2.","uk-колонка = regex, що матчить зібраний uk-рядок; $1..$4 — плейсхолдери"
pattern,p51,^Твій результат: (\d+)/(\d+) дн$,Tu resultado: $1/$2 días,Ton résultat : $1/$2 jours,Dein Ergebnis: $1/$2 Tage,"uk-колонка = regex, що матчить зібраний uk-рядок; $1..$4 — плейсхолдери"
pattern,p52,^Хвилин практики: (\d+) · Сесій: (\d+)$,Minutos de práctica: $1 · Sesiones: $2,Minutes de pratique : $1 · Séances : $2,Praxisminuten: $1 · Sitzungen: $2,"uk-колонка = regex, що матчить зібраний uk-рядок; $1..$4 — плейсхолдери"
pattern,p53,^Середня оцінка: (.+) · Оцінених днів: (\d+)$,Valoración media: $1 · Días valorados: $2,Note moyenne : $1 · Jours notés : $2,Durchschnittsbewertung: $1 · Bewertete Tage: $2,"uk-колонка = regex, що матчить зібраний uk-рядок; $1..$4 — плейсхолдери"
pattern,p54,^Період: (.+) – (.+)$,Período: $1 – $2,Période : $1 – $2,Zeitraum: $1 – $2,"uk-колонка = regex, що матчить зібраний uk-рядок; $1..$4 — плейсхолдери"
pattern,p55,^Спільнота · (.+)$,Comunidad · $1,Communauté · $1,Gemeinschaft · $1,"uk-колонка = regex, що матчить зібраний uk-рядок; $1..$4 — плейсхолдери"
pattern,p56,^Відмітити: (.+)$,Marcar: $1,Marquer : $1,Markieren: $1,"uk-колонка = regex, що матчить зібраний uk-рядок; $1..$4 — плейсхолдери"
pattern,p57,^Записано: (.+) • (\d+) хв$,Registrado: $1 • $2 min,Enregistré : $1 • $2 min,Erfasst: $1 • $2 Min,"uk-колонка = regex, що матчить зібраний uk-рядок; $1..$4 — плейсхолдери"
pattern,p58,^Обміняти на «(.+)» за (\d+) балів\?$,¿Canjear por «$1» por $2 puntos?,Échanger contre « $1 » pour $2 points ?,Gegen „$1“ für $2 Punkte eintauschen?,"uk-колонка = regex, що матчить зібраний uk-рядок; $1..$4 — плейсхолдери"
pattern,p59,^Раунд (\d+)$,Ronda $1,Tour $1,Runde $1,"uk-колонка = regex, що матчить зібраний uk-рядок; $1..$4 — плейсхолдери"
pattern,p60,^Час читання «(.+)»$,Tiempo de lectura «$1»,Temps de lecture « $1 »,Lesezeit „$1“,"uk-колонка = regex, що матчить зібраний uk-рядок; $1..$4 — плейсхолдери"
pattern,p61,^\+(\d+) хв у Знання$,+$1 min a Conocimiento,+$1 min à Savoir,+$1 Min zu Wissen,"uk-колонка = regex, що матчить зібраний uk-рядок; $1..$4 — плейсхолдери"
gemini-langdir,__rsLangDir,українською,іспанською (español),французькою (français),німецькою (Deutsch),"мовні мітки для префікса контексту до Gemini (__rsLangDir: ""Відповідай мовою: <name>.""); НЕ показується користувачу"
rsT,rsT#1,прострочено,vencido,en retard,überfällig,
rsT,rsT#2,сьогодні дедлайн,vence hoy,échéance aujourd'hui,heute fällig,
rsT,rsT#3,"""ще ""+diff+"" дн""","""quedan ""+diff+"" d""","""encore ""+diff+"" j""","""noch ""+diff+"" T""",
privacy,priv@307930,Оновлено: 21 серпня 2026,Actualizado: 21 de agosto de 2026,Mis à jour : 21 août 2026,Aktualisiert: 21. August 2026,Політика приватності
privacy,priv@308179,Коротко,En resumen,En bref,Kurz gesagt,Політика приватності
privacy,priv@308284,"Resonance — застосунок для практик і відстеження власного прогресу. Ми збираємо лише те, що потрібно, щоб застосунок працював для тебе, і ніколи не продаємо твої дані.","Resonance es una app para practicar y seguir tu propio progreso. Recopilamos solo lo que la app necesita para funcionar para ti, y nunca vendemos tus datos.","Resonance est une application pour pratiquer et suivre ta propre progression. Nous ne collectons que ce dont l'application a besoin pour fonctionner pour toi, et nous ne vendons jamais tes données.","Resonance ist eine App für Praktiken und das Verfolgen deines eigenen Fortschritts. Wir erfassen nur, was die App braucht, um für dich zu funktionieren, und verkaufen deine Daten niemals.",Політика приватності
privacy,priv@309512,Які дані ми зберігаємо,Qué datos guardamos,Quelles données nous stockons,Welche Daten wir speichern,Політика приватності
privacy,priv@309718,"Твою пошту (для входу), профіль (імʼя, а за бажанням — вік, стать, зріст, вагу тощо) і твою активність у застосунку: практики, звички, цілі, оцінки днів, книги, воду, нагадування та розмови з наставником.","Tu correo (para iniciar sesión), tu perfil (nombre y, opcionalmente, edad, sexo, altura, peso, etc.) y tu actividad en la app: prácticas, hábitos, objetivos, valoraciones de los días, libros, agua, recordatorios y conversaciones con el mentor.","Ton e-mail (pour la connexion), ton profil (prénom et, en option, âge, sexe, taille, poids, etc.) et ton activité dans l'application : pratiques, habitudes, objectifs, notes des jours, livres, eau, rappels et conversations avec le mentor.","Deine E-Mail (zum Anmelden), dein Profil (Name und optional Alter, Geschlecht, Größe, Gewicht usw.) und deine Aktivität in der App: Praktiken, Gewohnheiten, Ziele, Tagesbewertungen, Bücher, Wasser, Erinnerungen und Gespräche mit dem Mentor.",Політика приватності
privacy,priv@311315,Наставник і штучний інтелект,El mentor y la IA,Le mentor et l'IA,Der Mentor und die KI,Політика приватності
privacy,priv@311526,"Коли ти спілкуєшся з наставником, текст твого повідомлення й короткий контекст твого профілю надсилаються до Google Gemini, щоб згенерувати відповідь. Не пиши туди чутливих персональних чи медичних даних.","Cuando hablas con el mentor, el texto de tu mensaje y un breve resumen de tu perfil se envían a Google Gemini para generar una respuesta. No escribas ahí datos personales ni médicos sensibles.","Quand tu échanges avec le mentor, le texte de ton message et un court résumé de ton profil sont envoyés à Google Gemini pour générer une réponse. N'y saisis pas de données personnelles ou médicales sensibles.","Wenn du mit dem Mentor chattest, werden der Text deiner Nachricht und eine kurze Zusammenfassung deines Profils an Google Gemini gesendet, um eine Antwort zu erzeugen. Gib dort keine sensiblen persönlichen oder medizinischen Daten ein.",Політика приватності
privacy,priv@312992,Кому ми передаємо дані,Con quién compartimos los datos,Avec qui nous partageons les données,Mit wem wir Daten teilen,Політика приватності
privacy,priv@313218,"Нікому для реклами чи продажу. Дані обробляють лише постачальники, потрібні для роботи застосунку: Supabase (база даних і вхід), Google (наставник), Resend (листи-нагадування) та Umami (анонімна аналітика).","Con nadie con fines publicitarios o de venta. Los datos solo los procesan los proveedores necesarios para que la app funcione: Supabase (base de datos e inicio de sesión), Google (el mentor), Resend (correos de recordatorio) y Umami (analítica anónima).","Avec personne à des fins publicitaires ou de vente. Les données ne sont traitées que par les prestataires nécessaires au fonctionnement de l'application : Supabase (base de données et connexion), Google (le mentor), Resend (e-mails de rappel) et Umami (analytique anonyme).","Mit niemandem zu Werbe- oder Verkaufszwecken. Daten werden nur von den Anbietern verarbeitet, die die App zum Betrieb braucht: Supabase (Datenbank und Anmeldung), Google (der Mentor), Resend (Erinnerungs-E-Mails) und Umami (anonyme Analyse).",Політика приватності
privacy,priv@314883,Аналітика,Analítica,Analytique,Analyse,Політика приватності
privacy,priv@314991,"Ми використовуємо Umami — приватну аналітику без кукі та без персональних даних. Вона показує лише знеособлену статистику (перегляди, країна, тип пристрою), яку неможливо повʼязати з тобою.","Usamos Umami, una analítica respetuosa con la privacidad, sin cookies ni datos personales. Solo muestra estadísticas anónimas (visitas, país, tipo de dispositivo) que no se pueden vincular contigo.","Nous utilisons Umami — une analytique respectueuse de la vie privée, sans cookies ni données personnelles. Elle n'affiche que des statistiques anonymes (pages vues, pays, type d'appareil) qui ne peuvent pas être reliées à toi.","Wir verwenden Umami — eine datenschutzfreundliche Analyse ohne Cookies und ohne personenbezogene Daten. Sie zeigt nur anonyme Statistiken (Seitenaufrufe, Land, Gerätetyp), die nicht mit dir verknüpft werden können.",Політика приватності
privacy,priv@316435,Зберігання й захист,Almacenamiento y seguridad,Stockage et sécurité,Speicherung und Sicherheit,Політика приватності
privacy,priv@316640,Дані зберігаються в захищеній базі з розмежуванням доступу на рівні рядків — кожен користувач бачить лише власні записи.,Los datos se guardan en una base de datos segura con control de acceso a nivel de fila: cada usuario solo ve sus propios registros.,Les données sont stockées dans une base de données sécurisée avec un contrôle d'accès au niveau des lignes — chaque utilisateur ne voit que ses propres enregistrements.,Die Daten werden in einer sicheren Datenbank mit Zugriffskontrolle auf Zeilenebene gespeichert — jeder Nutzer sieht nur seine eigenen Einträge.,Політика приватності
privacy,priv@317611,Твої права,Tus derechos,Tes droits,Deine Rechte,Політика приватності
privacy,priv@317733,"Ти будь-коли можеш переглянути, експортувати у файл JSON або повністю видалити свій акаунт і всі дані — прямо в Налаштуваннях, у розділі «Дані та акаунт».","En cualquier momento puedes ver, exportar a un archivo JSON o eliminar por completo tu cuenta y todos los datos, directamente en Ajustes, en la sección «Datos y cuenta».","À tout moment, tu peux consulter, exporter vers un fichier JSON ou supprimer entièrement ton compte et toutes les données — directement dans les Paramètres, sous « Données et compte ».","Du kannst jederzeit dein Konto und alle Daten einsehen, in eine JSON-Datei exportieren oder vollständig löschen — direkt in den Einstellungen unter „Daten und Konto“.",Політика приватності
privacy,priv@318921,Скільки зберігаємо,Cuánto tiempo los conservamos,Combien de temps nous les conservons,Wie lange wir sie aufbewahren,Політика приватності
privacy,priv@319135,"Ми зберігаємо дані, поки існує твій акаунт. Після видалення акаунта вони стираються без можливості відновлення.","Conservamos tus datos mientras exista tu cuenta. Tras eliminar la cuenta, se borran sin posibilidad de recuperación.","Nous conservons tes données tant que ton compte existe. Après la suppression de ton compte, elles sont effacées sans possibilité de récupération.","Wir bewahren deine Daten auf, solange dein Konto besteht. Nach dem Löschen des Kontos werden sie unwiederbringlich gelöscht.",Політика приватності
privacy,priv@320035,Контакт,Contacto,Contact,Kontakt,Політика приватності
privacy,priv@320131,Питання щодо приватності: pavlozhyhalov@gmail.com,Preguntas sobre privacidad: pavlozhyhalov@gmail.com,Questions sur la confidentialité : pavlozhyhalov@gmail.com,Fragen zum Datenschutz: pavlozhyhalov@gmail.com,Політика приватності
rsT,rsT#4,Політика приватності,Política de privacidad,Politique de confidentialité,Datenschutzrichtlinie,
rsT,rsT#5,Налаштування,Ajustes,Paramètres,Einstellungen,
rsT,rsT#6,Готую…,Preparando…,Préparation…,Vorbereiten…,
rsT,rsT#7,Дані експортовано.,Datos exportados.,Données exportées.,Daten exportiert.,
rsT,rsT#8,Не вдалося експортувати.,No se pudo exportar.,Échec de l'export.,Export fehlgeschlagen.,
rsT,rsT#9,Видалити акаунт і ВСІ дані назавжди? Цю дію не можна скасувати.,¿Eliminar tu cuenta y TODOS los datos para siempre? Esta acción no se puede deshacer.,Supprimer ton compte et TOUTES les données définitivement ? Cette action est irréversible.,Dein Konto und ALLE Daten dauerhaft löschen? Das kann nicht rückgängig gemacht werden.,
rsT,rsT#10,Видалити назавжди,Eliminar para siempre,Supprimer définitivement,Für immer löschen,
rsT,rsT#11,Акаунт видалено.,Cuenta eliminada.,Compte supprimé.,Konto gelöscht.,
rsT,rsT#12,Не вдалося видалити. Спробуй ще раз.,No se pudo eliminar. Inténtalo de nuevo.,Échec de la suppression. Réessaie.,Löschen fehlgeschlagen. Bitte versuche es erneut.,
rsT,rsT#13,Не вдалося видалити. Спробуй ще раз.,No se pudo eliminar. Inténtalo de nuevo.,Échec de la suppression. Réessaie.,Löschen fehlgeschlagen. Bitte versuche es erneut.,
rsT,rsT#14,Дані та акаунт,Datos y cuenta,Données et compte,Daten und Konto,
rsT,rsT#15,Експортувати мої дані,Exportar mis datos,Exporter mes données,Meine Daten exportieren,
rsT,rsT#16,Видалити акаунт,Eliminar cuenta,Supprimer le compte,Konto löschen,
rsT,rsT#17,Слухати в:,Escuchar en:,Écouter sur :,Anhören auf:,
rsT,rsT#18,Слухати,Escuchar,Écouter,Anhören,
rsT,rsT#19,Власна вправа,Tu ejercicio,Ton exercice,Deine Übung,
exercise,ex@367572,Біг,Correr,Course à pied,Laufen,картка вправи (кардіо/силові)
exercise,ex@367666,"Витривалість, серце","Resistencia, corazón","Endurance, cœur","Ausdauer, Herz",картка вправи (кардіо/силові)
exercise,ex@367842,"Біг у комфортному темпі. Розігрійся, дихай рівномірно й тримай темп, який можеш підтримувати. Таймер рахує час у русі.","Corre a un ritmo cómodo. Calienta, respira de forma uniforme y mantén un ritmo que puedas sostener. El temporizador cuenta tu tiempo en movimiento.","Cours à un rythme confortable. Échauffe-toi, respire régulièrement et tiens une allure soutenable. Le minuteur compte ton temps en mouvement.","Lauf in einem angenehmen Tempo. Wärm dich auf, atme gleichmäßig und halte ein Tempo, das du durchhalten kannst. Der Timer zählt deine Zeit in Bewegung.",картка вправи (кардіо/силові)
exercise,ex@368821,Витривалість серця,Resistencia cardíaca,Endurance cardiaque,Herzausdauer,картка вправи (кардіо/силові)
exercise,ex@368986,Спалювання калорій,Quema de calorías,Combustion des calories,Kalorienverbrennung,картка вправи (кардіо/силові)
exercise,ex@369151,Настрій і енергія,Ánimo y energía,Humeur et énergie,Stimmung und Energie,картка вправи (кардіо/силові)
exercise,ex@369344,Скакалка,Comba,Corde à sauter,Seilspringen,картка вправи (кардіо/силові)
exercise,ex@369460,"Координація, кардіо","Coordinación, cardio","Coordination, cardio","Koordination, Cardio",картка вправи (кардіо/силові)
exercise,ex@369650,"Стрибки на скакалці. Мʼякі приземлення на носки, лікті близько до тіла. Роби інтервалами, якщо важко безперервно.","Saltar a la comba. Aterrizajes suaves sobre la punta de los pies, codos cerca del cuerpo. Trabaja por intervalos si el continuo es difícil.","Sauter à la corde. Atterrissages souples sur l'avant du pied, coudes près du corps. Travaille par intervalles si le continu est trop dur.","Seilspringen. Weiche Landungen auf dem Fußballen, Ellbogen nah am Körper. Arbeite in Intervallen, wenn durchgehend zu schwer ist.",картка вправи (кардіо/силові)
exercise,ex@370579,Координація,Coordinación,Coordination,Koordination,картка вправи (кардіо/силові)
exercise,ex@370704,Кардіо-витривалість,Resistencia cardiovascular,Endurance cardio,Cardio-Ausdauer,картка вправи (кардіо/силові)
exercise,ex@370877,Легкість ніг,Ligereza de pies,Jeu de jambes léger,Leichtfüßigkeit,картка вправи (кардіо/силові)
exercise,ex@371047,Велосипед,Ciclismo,Vélo,Radfahren,картка вправи (кардіо/силові)
exercise,ex@371150,"Сила ніг, витривалість","Fuerza de piernas, resistencia","Force des jambes, endurance","Beinkraft, Ausdauer",картка вправи (кардіо/силові)
exercise,ex@371365,"Їзда на велосипеді або велотренажері. Тримай рівномірний темп, спину — нейтрально. Час у русі йде в навичку.",Montar en bici o en bici estática. Mantén una cadencia uniforme y la espalda neutra. El tiempo en movimiento nutre tu habilidad.,Faire du vélo ou du vélo d'appartement. Garde une cadence régulière et le dos neutre. Le temps en mouvement nourrit ta compétence.,Fahrrad oder Heimtrainer fahren. Halte eine gleichmäßige Trittfrequenz und einen neutralen Rücken. Die Zeit in Bewegung speist deine Fähigkeit.,картка вправи (кардіо/силові)
exercise,ex@372260,Сила ніг,Fuerza de piernas,Force des jambes,Beinkraft,картка вправи (кардіо/силові)
exercise,ex@372382,Витривалість,Resistencia,Endurance,Ausdauer,картка вправи (кардіо/силові)
exercise,ex@372499,Береже суглоби,Cuida las articulaciones,Ménage les articulations,Gelenkschonend,картка вправи (кардіо/силові)
exercise,ex@372684,HIIT інтервали,Intervalos HIIT,Intervalles HIIT,HIIT-Intervalle,картка вправи (кардіо/силові)
exercise,ex@372838,"Інтенсивно, коротко","Intenso, corto","Intense, court","Intensiv, kurz",картка вправи (кардіо/силові)
exercise,ex@373004,Чергуй короткі вибухові інтервали з відпочинком (напр. 30 с робота / 30 с пауза). Слідкуй за технікою навіть у втомі.,Alterna intervalos cortos a tope con descanso (p. ej. 30 s de trabajo / 30 s de pausa). Cuida la técnica incluso cansado.,Alterne des intervalles courts à fond avec du repos (p. ex. 30 s d'effort / 30 s de pause). Garde une technique propre même fatigué.,Wechsle kurze Vollgas-Intervalle mit Pausen ab (z. B. 30 s Belastung / 30 s Pause). Achte auch bei Müdigkeit auf saubere Technik.,картка вправи (кардіо/силові)
exercise,ex@373902,Швидкий метаболізм,Metabolismo más rápido,Métabolisme plus rapide,Schnellerer Stoffwechsel,картка вправи (кардіо/силові)
exercise,ex@374086,Витривалість,Resistencia,Endurance,Ausdauer,картка вправи (кардіо/силові)
exercise,ex@374203,Ефективно за короткий час,Eficaz en poco tiempo,Efficace en peu de temps,Effizient in kurzer Zeit,картка вправи (кардіо/силові)
exercise,ex@374444,Швидка хода,Caminata rápida,Marche rapide,Zügiges Gehen,картка вправи (кардіо/силові)
exercise,ex@374584,Мʼяке кардіо,Cardio suave,Cardio doux,Sanftes Cardio,картка вправи (кардіо/силові)
exercise,ex@374726,"Швидка хода на свіжому повітрі чи на доріжці. Активний крок, рівне дихання. Простий спосіб набрати кардіо-час.","Una caminata rápida al aire libre o en cinta. Paso activo, respiración uniforme. Una forma sencilla de acumular tiempo de cardio.","Une marche rapide en plein air ou sur tapis. Pas actif, respiration régulière. Un moyen simple d'accumuler du temps de cardio.","Ein zügiger Spaziergang draußen oder auf dem Laufband. Aktiver Schritt, gleichmäßiges Atmen. Ein einfacher Weg, Cardio-Zeit zu sammeln.",картка вправи (кардіо/силові)
exercise,ex@375613,Мʼяке кардіо,Cardio suave,Cardio doux,Sanftes Cardio,картка вправи (кардіо/силові)
exercise,ex@375746,Ясність голови,Cabeza despejada,Esprit clair,Klarer Kopf,картка вправи (кардіо/силові)
exercise,ex@375883,Доступно щодня,Posible cada día,Faisable chaque jour,Jeden Tag machbar,картка вправи (кардіо/силові)
exercise,ex@376098,Віджимання,Flexiones,Pompes,Liegestütze,картка вправи (кардіо/силові)
exercise,ex@376209,"Груди, руки, кор","Pecho, brazos, core","Poitrine, bras, tronc","Brust, Arme, Rumpf",картка вправи (кардіо/силові)
exercise,ex@376389,"Віджимання від підлоги. Тіло пряме, лікті під ~45°, опускайся до кута 90° у ліктях. Роби підходами до відмови техніки.","Flexiones en el suelo. Cuerpo recto, codos a ~45°, baja hasta 90° en los codos. Haz series hasta que falle la técnica.","Pompes au sol. Corps droit, coudes à ~45°, descends jusqu'à 90° aux coudes. Fais des séries jusqu'à la rupture de la technique.","Liegestütze am Boden. Körper gerade, Ellbogen bei ~45°, senke bis 90° in den Ellbogen. Mach Sätze bis zum Techniklimit.",картка вправи (кардіо/силові)
exercise,ex@377273,Груди й трицепс,Pecho y tríceps,Poitrine et triceps,Brust und Trizeps,картка вправи (кардіо/силові)
exercise,ex@377431,Сила кора,Fuerza del core,Force du tronc,Rumpfkraft,картка вправи (кардіо/силові)
exercise,ex@377557,Скрізь без інвентарю,"En cualquier lugar, sin equipo","Partout, sans matériel","Überall, ohne Ausrüstung",картка вправи (кардіо/силові)
exercise,ex@377780,Присідання,Sentadillas,Squats,Kniebeugen,картка вправи (кардіо/силові)
exercise,ex@377894,Ноги й сідниці,Piernas y glúteos,Jambes et fessiers,Beine und Gesäß,картка вправи (кардіо/силові)
exercise,ex@378055,"Присідання з власною вагою. Стопи на ширині плечей, коліна за напрямком носків, спина нейтральна. Глибина — до комфорту.","Sentadillas con el peso corporal. Pies a la anchura de los hombros, rodillas siguiendo la punta de los pies, espalda neutra. Baja hasta donde sea cómodo.","Squats au poids du corps. Pieds largeur d'épaules, genoux dans l'axe des pieds, dos neutre. Descends autant que c'est confortable.","Kniebeugen mit dem eigenen Körpergewicht. Füße schulterbreit, Knie über den Zehen, neutraler Rücken. So tief, wie es angenehm ist.",картка вправи (кардіо/силові)
exercise,ex@378987,Сила ніг і сідниць,Fuerza de piernas y glúteos,Force des jambes et des fessiers,Bein- und Gesäßkraft,картка вправи (кардіо/силові)
exercise,ex@379187,Рухливість,Movilidad,Mobilité,Mobilität,картка вправи (кардіо/силові)
exercise,ex@379295,База для всього тіла,Base para todo el cuerpo,Base pour tout le corps,Basis für den ganzen Körper,картка вправи (кардіо/силові)
exercise,ex@379514,Підтягування,Dominadas,Tractions,Klimmzüge,картка вправи (кардіо/силові)
exercise,ex@379636,"Спина, хват","Espalda, agarre","Dos, préhension","Rücken, Griff",картка вправи (кардіо/силові)
exercise,ex@379776,"Підтягування на перекладині. Повний хват, плечі активні, тягнись грудьми до перекладини. Роби негативи, якщо повні ще важкі.","Dominadas en la barra. Agarre completo, hombros activos, tira del pecho hacia la barra. Haz negativas si las completas aún cuestan.","Tractions à la barre. Prise complète, épaules actives, tire la poitrine vers la barre. Fais des négatives si les complètes sont encore dures.","Klimmzüge an der Stange. Voller Griff, aktive Schultern, zieh die Brust zur Stange. Mach Negative, wenn volle noch schwer sind.",картка вправи (кардіо/силові)
exercise,ex@380720,Спина й біцепс,Espalda y bíceps,Dos et biceps,Rücken und Bizeps,картка вправи (кардіо/силові)
exercise,ex@380867,Сила хвата,Fuerza de agarre,Force de préhension,Griffkraft,картка вправи (кардіо/силові)
exercise,ex@381000,Функціональна сила,Fuerza funcional,Force fonctionnelle,Funktionelle Kraft,картка вправи (кардіо/силові)
exercise,ex@381196,Випади,Zancadas,Fentes,Ausfallschritte,картка вправи (кардіо/силові)
exercise,ex@381302,"Ноги, баланс","Piernas, equilibrio","Jambes, équilibre","Beine, Balance",картка вправи (кардіо/силові)
exercise,ex@381454,"Випади вперед або назад по черзі. Коліно передньої ноги над стопою, корпус вертикально. Чергуй ноги.","Zancadas hacia delante o atrás, alternando. Rodilla delantera sobre el pie, torso erguido. Cambia de pierna en cada repetición.","Fentes avant ou arrière, en alternance. Genou avant au-dessus du pied, torse droit. Change de jambe à chaque répétition.","Ausfallschritte vor oder zurück, im Wechsel. Vorderes Knie über dem Fuß, Oberkörper aufrecht. Wechsle bei jeder Wiederholung das Bein.",картка вправи (кардіо/силові)
exercise,ex@382293,Сила ніг,Fuerza de piernas,Force des jambes,Beinkraft,картка вправи (кардіо/силові)
exercise,ex@382415,Баланс,Equilibrio,Équilibre,Gleichgewicht,картка вправи (кардіо/силові)
exercise,ex@382516,Симетрія тіла,Simetría corporal,Symétrie du corps,Körpersymmetrie,картка вправи (кардіо/силові)
exercise,ex@382690,Робота з вагою,Trabajo con pesas,Travail avec charges,Arbeit mit Gewichten,картка вправи (кардіо/силові)
exercise,ex@382854,"Гантелі, гиря, штанга","Mancuernas, pesa rusa, barra","Haltères, kettlebell, barre","Kurzhanteln, Kettlebell, Langhantel",картка вправи (кардіо/силові)
exercise,ex@383092,"Вправи з гантелями, гирею чи штангою. Обери безпечну вагу, контролюй рух в обидві сторони. Техніка важливіша за вагу.","Ejercicios con mancuernas, pesa rusa o barra. Elige una carga segura, controla el movimiento en ambos sentidos. La técnica importa más que el peso.","Exercices avec haltères, kettlebell ou barre. Choisis une charge sûre, contrôle le mouvement dans les deux sens. La technique prime sur la charge.","Übungen mit Kurzhanteln, Kettlebell oder Langhantel. Wähle ein sicheres Gewicht, kontrolliere die Bewegung in beide Richtungen. Technik geht vor Gewicht.",картка вправи (кардіо/силові)
exercise,ex@384083,Ріст сили,Aumento de fuerza,Gains de force,Kraftzuwachs,картка вправи (кардіо/силові)
exercise,ex@384213,Щільність кісток,Densidad ósea,Densité osseuse,Knochendichte,картка вправи (кардіо/силові)
exercise,ex@384355,Прогрес під навантаженням,Sobrecarga progresiva,Surcharge progressive,Progressive Überlastung,картка вправи (кардіо/силові)
rsT,rsT#20,"Твоя вправа. Признач час, який на неї витрачаєш.",Tu ejercicio. Registra el tiempo que le dedicas.,Ton exercice. Enregistre le temps que tu y consacres.,"Deine Übung. Erfasse die Zeit, die du dafür aufwendest.",
rsT,rsT#21,Кардіо,Cardio,Cardio,Cardio,
rsT,rsT#22,← Кардіо,← Cardio,← Cardio,← Cardio,
rsT,rsT#23,"Таймер рахує час тренування. Зупини, коли завершиш.",El temporizador cuenta tu tiempo de entrenamiento. Detente cuando termines.,Le minuteur compte ton temps d'entraînement. Arrête quand tu as fini.,"Der Timer zählt deine Trainingszeit. Stoppe, wenn du fertig bist.",
rsT,rsT#24,Почати тренування,Empezar el entrenamiento,Commencer l'entraînement,Training beginnen,
rsT,rsT#25,Вперед,Adelante,C'est parti,Los,
rsT,rsT#26,завершено,hecho,terminé,fertig,
rsT,rsT#27,тренування,de entrenamiento,d'entraînement,Training,
rsT,rsT#28,До кардіо,Al cardio,Vers le cardio,Zum Cardio,
rsT,rsT#29,Силові,Fuerza,Force,Kraft,
rsT,rsT#30,← Силові,← Fuerza,← Force,← Kraft,
rsT,rsT#31,"Таймер рахує час тренування. Зупини, коли завершиш.",El temporizador cuenta tu tiempo de entrenamiento. Detente cuando termines.,Le minuteur compte ton temps d'entraînement. Arrête quand tu as fini.,"Der Timer zählt deine Trainingszeit. Stoppe, wenn du fertig bist.",
rsT,rsT#32,Почати підхід,Empezar la serie,Commencer la série,Satz beginnen,
rsT,rsT#33,Працюй,Trabaja,Travaille,Arbeite,
rsT,rsT#34,завершено,hecho,terminé,fertig,
rsT,rsT#35,тренування,de entrenamiento,d'entraînement,Training,
rsT,rsT#36,До силових,A la fuerza,Vers la force,Zur Kraft,
rsT,rsT#37,Додати свою вправу,Añadir tu propio ejercicio,Ajouter ton propre exercice,Eigene Übung hinzufügen,
rsT,rsT#38,Власна вправа,Tu ejercicio,Ton exercice,Deine Übung,
rsT,rsT#39,Тіло,Cuerpo,Corps,Körper,
rsT,rsT#40,Кардіо тренування,Entrenamiento de cardio,Entraînement cardio,Cardio-Training,
rsT,rsT#41,Обери вправу й познач час тренування.,Elige una actividad y registra tu tiempo de entrenamiento.,Choisis une activité et enregistre ton temps d'entraînement.,Wähle eine Aktivität und erfasse deine Trainingszeit.,
rsT,rsT#42,Тіло,Cuerpo,Corps,Körper,
rsT,rsT#43,Силові тренування,Entrenamiento de fuerza,Entraînement de force,Krafttraining,
rsT,rsT#44,Обери вправу й познач час тренування.,Elige una actividad y registra tu tiempo de entrenamiento.,Choisis une activité et enregistre ton temps d'entraînement.,Wähle eine Aktivität und erfasse deine Trainingszeit.,
rsT,rsT#45,Назва вправи,Nombre del ejercicio,Nom de l'exercice,Name der Übung,
rsT,rsT#46,Нова вправа,Nuevo ejercicio,Nouvel exercice,Neue Übung,
rsT,rsT#47,Скасувати,Cancelar,Annuler,Abbrechen,
rsT,rsT#48,Додати,Añadir,Ajouter,Hinzufügen,
rsT,rsT#49,Додано,Añadido,Ajouté,Hinzugefügt,
rsT,rsT#50,"""Видалити «""+title+""»?""","""¿Eliminar «""+title+""»?""","""Supprimer « ""+title+"" » ?""","""„""+title+""“ löschen?""",
rsT,rsT#51,Видалити,Eliminar,Supprimer,Löschen,
rsT,rsT#52,"Познач, скільки часу на це пішло.",Registra cuánto tiempo le dedicaste.,Enregistre le temps que tu y as consacré.,"Erfasse, wie viel Zeit du dafür aufgewendet hast.",
rsT,rsT#53,хв,min,min,Min,
rsT,rsT#54,Хвилини,Minutos,Minutes,Minuten,
rsT,rsT#55,Зберегти час,Guardar el tiempo,Enregistrer le temps,Zeit speichern,
rsT,rsT#56,Час тренування,Tiempo de entrenamiento,Temps d'entraînement,Trainingszeit,
rsT,rsT#57,Вкажи хвилини,Introduce los minutos,Saisis les minutes,Gib die Minuten ein,
rsT,rsT#58,Не вдалося зберегти,No se pudo guardar,Impossible d'enregistrer,Konnte nicht speichern,
rsT,rsT#59,Днів поспіль,Días seguidos,Jours d'affilée,Tage am Stück,
rsT,rsT#60,Успішних,Exitosos,Réussis,Erfolgreiche,
rsT,rsT#61,Зривів,Recaídas,Rechutes,Rückfälle,
rsT,rsT#62,Тримаєшся з ,Aguantando desde ,Tu tiens depuis ,Durchhalten seit ,
rsT,rsT#63,дн,d,j,T,
rsT,rsT#64,до ,a ,à ,bis ,
rsT,rsT#65,Зрив ✓,Recaída ✓,Rechute ✓,Rückfall ✓,
rsT,rsT#66,Зрив,Recaída,Rechute,Rückfall,
rsT,rsT#67,"Увійди, щоб зберігати",Inicia sesión para guardar,Connecte-toi pour enregistrer,"Melde dich an, um zu speichern",
rsT,rsT#68,"Увійди, щоб зберігати",Inicia sesión para guardar,Connecte-toi pour enregistrer,"Melde dich an, um zu speichern",
rsT,rsT#69,Ліміт оступів — зараховано зрив,Límite de deslices: contado como recaída,Limite d'écarts — compté comme rechute,Ausrutscher-Limit — als Rückfall gezählt,
rsT,rsT#70,"Увійди, щоб зберігати",Inicia sesión para guardar,Connecte-toi pour enregistrer,"Melde dich an, um zu speichern",
rsT,rsT#71,Оступ,Desliz,Écart,Ausrutscher,
rsT,rsT#72,Не збережено,No guardado,Non enregistré,Nicht gespeichert,
rsT,rsT#73,Ліміт до зриву,Límite antes de la recaída,Limite avant la rechute,Limit vor dem Rückfall,
rsT,rsT#74,вимкнено,desactivado,désactivé,aus,
rsT,rsT#75,у серії ,en la racha ,dans la série ,in Serie ,
rsT,rsT#76,"Увійди, щоб зберігати",Inicia sesión para guardar,Connecte-toi pour enregistrer,"Melde dich an, um zu speichern",
rsT,rsT#77,Останні 14 днів,Últimos 14 días,14 derniers jours,Letzte 14 Tage,
rsT,rsT#78,"Познач дні, коли був зрив або оступ. Решта — успішні.",Marca los días de recaída o desliz. El resto cuenta como exitoso.,Marque les jours de rechute ou d'écart. Le reste compte comme réussi.,Markiere die Tage mit Rückfall oder Ausrutscher. Der Rest zählt als erfolgreich.,
rsT,rsT#79,Зрив ✓,Recaída ✓,Rechute ✓,Rückfall ✓,
rsT,rsT#80,Зрив,Recaída,Rechute,Rückfall,
rsT,rsT#81,Оступ ✓,Desliz ✓,Écart ✓,Ausr. ✓,
rsT,rsT#82,Оступ,Desliz,Écart,Ausr.,
rsT,rsT#83,"Увійди, щоб зберігати",Inicia sesión para guardar,Connecte-toi pour enregistrer,"Melde dich an, um zu speichern",
rsT,rsT#84,Оступ +1,Desliz +1,Écart +1,Ausrutscher +1,
rsT,rsT#85,Ліміт оступів — зараховано зрив,Límite de deslices: contado como recaída,Limite d'écarts — compté comme rechute,Ausrutscher-Limit — als Rückfall gezählt,
rsT,rsT#86,"Увійди, щоб зберігати",Inicia sesión para guardar,Connecte-toi pour enregistrer,"Melde dich an, um zu speichern",
rsT,rsT#87,"Постав галочку, щоб прийняти Політику приватності.",Marca la casilla para aceptar la Política de privacidad.,Coche la case pour accepter la Politique de confidentialité.,"Aktiviere das Kästchen, um die Datenschutzrichtlinie zu akzeptieren.",
rsT,rsT#88,Політику приватності,la Política de privacidad,la Politique de confidentialité,die Datenschutzrichtlinie,
rsT,rsT#89,"Реєструючись, я приймаю ","Al registrarme, acepto ","En m'inscrivant, j'accepte ",Mit der Registrierung akzeptiere ich ,
gemini-directive,langDirective(es),,"Мова інтерфейсу користувача: es. Відповідай мовою: español (Spanish). Якщо користувач явно пише іншою мовою — відповідай його мовою. Пиши природно й грамотно цільовою мовою (правильні відмінки, рід і типографіка).",,,системна директива до Gemini (edge assistant v12); не показується користувачу
gemini-directive,langDirective(fr),,,"Мова інтерфейсу користувача: fr. Відповідай мовою: français (French). Якщо користувач явно пише іншою мовою — відповідай його мовою. Пиши природно й грамотно цільовою мовою (правильні відмінки, рід і типографіка).",,системна директива до Gemini (edge assistant v12); не показується користувачу
gemini-directive,langDirective(de),,,,"Мова інтерфейсу користувача: de. Відповідай мовою: Deutsch (German). Якщо користувач явно пише іншою мовою — відповідай його мовою. Пиши природно й грамотно цільовою мовою (правильні відмінки, рід і типографіка).",системна директива до Gemini (edge assistant v12); не показується користувачу
gemini-limitmsg,LIMIT_MSG,"Гарна в нас розмова 🌿 Продовжимо трохи згодом. А зараз — саме час для короткої практики чи паузи. Я буду тут, коли повернешся.",Buena conversación la nuestra 🌿 Sigamos un poco más tarde. Ahora es el momento perfecto para una práctica corta o una pausa. Estaré aquí cuando vuelvas.,"Belle conversation que la nôtre 🌿 Continuons un peu plus tard. Pour l'instant, c'est le moment idéal pour une courte pratique ou une pause. Je serai là à ton retour.","Ein gutes Gespräch, das wir führen 🌿 Setzen wir es etwas später fort. Jetzt ist der perfekte Moment für eine kurze Praxis oder eine Pause. Ich bin hier, wenn du zurückkommst.",доброзичливе повідомлення про rate-limit (показується користувачу в чаті наставника)
